flow_duration,packet_count,byte_count,packet_rate,byte_rate,packet_size_mean,packet_size_std,flow_iat_mean,flow_iat_std,syn_flag_count,ack_flag_count,down_up_ratio,protocol_encoded,dst_port_encoded,category,is_ddos
0.021176,3,0.0,141.66981488477518,0.0,0.0,0.0,0.010588,0.014970864771281584,0,0,2.0,6,1,benign,0
1e-06,2,0.0,2000000.0,0.0,0.0,0.0,1e-06,0.0,0,1,0.0,6,1,syn_flood,1
0.04484,4,424.0,89.20606601248885,9455.842997323818,92.0,76.68115805072324,0.014946666666666667,0.02588405594827312,0,0,1.0,17,1,benign,0
0.109075,4,1398.0,36.672014668805865,12816.86912674765,345.6,21.36117974270148,0.036358333333333326,0.06293204975474209,0,0,0.0,17,8,pulsed_mixed_flood,1
1e-06,2,2944.0,2000000.0,2944000000.0,1472.0,0.0,1e-06,0.0,0,0,0.0,17,3,dns_amplification,1
1e-06,2,31.0,2000000.0,31000000.0,20.666666666666664,17.8978583448784,1e-06,0.0,0,0,0.0,6,1,benign,0
102.690609,45,8480.0,0.4382094958653912,82.57814499863372,184.34782608695653,505.87891469056336,2.333877477272727,10.893612385615,0,1,0.0,6,1,benign,0
115.788791,63,4586.0,0.5440941170203599,39.60659715325985,71.65625,195.9871407143765,1.8675611451612903,3.8655284100604823,0,1,0.0,6,1,benign,0
0.216081,6,2088.0,27.767365015896814,9663.043025532092,344.1428571428572,33.61759743263722,0.043216199999999996,0.05920357814524389,0,0,0.0,17,8,pulsed_mixed_flood,1
117.241981,40,2606.0,0.3411747196595049,22.227532985816747,63.5609756097561,130.31865729443496,3.006204641025641,13.060825825176028,0,1,0.0,6,1,benign,0
1e-06,2,2896.0,2000000.0,2896000000.0,1448.0,0.0,1e-06,0.0,0,0,0.0,17,3,dns_amplification,1
1e-06,2,802.0,2000000.0,802000000.0,401.0,0.0,1e-06,0.0,0,0,0.0,17,8,pulsed_mixed_flood,1
0.000752,4,123.0,5319.148936170213,163563.82978723405,33.8,19.979989989987484,0.00025066666666666667,0.00042897125000789194,0,0,0.0,6,1,benign,0
0.020708,4,278.0,193.1620629708325,13424.763376472858,64.0,30.124740662784134,0.006902666666666666,0.01195143925781884,0,0,1.0,17,1,benign,0
0.000298,4,0.0,13422.818791946307,0.0,0.0,0.0,9.933333333333331e-05,9.608503178608692e-05,0,0,3.0,6,1,benign,0
1e-06,2,802.0,2000000.0,802000000.0,401.0,0.0,1e-06,0.0,0,0,0.0,17,8,pulsed_mixed_flood,1
0.064983,4,188.0,61.55456042349538,2893.064339904283,45.4,8.763560920082657,0.021661,0.037514488454462494,0,0,1.0,17,1,benign,0
6.2e-05,3,0.0,48387.096774193546,0.0,0.0,0.0,3.1e-05,4.1012193308819764e-05,0,0,2.0,6,1,benign,0
0.024897,2,0.0,80.33096356990802,0.0,0.0,0.0,0.024897,0.0,0,0,1.0,6,1,benign,0
0.020598,4,152.0,194.1936110301971,7379.35721914749,36.4,8.763560920082657,0.006866,0.011887064692345206,0,0,1.0,17,1,benign,0
1e-06,2,0.0,2000000.0,0.0,0.0,0.0,1e-06,0.0,0,1,0.0,6,0,udp_flood,1
1e-06,2,0.0,2000000.0,0.0,0.0,0.0,1e-06,0.0,0,1,0.0,6,0,udp_flood,1
1e-06,2,31.0,2000000.0,31000000.0,20.666666666666664,17.8978583448784,1e-06,0.0,0,0,0.0,6,1,benign,0
2e-06,2,2944.0,1000000.0,1472000000.0,1472.0,0.0,2e-06,0.0,0,0,0.0,17,3,dns_amplification,1
31.805587,6,0.0,0.1886461017053387,0.0,0.0,0.0,6.3611174,8.82017278536236,0,1,0.0,6,0,udp_flood,1
3e-06,2,0.0,666666.6666666665,0.0,0.0,0.0,3e-06,0.0,0,0,0.0,6,1,benign,0
0.020645,4,196.0,193.7515136837007,9493.824170501332,47.4,8.763560920082657,0.006881666666666666,0.011914200154997116,0,0,1.0,17,1,benign,0
0.020527,4,204.0,194.8652993618161,9938.130267452623,49.4,8.763560920082657,0.006842333333333334,0.011844340814639424,0,0,1.0,17,1,benign,0
0.020589,4,188.0,194.27849822720867,9131.08941667881,45.4,8.763560920082657,0.006863,0.011883600632804855,0,0,1.0,17,1,benign,0
2e-06,2,2944.0,1000000.0,1472000000.0,1472.0,0.0,2e-06,0.0,0,0,0.0,17,6,slowloris_low_rate,1
0.020613,4,132.0,194.0522970940669,6403.725804104207,31.4,8.763560920082657,0.006871,0.011894858931488004,0,0,1.0,17,1,benign,0
2e-06,2,750.0,1000000.0,375000000.0,375.0,0.0,2e-06,0.0,0,0,0.0,17,8,pulsed_mixed_flood,1
0.020531,4,208.0,194.8273342749988,10131.021382299936,50.4,8.763560920082657,0.006843666666666666,0.011849248260262476,0,0,1.0,17,1,benign,0
1e-06,2,0.0,2000000.0,0.0,0.0,0.0,1e-06,0.0,0,1,0.0,6,0,udp_flood,1
0.024608,4,188.0,162.5487646293888,7639.791937581274,45.4,8.763560920082657,0.008202666666666667,0.01420310530600028,0,0,1.0,17,1,benign,0
0.020568,4,356.0,194.4768572539868,17308.440295604825,78.2,59.15403621055794,0.006856,0.011869744184269516,0,0,1.0,17,1,benign,0
7.234341,10,0.0,1.382295913338893,0.0,0.0,0.0,0.8038156666666665,1.4381931324256312,0,1,4.0,6,1,benign,0
9.8e-05,3,0.0,30612.244897959183,0.0,0.0,0.0,4.9e-05,6.505382386916237e-05,0,0,2.0,6,1,http_get_flood,1
1e-06,2,2944.0,2000000.0,2944000000.0,1472.0,0.0,1e-06,0.0,0,0,0.0,17,3,dns_amplification,1
4.9e-05,2,2944.0,40816.32653061225,60081632.65306122,1472.0,0.0,4.9e-05,0.0,0,0,0.0,17,6,slowloris_low_rate,1
1e-06,2,2944.0,2000000.0,2944000000.0,1472.0,0.0,1e-06,0.0,0,0,0.0,17,3,dns_amplification,1
0.020629,4,192.0,193.90178874400115,9307.285859712056,46.4,8.763560920082657,0.006876333333333334,0.01190842665230522,0,0,1.0,17,1,benign,0
0.037966,5,76.0,131.6967813306643,2001.7910762260967,19.0,20.81345718519632,0.0094915,0.01888045964306307,0,0,0.0,6,1,benign,0
0.020654,4,320.0,193.6670862786869,15493.366902294956,70.4,52.58136552049595,0.006884666666666666,0.011919396307419824,0,0,1.0,17,1,benign,0
34.9964,4,0.0,0.1142974705969756,0.0,0.0,0.0,11.665466666666667,20.20518009464242,0,1,0.0,6,0,udp_flood,1
0.020532,4,160.0,194.8178453146308,7792.713812585232,38.4,8.763560920082657,0.006844,0.011848959574578691,0,0,1.0,17,1,benign,0
0.603331,29,14650.0,48.0664842350219,24281.86186355417,488.33333333333337,804.8073375502443,0.02154753571428571,0.042887739808569594,0,1,0.0,6,1,benign,0
7.2e-05,2,2944.0,27777.777777777777,40888888.88888889,1472.0,0.0,7.2e-05,0.0,0,0,0.0,17,6,slowloris_low_rate,1
0.000138,3,0.0,21739.130434782608,0.0,0.0,0.0,6.9e-05,9.616652224137044e-05,0,0,2.0,6,1,benign,0
1e-06,2,2944.0,2000000.0,2944000000.0,1472.0,0.0,1e-06,0.0,0,0,0.0,17,3,dns_amplification,1
54.129164,10,307.0,0.1847432929132251,5.671619092436013,32.09090909090909,21.082953044839545,6.014351555555556,18.019562168189335,0,0,0.0,6,1,benign,0
0.235645,29,9021.0,123.06647711600075,38282.16172632562,300.69999999999993,610.6157519682276,0.008415892857142856,0.020632486131124825,0,1,0.0,6,1,benign,0
0.000179,2,0.0,11173.1843575419,0.0,0.0,0.0,0.000179,0.0,0,0,1.0,6,1,http_get_flood,1
0.055762,4,188.0,71.73343854237653,3371.471611491697,45.4,8.763560920082657,0.018587333333333334,0.03219074160893677,0,0,1.0,17,1,benign,0
1e-06,2,2944.0,2000000.0,2944000000.0,1472.0,0.0,1e-06,0.0,0,0,0.0,17,3,dns_amplification,1
1e-06,2,0.0,2000000.0,0.0,0.0,0.0,1e-06,0.0,0,1,0.0,6,1,syn_flood,1
0.243435,53,21898.0,217.71725511943643,89954.19721897016,405.5185185185185,848.3187532984067,0.0046814423076923075,0.014947801625255091,0,1,0.0,6,1,benign,0
8e-05,2,0.0,25000.0,0.0,0.0,0.0,8e-05,0.0,0,1,0.0,6,1,syn_flood,1
1e-06,2,2944.0,2000000.0,2944000000.0,1472.0,0.0,1e-06,0.0,0,0,0.0,17,6,slowloris_low_rate,1
0.000117,3,0.0,25641.02564102564,0.0,0.0,0.0,5.85e-05,7.990306627407988e-05,0,0,2.0,6,1,http_get_flood,1
1e-06,2,0.0,2000000.0,0.0,0.0,0.0,1e-06,0.0,0,1,0.0,6,1,syn_flood,1
2e-06,2,694.0,1000000.0,347000000.0,347.0,0.0,2e-06,0.0,0,0,0.0,17,3,dns_amplification,1
2e-06,2,2896.0,1000000.0,1448000000.0,1448.0,0.0,2e-06,0.0,0,0,0.0,17,3,dns_amplification,1
0.000791,4,123.0,5056.890012642225,155499.3678887484,33.8,19.979989989987484,0.0002636666666666666,0.0004532210645295884,0,0,0.0,6,1,benign,0
1e-06,2,0.0,2000000.0,0.0,0.0,0.0,1e-06,0.0,0,1,0.0,6,0,udp_flood,1
1e-06,2,31.0,2000000.0,31000000.0,20.666666666666664,17.8978583448784,1e-06,0.0,0,0,0.0,6,1,benign,0
0.020598,4,256.0,194.1936110301971,12428.391105932616,58.8,28.48157299026864,0.006866,0.011887064692345206,0,0,1.0,17,1,benign,0
0.020831,4,286.0,192.02150640871776,13729.537708223324,64.6,37.79285646785646,0.006943666666666666,0.012021587305066389,0,0,1.0,17,1,benign,0
7.267973,10,0.0,1.3758994426644129,0.0,0.0,0.0,0.8075525555555555,1.4483606323508582,0,1,4.0,6,1,benign,0
0.020654,4,328.0,193.6670862786869,15880.701074852332,74.2,42.72235948540296,0.006884666666666666,0.011919396307419824,0,0,1.0,17,1,benign,0
0.054717,4,84.0,73.10342306778514,1535.171884423488,16.8,23.004347415216976,0.018239,0.031588276606994564,0,0,3.0,6,1,benign,0
1e-06,2,2928.0,2000000.0,2928000000.0,1464.0,0.0,1e-06,0.0,0,0,0.0,17,6,slowloris_low_rate,1
2e-06,2,2944.0,1000000.0,1472000000.0,1472.0,0.0,2e-06,0.0,0,0,0.0,17,3,dns_amplification,1
102.835455,18,0.0,0.1750369072612164,0.0,0.0,0.0,6.049144411764704,8.30828610365217,0,1,0.0,6,1,syn_flood,1
115.790407,59,2306.0,0.5095413474105847,19.915294019132343,38.43333333333333,147.7161004348666,1.9963863275862075,3.96733711596118,0,1,0.0,6,1,benign,0
0.020932,4,414.0,191.0949742021785,19778.329829925475,91.6,65.17898434311476,0.006977333333333334,0.012080765718005348,0,0,1.0,17,1,benign,0
1e-06,2,2944.0,2000000.0,2944000000.0,1472.0,0.0,1e-06,0.0,0,0,0.0,17,3,dns_amplification,1
0.314293,4,414.0,12.72697769278985,1317.2421912037496,91.6,65.17898434311476,0.10476433333333335,0.18145195200199235,0,0,1.0,17,1,benign,0
0.09251,2,0.0,21.619284401686308,0.0,0.0,0.0,0.09251,0.0,0,0,1.0,6,1,benign,0
0.072756,33,58400.0,453.5708395183904,802682.9402386056,1717.6470588235293,914.2874649843184,0.002273625,0.006716144423652222,0,0,10.0,6,1,benign,0
3e-06,2,0.0,666666.6666666665,0.0,0.0,0.0,3e-06,0.0,0,0,0.0,6,1,benign,0
0.000181,3,0.0,16574.585635359115,0.0,0.0,0.0,9.05e-05,0.00012374368670764582,0,0,2.0,6,1,benign,0
0.020862,4,438.0,191.73617102866456,20995.11072763877,98.0,62.9880941130941,0.006954,0.01204035119919681,0,0,1.0,17,1,benign,0
0.005832,12,4992.0,2057.61316872428,855967.0781893005,417.8461538461538,54.076868366314365,0.0005301818181818181,0.0017398957910278313,0,0,0.0,17,4,icmp_flood,1
1e-06,2,2896.0,2000000.0,2896000000.0,1448.0,0.0,1e-06,0.0,0,0,0.0,17,6,slowloris_low_rate,1
0.020558,4,218.0,194.5714563673509,10604.144372020624,49.8,25.74296020274281,0.006852666666666666,0.01186397068157762,0,0,1.0,17,1,benign,0
1e-06,2,0.0,2000000.0,0.0,0.0,0.0,1e-06,0.0,0,1,0.0,6,0,udp_flood,1
0.694977,9,702.0,12.950068851199395,1010.1053703935528,70.2,147.99459449588016,0.086872125,0.21240410998877826,0,1,0.0,6,1,benign,0
1e-06,2,31.0,2000000.0,31000000.0,20.666666666666664,17.8978583448784,1e-06,0.0,0,0,0.0,6,1,benign,0
0.045817,4,514.0,87.30383918632822,11218.543335443175,112.0,90.37422198835242,0.015272333333333332,0.0264481271611684,0,0,1.0,17,1,benign,0
103.007013,8,0.0,0.0776646149325774,0.0,0.0,0.0,14.71528757142857,18.937723875133305,0,0,0.0,17,1,benign,0
0.000495,5,154.0,10101.0101010101,311111.11111111107,33.333333333333336,17.90716802475106,0.00012375,0.0002435,0,0,0.0,6,1,benign,0
6.3e-05,3,0.0,47619.04761904762,0.0,0.0,0.0,3.15e-05,4.171930009000632e-05,0,0,0.0,6,1,benign,0
0.000183,2,0.0,10928.96174863388,0.0,0.0,0.0,0.000183,0.0,0,0,1.0,6,1,http_get_flood,1
0.001012,172,75680.0,169960.4743083004,74782608.69565217,440.0,0.0,5.918128654970762e-06,1.3600790158959749e-05,0,0,0.0,17,4,icmp_flood,1
0.107917,4,1438.0,37.065522577536434,13325.05536662435,353.6,32.3156308928048,0.03597233333333333,0.06230331092593182,0,0,0.0,17,0,udp_flood,1
2.2e-05,4,1760.0,181818.18181818185,80000000.0,440.0,0.0,7.333333333333334e-06,1.011599393699568e-05,0,0,0.0,17,4,icmp_flood,1
1e-06,2,31.0,2000000.0,31000000.0,20.666666666666664,17.8978583448784,1e-06,0.0,0,0,0.0,6,1,benign,0
1e-06,2,2944.0,2000000.0,2944000000.0,1472.0,0.0,1e-06,0.0,0,0,0.0,17,6,slowloris_low_rate,1
0.105145,2,0.0,19.02135146702173,0.0,0.0,0.0,0.105145,0.0,0,0,1.0,6,1,benign,0
1e-06,2,0.0,2000000.0,0.0,0.0,0.0,1e-06,0.0,0,1,0.0,6,1,syn_flood,1
0.020651,4,294.0,193.69522057043244,14236.598711926785,66.2,39.98374669787712,0.006883666666666666,0.011919396307419824,0,0,1.0,17,1,benign,0
1e-06,2,0.0,2000000.0,0.0,0.0,0.0,1e-06,0.0,0,1,0.0,6,1,syn_flood,1
0.000206,2,0.0,9708.737864077671,0.0,0.0,0.0,0.000206,0.0,0,0,1.0,6,1,http_get_flood,1
0.0002,54,23472.0,270000.0,117360000.0,434.7636363636364,27.204277738486773,3.773584905660377e-06,9.268726386315606e-06,0,0,0.0,17,4,icmp_flood,1
0.045052,4,180.0,88.78629139660835,3995.383112847376,41.8,17.527121840165314,0.015017333333333332,0.026005588175108313,0,0,1.0,17,1,benign,0
1e-06,2,0.0,2000000.0,0.0,0.0,0.0,1e-06,0.0,0,1,0.0,6,1,syn_flood,1
0.000858,94,41360.0,109557.10955710956,48205128.20512821,440.0,0.0,9.225806451612908e-06,2.187470697058794e-05,0,0,0.0,17,4,icmp_flood,1
2e-06,2,2944.0,1000000.0,1472000000.0,1472.0,0.0,2e-06,0.0,0,0,0.0,17,6,slowloris_low_rate,1
117.284863,24,3960.0,0.2046299870768489,33.763947867680066,224.67999999999995,540.5775245050427,5.099341869565219,16.838816760118092,0,0,1.0,6,1,benign,0
32.60415,8,0.0,0.2453675375680703,0.0,0.0,0.0,4.657735714285714,8.102806586555852,0,1,0.0,6,0,udp_flood,1
1e-06,2,0.0,2000000.0,0.0,0.0,0.0,1e-06,0.0,0,1,0.0,6,0,udp_flood,1
0.000218,3,0.0,13761.467889908256,0.0,0.0,0.0,0.000109,0.00014990663761154806,0,0,2.0,6,1,benign,0
0.020679,4,244.0,193.43295130325453,11799.410029498526,55.8,28.48157299026864,0.006893,0.011935562156848751,0,0,1.0,17,1,benign,0
0.020712,4,192.0,193.1247585940517,9269.988412514484,46.4,8.763560920082657,0.006904,0.01195634672464796,0,0,1.0,17,1,benign,0
110.345208,18,0.0,0.1631244376285013,0.0,0.0,0.0,6.490894588235295,8.410423063746698,0,1,0.0,6,1,syn_flood,1
0.02066,4,160.0,193.6108422071636,7744.433688286545,38.4,8.763560920082657,0.006886666666666666,0.011922860409034963,0,0,1.0,17,1,benign,0
0.000102,3,0.0,29411.76470588236,0.0,0.0,0.0,5.1e-05,6.929646455628165e-05,0,0,2.0,6,1,benign,0
0.007249,14,6160.0,1931.300869085391,849772.382397572,440.0,0.0,0.0005576153846153845,0.0006366212294163538,0,0,0.0,17,4,icmp_flood,1
1e-06,2,2832.0,2000000.0,2832000000.0,1416.0,0.0,1e-06,0.0,0,0,0.0,17,3,dns_amplification,1
1e-06,2,0.0,2000000.0,0.0,0.0,0.0,1e-06,0.0,0,1,0.0,6,0,udp_flood,1
53.755372,11,338.0,0.2046307111408326,6.287743669600128,32.0,20.10427362979868,5.375537199999998,16.971253326666677,0,0,0.0,6,1,benign,0
2e-06,2,2944.0,1000000.0,1472000000.0,1472.0,0.0,2e-06,0.0,0,0,0.0,17,3,dns_amplification,1
1e-06,2,2944.0,2000000.0,2944000000.0,1472.0,0.0,1e-06,0.0,0,0,0.0,17,3,dns_amplification,1
2e-06,2,2944.0,1000000.0,1472000000.0,1472.0,0.0,2e-06,0.0,0,0,0.0,17,6,slowloris_low_rate,1
0.08987,30,15524.0,333.81551129409144,172738.39991098252,500.77419354838713,775.147758373736,0.00309896551724138,0.008140308380797543,0,1,1.0,6,1,benign,0
5.393085,21,6774.0,3.8938752124248,1256.0528899507424,307.90909090909093,439.90788095116426,0.26965425,1.0569529737406722,0,1,0.0,6,1,http_get_flood,1
1e-06,2,0.0,2000000.0,0.0,0.0,0.0,1e-06,0.0,0,1,0.0,6,0,udp_flood,1
0.001902,4,1328.0,2103.049421661409,698212.4079915878,353.6,118.30807242111588,0.000634,0.0010972543005156096,0,0,0.0,17,4,icmp_flood,1
0.020575,4,132.0,194.4106925880924,6415.552855407048,31.4,8.763560920082657,0.006858333333333334,0.011874651672084255,0,0,1.0,17,1,benign,0
0.001258,60,26400.0,47694.75357710652,20985691.57392687,440.0,0.0,2.132203389830508e-05,6.878563419533184e-05,0,0,0.0,17,4,icmp_flood,1
1e-06,2,31.0,2000000.0,31000000.0,20.666666666666664,17.8978583448784,1e-06,0.0,0,0,0.0,6,1,benign,0
0.004055,200,88000.0,49321.82490752159,21701602.959309496,440.0,0.0,2.037688442211055e-05,3.9166746206775574e-05,0,0,0.0,17,4,icmp_flood,1
4.8e-05,2,2944.0,41666.66666666666,61333333.33333333,1472.0,0.0,4.8e-05,0.0,0,0,0.0,17,3,dns_amplification,1
2e-06,2,2944.0,1000000.0,1472000000.0,1472.0,0.0,2e-06,0.0,0,0,0.0,17,6,slowloris_low_rate,1
0.020546,4,504.0,194.6850968558357,24530.322203835294,107.4,101.87639569596092,0.006848666666666666,0.011856176463486589,0,0,1.0,17,1,benign,0
1e-06,2,31.0,2000000.0,31000000.0,20.666666666666664,17.8978583448784,1e-06,0.0,0,0,0.0,6,1,benign,0
0.661407,27,22864.0,40.82206568723947,34568.7299952979,816.5714285714287,1091.2175133197147,0.02543873076923077,0.0983861039771604,0,1,1.0,6,1,benign,0
0.048499,4,256.0,82.47592733870802,5278.459349677313,58.8,28.48157299026864,0.01616633333333333,0.02799571455300496,0,0,1.0,17,1,benign,0
1e-06,2,0.0,2000000.0,0.0,0.0,0.0,1e-06,0.0,0,1,0.0,6,1,syn_flood,1
1e-06,2,2944.0,2000000.0,2944000000.0,1472.0,0.0,1e-06,0.0,0,0,0.0,17,3,dns_amplification,1
2e-06,2,2944.0,1000000.0,1472000000.0,1472.0,0.0,2e-06,0.0,0,0,0.0,17,6,slowloris_low_rate,1
115.788949,59,2304.0,0.509547763491661,19.898271984487923,38.40000000000001,147.6247188892112,1.9963611896551718,3.967912913248032,0,1,0.0,6,1,benign,0
1e-06,2,2944.0,2000000.0,2944000000.0,1472.0,0.0,1e-06,0.0,0,0,0.0,17,3,dns_amplification,1
4e-06,3,0.0,750000.0,0.0,0.0,0.0,2e-06,1.4142135623730952e-06,0,0,0.0,6,1,benign,0
0.001041,88,38720.0,84534.10182516811,37195004.80307397,440.0,0.0,1.1965517241379305e-05,2.633878044353243e-05,0,0,0.0,17,4,icmp_flood,1
6.2e-05,3,0.0,48387.096774193546,0.0,0.0,0.0,3.1e-05,3.959797974644665e-05,0,0,2.0,6,1,benign,0
1e-06,2,2944.0,2000000.0,2944000000.0,1472.0,0.0,1e-06,0.0,0,0,0.0,17,6,slowloris_low_rate,1
0.000859,200,88000.0,232828.87077997677,102444703.14318976,440.0,0.0,4.316582914572863e-06,1.1206296768087761e-05,0,0,0.0,17,4,icmp_flood,1
0.070728,4,228.0,56.55468838366701,3223.61723786902,50.6,35.05424368033063,0.023576,0.040830499715286364,0,0,1.0,17,1,benign,0
0.020783,4,402.0,192.4649954289564,19342.73204061012,89.6,59.70175876806311,0.006927666666666666,0.011993874492145283,0,0,1.0,17,1,benign,0
1e-06,2,2944.0,2000000.0,2944000000.0,1472.0,0.0,1e-06,0.0,0,0,0.0,17,6,slowloris_low_rate,1
1e-06,2,0.0,2000000.0,0.0,0.0,0.0,1e-06,0.0,0,1,0.0,6,0,udp_flood,1
2e-06,2,2944.0,1000000.0,1472000000.0,1472.0,0.0,2e-06,0.0,0,0,0.0,17,6,slowloris_low_rate,1
0.00011,3,0.0,27272.727272727272,0.0,0.0,0.0,5.5e-05,7.495331880577403e-05,0,0,2.0,6,1,benign,0
0.026131,40,17600.0,1530.748918908576,673529.5243197734,440.0,0.0,0.0006700256410256409,0.0012052268947157995,0,0,0.0,17,4,icmp_flood,1
0.020549,4,226.0,194.6566742907197,10998.102097425664,51.4,27.933850432763467,0.006849666666666666,0.011858774529154915,0,0,1.0,17,1,benign,0
117.119427,53,10112.0,0.4525295363680357,86.3392202217656,187.2592592592592,429.66591608009867,2.252296673076924,11.336516784793677,0,1,0.0,6,1,benign,0
0.020773,4,262.0,192.55764694555432,12612.525874933808,61.6,21.36117974270148,0.0069243333333333336,0.011988967025283426,0,0,1.0,17,1,benign,0
0.000184,3,0.0,16304.347826086956,0.0,0.0,0.0,9.2e-05,0.00012727922061357857,0,0,2.0,6,1,benign,0
1e-06,2,750.0,2000000.0,750000000.0,375.0,0.0,1e-06,0.0,0,0,0.0,17,8,pulsed_mixed_flood,1
1e-06,2,0.0,2000000.0,0.0,0.0,0.0,1e-06,0.0,0,1,0.0,6,1,syn_flood,1
0.026423,4,0.0,151.3832645801007,0.0,0.0,0.0,0.008807666666666669,0.015254460145588022,0,0,3.0,6,1,benign,0
1e-06,2,0.0,2000000.0,0.0,0.0,0.0,1e-06,0.0,0,1,0.0,6,0,udp_flood,1
0.020591,4,320.0,194.25962799281243,15540.77023942499,70.4,52.58136552049595,0.006863666666666666,0.01188302324046088,0,0,1.0,17,1,benign,0
1e-06,2,0.0,2000000.0,0.0,0.0,0.0,1e-06,0.0,0,1,0.0,6,1,syn_flood,1
76.018686,18,0.0,0.2367838875825872,0.0,0.0,0.0,4.471687411764704,6.047955337044186,0,1,0.0,6,1,syn_flood,1
0.151666,25,7397.0,164.83588938852478,48771.64295227672,284.49999999999994,576.9328730450362,0.006319416666666668,0.013724463236250383,0,1,0.0,6,1,benign,0
1e-06,2,802.0,2000000.0,802000000.0,401.0,0.0,1e-06,0.0,0,0,0.0,17,8,pulsed_mixed_flood,1
1e-06,2,2944.0,2000000.0,2944000000.0,1472.0,0.0,1e-06,0.0,0,0,0.0,17,6,slowloris_low_rate,1
0.002122,182,80080.0,85768.14326107445,37737983.03487276,440.0,0.0,1.172375690607735e-05,2.690912565627173e-05,0,0,0.0,17,4,icmp_flood,1
1e-06,2,2944.0,2000000.0,2944000000.0,1472.0,0.0,1e-06,0.0,0,0,0.0,17,6,slowloris_low_rate,1
0.020858,4,288.0,191.7729408380477,13807.651740339435,66.0,32.863353450309965,0.006952666666666666,0.012037175762334507,0,0,1.0,17,1,benign,0
1e-06,2,31.0,2000000.0,31000000.0,20.666666666666664,17.8978583448784,1e-06,0.0,0,0,0.0,6,1,benign,0
1e-06,2,1706.0,2000000.0,1706000000.0,853.0,0.0,1e-06,0.0,0,0,0.0,17,3,dns_amplification,1
1e-06,2,880.0,2000000.0,880000000.0,440.0,0.0,1e-06,0.0,0,0,0.0,17,4,icmp_flood,1
1e-06,2,2944.0,2000000.0,2944000000.0,1472.0,0.0,1e-06,0.0,0,0,0.0,17,3,dns_amplification,1
53.756242,10,258.0,0.1860249085120198,4.799442639610112,27.0,17.899720668211554,5.972915777777777,17.88904109089899,0,0,0.0,6,1,benign,0
0.065505,4,196.0,61.064040912907416,2992.1380047324637,46.2,15.336231610144653,0.021835,0.037814999259553075,0,0,1.0,17,1,benign,0
0.00039,3,0.0,7692.307692307691,0.0,0.0,0.0,0.000195,0.0002715290039756342,0,0,2.0,6,1,benign,0
1e-06,2,2944.0,2000000.0,2944000000.0,1472.0,0.0,1e-06,0.0,0,0,0.0,17,6,slowloris_low_rate,1
0.020572,4,232.0,194.4390433599066,11277.464514874588,56.4,8.763560920082657,0.006857333333333334,0.011872053585346272,0,0,1.0,17,1,benign,0
1e-06,2,2928.0,2000000.0,2928000000.0,1464.0,0.0,1e-06,0.0,0,0,0.0,17,6,slowloris_low_rate,1
2e-06,2,2944.0,1000000.0,1472000000.0,1472.0,0.0,2e-06,0.0,0,0,0.0,17,3,dns_amplification,1
1e-06,2,2944.0,2000000.0,2944000000.0,1472.0,0.0,1e-06,0.0,0,0,0.0,17,3,dns_amplification,1
1e-06,2,0.0,2000000.0,0.0,0.0,0.0,1e-06,0.0,0,1,0.0,6,0,udp_flood,1
0.020586,4,262.0,194.3068104537064,12727.096084717768,61.6,21.36117974270148,0.006862,0.01188013648911493,0,0,1.0,17,1,benign,0
0.000448,60,25968.0,133928.57142857142,57964285.71428572,432.9180327868853,38.78414413217821,7.593220338983049e-06,1.544748461173935e-05,0,0,0.0,17,4,icmp_flood,1
1.537733,76,10008.0,49.4234044531788,6508.28199693965,129.974025974026,373.43497898161513,0.02050310666666667,0.0676792650848168,0,1,1.0,6,1,benign,0
0.020698,4,280.0,193.2553869939124,13527.877089573867,64.6,29.57701810527897,0.006899333333333334,0.011944799719264168,0,0,1.0,17,1,benign,0
0.020548,4,156.0,194.66614755693985,7591.9797547206545,37.4,8.763560920082657,0.006849333333333334,0.01185733116402394,0,0,1.0,17,1,benign,0
0.000116,3,0.0,25862.068965517246,0.0,0.0,0.0,5.8e-05,7.778174593052024e-05,0,0,2.0,6,1,http_get_flood,1
5e-06,2,2944.0,400000.0,588800000.0,1472.0,0.0,5e-06,0.0,0,0,0.0,17,3,dns_amplification,1
4.7e-05,2,2136.0,42553.191489361714,45446808.5106383,1068.0,0.0,4.7e-05,0.0,0,0,0.0,17,3,dns_amplification,1
0.202462,6,2094.0,29.635190801236767,10342.681589631637,345.1428571428572,33.61759743263722,0.040492400000000005,0.055796998447945216,0,0,0.0,17,8,pulsed_mixed_flood,1
1e-06,2,31.0,2000000.0,31000000.0,20.666666666666664,17.8978583448784,1e-06,0.0,0,0,0.0,6,1,benign,0
0.054629,2,0.0,36.610591444104784,0.0,0.0,0.0,0.054629,0.0,0,0,1.0,6,1,benign,0
115.807077,59,2478.0,0.509468000820019,21.3976560344408,41.3,160.86464464979585,1.9966737413793103,3.968963313064183,0,1,0.0,6,1,benign,0
1e-06,2,2944.0,2000000.0,2944000000.0,1472.0,0.0,1e-06,0.0,0,0,0.0,17,3,dns_amplification,1
0.024642,4,62.0,162.324486648811,2516.0295430565698,12.4,16.97939928266015,0.008214,0.01422446726594708,0,0,3.0,6,1,benign,0
0.144677,27,9519.0,186.62261451370983,65794.83953911126,339.9642857142857,635.064329324953,0.0055645,0.01339339001821421,0,1,0.0,6,1,benign,0
0.046371,4,256.0,86.2608095576977,5520.691811692653,58.8,28.48157299026864,0.015457,0.026767113180169434,0,0,1.0,17,1,benign,0
4.41677,15,3306.0,3.39614695807117,748.5107895588858,206.625,390.9267407925258,0.3154835714285715,1.1800921032788216,0,1,0.0,6,1,http_get_flood,1
0.020803,4,184.0,192.2799596212085,8844.878142575591,43.2,15.336231610144653,0.006934333333333334,0.012008885599144214,0,0,1.0,17,1,benign,0
37.685058,8,0.0,0.2122857287363071,0.0,0.0,0.0,5.383579714285714,6.77769213759865,0,1,0.0,6,0,udp_flood,1
58.522745,36,3188.0,0.6151454447326421,54.4745466057684,89.24324324324324,135.160276339982,1.6720784285714287,9.851632207362881,0,0,1.0,6,1,benign,0
0.341804,14,2110.0,40.9591461773414,6173.128459585026,140.66666666666669,247.01696490804216,0.026292615384615386,0.06395637705829714,0,1,0.0,6,1,benign,0
0.020596,4,262.0,194.21246844047383,12720.91668285104,61.6,21.36117974270148,0.0068653333333333335,0.011888508078532534,0,0,1.0,17,1,benign,0
0.020814,4,290.0,192.1783415009129,13932.929758816184,66.6,32.3156308928048,0.006938,0.012014370437105725,0,0,1.0,17,1,benign,0
5.104256,18,1559.0,3.5264688918424154,305.4313890212403,82.05263157894737,175.41901381935975,0.30025035294117647,1.2112851019473565,0,1,0.0,6,1,benign,0
1e-06,2,0.0,2000000.0,0.0,0.0,0.0,1e-06,0.0,0,0,0.0,6,1,benign,0
0.053964,17,2058.0,315.02483136906085,38136.53546808984,114.33333333333334,167.42056940180177,0.0033727499999999994,0.008380766778761952,0,1,0.0,6,1,benign,0
1e-06,2,2944.0,2000000.0,2944000000.0,1472.0,0.0,1e-06,0.0,0,0,0.0,17,6,slowloris_low_rate,1
15.684559,110,94654.0,7.013266997178563,6034.85249409945,852.738738738739,988.7611965734212,0.1438950366972477,1.0636370203011765,0,1,1.0,6,1,benign,0
1e-06,2,924.0,2000000.0,924000000.0,462.0,0.0,1e-06,0.0,0,0,0.0,17,8,pulsed_mixed_flood,1
0.000103,4,0.0,38834.951456310686,0.0,0.0,0.0,3.4333333333333325e-05,2.893671255228094e-05,0,1,1.0,6,1,syn_flood,1
0.001046,200,88000.0,191204.58891013387,84130019.12045889,440.0,0.0,5.2562814070351756e-06,1.281333145087198e-05,0,0,0.0,17,4,icmp_flood,1
0.020792,4,156.0,192.3816852635629,7502.885725278953,37.4,8.763560920082657,0.006930666666666666,0.01200253474618313,0,0,1.0,17,1,benign,0
1e-06,2,2944.0,2000000.0,2944000000.0,1472.0,0.0,1e-06,0.0,0,0,0.0,17,3,dns_amplification,1
0.020537,4,256.0,194.77041437405651,12465.30651993962,61.2,15.336231610144653,0.006845666666666666,0.011851846325924639,0,0,1.0,17,1,benign,0
0.054998,3,0.0,54.54743808865777,0.0,0.0,0.0,0.027499,0.03888663032457299,0,0,2.0,6,1,benign,0
0.207689,9,938.0,43.33402346778115,4516.368223642079,93.8,197.74776301586263,0.025961125000000005,0.05427620891971389,0,1,0.0,6,1,benign,0
0.000147,14,6160.0,95238.09523809524,41904761.904761896,440.0,0.0,1.1307692307692309e-05,2.011792159321557e-05,0,0,0.0,17,4,icmp_flood,1
101.99988,18,0.0,0.1764707958479951,0.0,0.0,0.0,5.999992941176471,7.727250563268457,0,1,0.0,6,1,syn_flood,1
1e-06,2,2944.0,2000000.0,2944000000.0,1472.0,0.0,1e-06,0.0,0,0,0.0,17,3,dns_amplification,1
1e-06,2,2896.0,2000000.0,2896000000.0,1448.0,0.0,1e-06,0.0,0,0,0.0,17,3,dns_amplification,1
0.020712,4,152.0,193.1247585940517,7338.740826573966,36.4,8.763560920082657,0.006904,0.011953748658893575,0,0,1.0,17,1,benign,0
0.669434,20,2176.0,29.875984787148543,3250.507144841762,103.61904761904762,236.8637743916271,0.03523336842105262,0.12461995890983937,0,1,0.0,6,1,benign,0
1e-06,2,2944.0,2000000.0,2944000000.0,1472.0,0.0,1e-06,0.0,0,0,0.0,17,3,dns_amplification,1
0.103832,2,0.0,19.261884582787577,0.0,0.0,0.0,0.103832,0.0,0,0,1.0,6,1,benign,0
0.043112,13,1674.0,301.54017442939323,38829.09630729264,119.57142857142856,196.31831071216743,0.003592666666666666,0.008078609109959159,0,1,0.0,6,1,benign,0
117.102573,41,8722.0,0.3501204025636567,74.48171100390765,207.66666666666669,548.6336316601615,2.927564325,12.888619348986598,0,1,0.0,6,1,benign,0
1e-06,2,31.0,2000000.0,31000000.0,20.666666666666664,17.8978583448784,1e-06,0.0,0,0,0.0,6,1,benign,0
5.215956,21,6120.0,4.026107582195862,1173.3227810970798,278.1818181818182,421.933603032474,0.26079779999999997,1.1175875804112319,0,1,0.0,6,1,http_get_flood,1
0.215286,6,2088.0,27.869903291435577,9698.726345419582,344.1428571428572,33.61759743263722,0.0430572,0.058963863685311514,0,0,0.0,17,8,pulsed_mixed_flood,1
0.020822,4,286.0,192.10450485063876,13735.472096820671,65.4,33.411076007815126,0.006940666666666666,0.01201985525425882,0,0,1.0,17,1,benign,0
1e-06,2,2944.0,2000000.0,2944000000.0,1472.0,0.0,1e-06,0.0,0,0,0.0,17,6,slowloris_low_rate,1
2e-06,2,2944.0,1000000.0,1472000000.0,1472.0,0.0,2e-06,0.0,0,0,0.0,17,6,slowloris_low_rate,1
0.091035,2,0.0,21.96957214258252,0.0,0.0,0.0,0.091035,0.0,0,0,1.0,6,1,benign,0
1e-06,2,766.0,2000000.0,766000000.0,383.0,0.0,1e-06,0.0,0,0,0.0,17,8,pulsed_mixed_flood,1
4.8e-05,2,2944.0,41666.66666666666,61333333.33333333,1472.0,0.0,4.8e-05,0.0,0,0,0.0,17,3,dns_amplification,1
0.000187,3,0.0,16042.780748663105,0.0,0.0,0.0,9.35e-05,0.0001294005409571382,0,0,2.0,6,1,benign,0
1e-06,2,772.0,2000000.0,772000000.0,386.0,0.0,1e-06,0.0,0,0,0.0,17,8,pulsed_mixed_flood,1
1e-06,2,0.0,2000000.0,0.0,0.0,0.0,1e-06,0.0,0,1,0.0,6,0,udp_flood,1
0.020642,4,172.0,193.77967251235344,8332.525918031199,41.4,8.763560920082657,0.006880666666666666,0.011912468104189554,0,0,1.0,17,1,benign,0
1e-06,2,2896.0,2000000.0,2896000000.0,1448.0,0.0,1e-06,0.0,0,0,0.0,17,3,dns_amplification,1
0.21862,6,2178.0,27.44488152959473,9962.491995242886,359.1428571428572,33.61759743263722,0.043724,0.05984919756354299,0,0,0.0,17,8,pulsed_mixed_flood,1
2e-06,3,62.0,1500000.0,31000000.0,23.25,15.5,1e-06,0.0,0,0,0.0,6,1,benign,0
0.020486,4,282.0,195.2552962999121,13765.498389143804,64.4,33.411076007815126,0.006828666666666666,0.011822401462195969,0,0,1.0,17,1,benign,0
0.019571,140,61600.0,7153.4413162332,3147514.179142609,440.0,0.0,0.00014079856115107917,0.00015740707771207986,0,0,0.0,17,4,icmp_flood,1
0.142831,31,7504.0,217.0397182684431,52537.61438343216,234.5,528.8421924507621,0.004761033333333333,0.012492038928255766,0,1,0.0,6,1,benign,0
1e-06,2,0.0,2000000.0,0.0,0.0,0.0,1e-06,0.0,0,1,0.0,6,0,udp_flood,1
0.144047,28,9548.0,194.3810006456226,66283.92122015731,329.24137931034494,626.2090964784169,0.005335074074074074,0.012952316489950376,0,1,0.0,6,1,benign,0
0.107105,4,1438.0,37.34652910695112,13426.077213948927,353.6,32.3156308928048,0.03570166666666667,0.06183536853074731,0,0,0.0,17,8,pulsed_mixed_flood,1
0.095964,2,0.0,20.84114876411988,0.0,0.0,0.0,0.095964,0.0,0,0,1.0,6,1,benign,0
0.000126,6,2660.0,47619.04761904762,21111111.111111112,439.8571428571429,29.74574799546185,2.52e-05,3.316926287996162e-05,0,0,0.0,17,8,pulsed_mixed_flood,1
2e-06,2,0.0,1000000.0,0.0,0.0,0.0,2e-06,0.0,0,1,0.0,6,1,syn_flood,1
1e-06,2,2944.0,2000000.0,2944000000.0,1472.0,0.0,1e-06,0.0,0,0,0.0,17,6,slowloris_low_rate,1
0.000143,3,0.0,20979.020979020977,0.0,0.0,0.0,7.15e-05,9.6873629022557e-05,0,0,2.0,6,1,benign,0
0.000256,42,18480.0,164062.5,72187500.0,440.0,0.0,6.243902439024392e-06,1.4506516618066651e-05,0,0,0.0,17,4,icmp_flood,1
1e-06,2,0.0,2000000.0,0.0,0.0,0.0,1e-06,0.0,0,1,0.0,6,0,udp_flood,1
1e-06,2,2944.0,2000000.0,2944000000.0,1472.0,0.0,1e-06,0.0,0,0,0.0,17,6,slowloris_low_rate,1
116.919368,60,5396.0,0.5131741731617981,46.15146397301771,88.4590163934426,155.05048358201404,1.981684203389832,10.598474807869591,0,1,0.0,6,1,benign,0
0.000152,3,0.0,19736.84210526316,0.0,0.0,0.0,7.6e-05,0.00010323759005323591,0,0,2.0,6,1,benign,0
0.095429,32,15424.0,335.32783535403286,161628.01664064382,467.3939393939394,756.4546392296905,0.0030783548387096774,0.007708550155718376,0,1,1.0,6,1,benign,0
0.065771,4,156.0,60.81707743534385,2371.86601997841,37.4,8.763560920082657,0.021923666666666664,0.03796857443114415,0,0,1.0,17,1,benign,0
1e-06,2,0.0,2000000.0,0.0,0.0,0.0,1e-06,0.0,0,1,0.0,6,0,udp_flood,1
0.020582,4,192.0,194.34457292780095,9328.539500534447,46.4,8.763560920082657,0.006860666666666666,0.011876095079331985,0,0,1.0,17,1,benign,0
0.044949,4,156.0,88.98974393201183,3470.6000133484613,37.4,8.763560920082657,0.014983,0.025945255076795834,0,0,1.0,17,1,benign,0
0.020711,4,320.0,193.134083337357,15450.726666988558,70.4,52.58136552049595,0.0069036666666666665,0.011952305272763631,0,0,1.0,17,1,benign,0
1e-06,2,2944.0,2000000.0,2944000000.0,1472.0,0.0,1e-06,0.0,0,0,0.0,17,6,slowloris_low_rate,1
0.218065,6,2088.0,27.514731846009216,9575.126682411208,344.1428571428572,33.61759743263722,0.043613,0.059718954993368725,0,0,0.0,17,8,pulsed_mixed_flood,1
1e-06,2,2944.0,2000000.0,2944000000.0,1472.0,0.0,1e-06,0.0,0,0,0.0,17,6,slowloris_low_rate,1
2e-06,2,802.0,1000000.0,401000000.0,401.0,0.0,2e-06,0.0,0,0,0.0,17,0,udp_flood,1
0.04475,4,156.0,89.3854748603352,3486.0335195530733,37.4,8.763560920082657,0.014916666666666668,0.025831228413169458,0,0,1.0,17,1,benign,0
0.054774,3,0.0,54.77051155657794,0.0,0.0,0.0,0.027387,0.03872965261914958,0,0,2.0,6,1,benign,0
30.040145,568,1135358.0,18.908031236200763,37794.69107089863,1995.3567662565893,1176.4277021299777,0.05298085537918869,0.8855360176076404,0,1,3.0,6,1,benign,0
0.020658,4,156.0,193.62958660083265,7551.553877432472,37.4,8.763560920082657,0.006886,0.011923437759304153,0,0,1.0,17,1,benign,0
0.042765,13,1670.0,303.9869051794692,39050.62551151643,119.28571428571428,195.8309430140146,0.00356375,0.00805814221906807,0,1,0.0,6,1,benign,0
1e-06,2,2944.0,2000000.0,2944000000.0,1472.0,0.0,1e-06,0.0,0,0,0.0,17,6,slowloris_low_rate,1
0.000541,114,50160.0,210720.88724584103,92717190.38817003,440.0,0.0,4.787610619469027e-06,1.1803034815123995e-05,0,0,0.0,17,4,icmp_flood,1
1e-06,2,2944.0,2000000.0,2944000000.0,1472.0,0.0,1e-06,0.0,0,0,0.0,17,6,slowloris_low_rate,1
0.000102,20,8512.0,196078.43137254904,83450980.39215687,426.28571428571433,43.31413494131315,5.368421052631579e-06,1.3503952204676926e-05,0,0,0.0,17,4,icmp_flood,1
2e-06,2,0.0,1000000.0,0.0,0.0,0.0,2e-06,0.0,0,0,0.0,6,1,benign,0
116.274205,63,12000.0,0.5418226682349709,103.20431775904208,187.5,440.161081625554,1.8753904032258055,10.325518545136099,0,1,0.0,6,1,benign,0
104.081173,90,43016.0,0.8647097011483527,413.2928056066393,472.70329670329664,812.2909644881021,1.1694513820224721,7.7271017795489145,0,1,1.0,6,1,benign,0
0.109062,4,1438.0,36.67638590893253,13185.160734261244,353.6,32.3156308928048,0.036354,0.0629652430075514,0,0,0.0,17,8,pulsed_mixed_flood,1
0.044622,4,132.0,89.6418806866568,2958.1820626596746,31.4,8.763560920082657,0.014874,0.025756461538806143,0,0,1.0,17,1,benign,0
0.011802,182,80080.0,15421.11506524318,6785290.628706999,440.0,0.0,6.520441988950277e-05,0.00036997706713062415,0,0,0.0,17,4,icmp_flood,1
0.565883,29,13896.0,51.247342648568704,24556.31287739692,463.20000000000016,765.6767302017308,0.020210107142857144,0.043391729085023735,0,1,0.0,6,1,benign,0
0.000175,3,0.0,17142.85714285714,0.0,0.0,0.0,8.75e-05,0.00011950104602052652,0,0,2.0,6,1,benign,0
0.000108,4,0.0,37037.03703703704,0.0,0.0,0.0,3.6e-05,6.062177826491071e-05,0,1,1.0,6,1,syn_flood,1
1e-06,2,0.0,2000000.0,0.0,0.0,0.0,1e-06,0.0,0,1,0.0,6,0,udp_flood,1
2e-06,2,2944.0,1000000.0,1472000000.0,1472.0,0.0,2e-06,0.0,0,0,0.0,17,6,slowloris_low_rate,1
0.000121,4,0.0,33057.85123966942,0.0,0.0,0.0,4.033333333333333e-05,6.89951689129995e-05,0,1,1.0,6,0,udp_flood,1
0.032343,2,0.0,61.83718269795629,0.0,0.0,0.0,0.032343,0.0,0,0,1.0,6,1,benign,0
0.21404,6,2088.0,28.03214352457484,9755.185946552048,344.1428571428572,33.61759743263722,0.042808,0.058651448575461465,0,0,0.0,17,8,pulsed_mixed_flood,1
58.554656,46,5034.0,0.7855908162110968,85.97096019144917,107.10638297872336,167.8814584425768,1.3012145777777777,8.690621785490606,0,1,0.0,6,1,benign,0
4.9e-05,2,0.0,40816.32653061225,0.0,0.0,0.0,4.9e-05,0.0,0,1,0.0,6,1,syn_flood,1
2e-06,3,0.0,1500000.0,0.0,0.0,0.0,1e-06,0.0,0,0,2.0,6,1,benign,0
0.026407,4,0.0,151.47498769265724,0.0,0.0,0.0,0.008802333333333332,0.01524262448967806,0,0,3.0,6,1,benign,0
111.198974,22,0.0,0.197843552045723,0.0,0.0,0.0,5.2951892380952374,8.224723301692912,0,1,0.0,6,1,syn_flood,1
0.000204,3,0.0,14705.882352941177,0.0,0.0,0.0,0.000102,0.0001428355697996826,0,0,2.0,6,1,benign,0
1e-06,2,0.0,2000000.0,0.0,0.0,0.0,1e-06,0.0,0,1,0.0,6,0,udp_flood,1
0.020603,4,286.0,194.1464835218172,13881.473571809933,65.4,33.411076007815126,0.006867666666666666,0.011892549530413294,0,0,1.0,17,1,benign,0
0.00075,28,12320.0,37333.333333333336,16426666.666666664,440.0,0.0,2.777777777777777e-05,5.805258447392815e-05,0,0,0.0,17,4,icmp_flood,1
0.000174,2,0.0,11494.25287356322,0.0,0.0,0.0,0.000174,0.0,0,0,1.0,6,1,http_get_flood,1
1e-06,2,766.0,2000000.0,766000000.0,383.0,0.0,1e-06,0.0,0,0,0.0,17,8,pulsed_mixed_flood,1
1e-06,2,0.0,2000000.0,0.0,0.0,0.0,1e-06,0.0,0,1,0.0,6,1,syn_flood,1
0.020612,4,160.0,194.0617116242965,7762.468464971862,38.4,8.763560920082657,0.006870666666666666,0.01189514759611386,0,0,1.0,17,1,benign,0
2e-06,2,2944.0,1000000.0,1472000000.0,1472.0,0.0,2e-06,0.0,0,0,0.0,17,6,slowloris_low_rate,1
0.000187,3,0.0,16042.780748663105,0.0,0.0,0.0,9.35e-05,0.00012798632739476507,0,0,0.0,6,1,benign,0
0.020596,4,320.0,194.21246844047383,15536.997475237911,72.2,42.72235948540296,0.0068653333333333335,0.011885909991806824,0,0,1.0,17,1,benign,0
7.246853,10,0.0,1.3799093206389037,0.0,0.0,0.0,0.8052058888888889,1.438792991423579,0,1,4.0,6,1,benign,0
118.335722,968,900656.0,8.1801165669991,7611.023829304899,929.4695562435496,1070.536728823554,0.12237406618407445,2.6576577778110417,0,1,1.0,6,1,benign,0
6.7e-05,4,0.0,59701.49253731343,0.0,0.0,0.0,2.2333333333333335e-05,3.695041722813605e-05,0,1,1.0,6,0,udp_flood,1
0.020907,4,62.0,191.3234801741044,2965.513942698618,12.4,16.97939928266015,0.006969,0.01198674780747472,0,0,3.0,6,1,benign,0
0.000101,4,0.0,39603.96039603961,0.0,0.0,0.0,3.3666666666666674e-05,5.658032638058332e-05,0,1,1.0,6,1,syn_flood,1
0.12099,2,0.0,16.530291759649554,0.0,0.0,0.0,0.12099,0.0,0,0,1.0,6,1,benign,0
0.216234,6,2088.0,27.74771775021504,9656.205777074836,344.1428571428572,33.61759743263722,0.0432468,0.05922046087459975,0,0,0.0,17,8,pulsed_mixed_flood,1
0.000102,3,0.0,29411.76470588236,0.0,0.0,0.0,5.1e-05,6.788225099390856e-05,0,0,2.0,6,1,benign,0
1e-06,2,0.0,2000000.0,0.0,0.0,0.0,1e-06,0.0,0,1,0.0,6,1,syn_flood,1
1e-06,2,2944.0,2000000.0,2944000000.0,1472.0,0.0,1e-06,0.0,0,0,0.0,17,3,dns_amplification,1
0.028312,2,0.0,70.64142413111048,0.0,0.0,0.0,0.028312,0.0,0,0,1.0,6,1,benign,0
0.112599,11,762.0,97.6918089858702,6767.378040657553,63.49999999999999,148.30404886277012,0.0112599,0.023013224972948824,0,1,0.0,6,1,benign,0
2e-06,3,0.0,1500000.0,0.0,0.0,0.0,1e-06,0.0,0,0,2.0,6,1,benign,0
0.661086,31,9660.0,46.89253743083352,14612.319728446832,301.87500000000006,631.3620580832337,0.022036200000000002,0.03824335499674285,0,1,0.0,6,1,benign,0
2e-06,3,0.0,1500000.0,0.0,0.0,0.0,1e-06,0.0,0,0,0.0,6,1,benign,0
0.101237,4,1398.0,39.511245888360975,13809.180437982162,345.6,21.36117974270148,0.033745666666666674,0.05844661112787749,0,0,0.0,17,8,pulsed_mixed_flood,1
6e-06,3,2144.0,500000.0,357333333.3333333,804.0,536.0,3e-06,1.4142135623730952e-06,0,0,0.0,6,1,http_get_flood,1
0.000609,4,123.0,6568.144499178982,201970.4433497537,33.8,19.979989989987484,0.000203,0.0003472765468614315,0,0,0.0,6,1,benign,0
1e-06,2,0.0,2000000.0,0.0,0.0,0.0,1e-06,0.0,0,1,0.0,6,0,udp_flood,1
0.107921,4,1398.0,37.06414877549319,12953.919997034867,345.6,21.36117974270148,0.035973666666666675,0.06230648635040603,0,0,0.0,17,8,pulsed_mixed_flood,1
1e-06,2,2944.0,2000000.0,2944000000.0,1472.0,0.0,1e-06,0.0,0,0,0.0,17,6,slowloris_low_rate,1
2e-06,2,2944.0,1000000.0,1472000000.0,1472.0,0.0,2e-06,0.0,0,0,0.0,17,6,slowloris_low_rate,1
0.001459,200,88000.0,137080.19191226867,60315284.44139822,440.0,0.0,7.331658291457286e-06,1.5982646926956012e-05,0,0,0.0,17,4,icmp_flood,1
0.105526,4,1398.0,37.90535034020053,13247.919943900082,345.6,21.36117974270148,0.03517533333333333,0.06092286643234488,0,0,0.0,17,8,pulsed_mixed_flood,1
4.8e-05,2,0.0,41666.66666666666,0.0,0.0,0.0,4.8e-05,0.0,0,1,0.0,6,0,udp_flood,1
0.000131,3,0.0,22900.763358778622,0.0,0.0,0.0,6.55e-05,9.121677477306464e-05,0,0,2.0,6,1,benign,0
1e-06,2,2896.0,2000000.0,2896000000.0,1448.0,0.0,1e-06,0.0,0,0,0.0,17,3,dns_amplification,1
0.217493,6,2088.0,27.58709475707264,9600.30897546128,344.1428571428572,33.61759743263722,0.0434986,0.05956388356462329,0,0,0.0,17,0,udp_flood,1
0.020696,4,180.0,193.27406262079631,8697.332817935834,43.4,8.763560920082657,0.006898666666666666,0.011945377069533355,0,0,1.0,17,1,benign,0
7.239075,10,0.0,1.3813919596080992,0.0,0.0,0.0,0.8043416666666665,1.4386887041995047,0,1,4.0,6,1,benign,0
0.020616,4,260.0,194.024058983314,12611.563833915408,59.4,30.672463220289305,0.006872,0.011898323033100084,0,0,1.0,17,1,benign,0
2e-06,2,750.0,1000000.0,375000000.0,375.0,0.0,2e-06,0.0,0,0,0.0,17,0,udp_flood,1
0.00023,3,0.0,13043.478260869562,0.0,0.0,0.0,0.000115,0.00016122034611053282,0,0,2.0,6,1,benign,0
30.953891,6,0.0,0.1938366972992184,0.0,0.0,0.0,6.1907782000000005,8.831584736957415,0,1,0.0,6,0,udp_flood,1
1e-06,2,766.0,2000000.0,766000000.0,383.0,0.0,1e-06,0.0,0,0,0.0,17,0,udp_flood,1
0.000171,3,0.0,17543.859649122805,0.0,0.0,0.0,8.55e-05,0.00011950104602052652,0,0,0.0,6,1,benign,0
1e-06,2,0.0,2000000.0,0.0,0.0,0.0,1e-06,0.0,0,1,0.0,6,0,udp_flood,1
0.020606,4,364.0,194.1182179947588,17664.757837523048,82.8,44.913249715423625,0.006868666666666666,0.011892549530413294,0,0,1.0,17,1,benign,0
116.493688,44,3440.0,0.3777028674720986,29.529496911454977,95.59999999999998,214.3122615590285,2.709155534883721,12.356579213809152,0,0,1.0,6,1,benign,0
0.000206,3,0.0,14563.106796116504,0.0,0.0,0.0,0.000103,0.0001442497833620557,0,0,2.0,6,1,benign,0
0.020724,4,218.0,193.01293186643505,10519.204786720711,49.8,25.74296020274281,0.006908,0.011959810826263097,0,0,1.0,17,1,benign,0
0.026401,4,0.0,151.50941252225294,0.0,0.0,0.0,0.008800333333333332,0.015239160388070381,0,0,3.0,6,1,benign,0
1e-06,2,2944.0,2000000.0,2944000000.0,1472.0,0.0,1e-06,0.0,0,0,0.0,17,6,slowloris_low_rate,1
0.000388,62,26992.0,159793.81443298972,69567010.30927835,435.4285714285714,25.44932617506752,6.360655737704918e-06,1.358557174221393e-05,0,0,0.0,17,4,icmp_flood,1
7.170403,10,0.0,1.3946217527801434,0.0,0.0,0.0,0.7967114444444445,1.419667429264431,0,1,4.0,6,1,benign,0
0.041101,2,0.0,48.66061653001143,0.0,0.0,0.0,0.041101,0.0,0,0,1.0,6,1,benign,0
0.000193,6,2640.0,31088.082901554404,13678756.476683935,440.0,0.0,3.86e-05,4.325852517134629e-05,0,0,0.0,17,4,icmp_flood,1
4.7e-05,2,2944.0,42553.191489361714,62638297.87234042,1472.0,0.0,4.7e-05,0.0,0,0,0.0,17,3,dns_amplification,1
4.8e-05,2,2944.0,41666.66666666666,61333333.33333333,1472.0,0.0,4.8e-05,0.0,0,0,0.0,17,6,slowloris_low_rate,1
0.020792,4,220.0,192.3816852635629,10580.99268949596,50.2,26.290682760247968,0.006930666666666666,0.011998204629582431,0,0,1.0,17,1,benign,0
0.05466,3,0.0,54.88474204171241,0.0,0.0,0.0,0.02733,0.038646214018969574,0,0,2.0,6,1,benign,0
0.020731,4,172.0,192.947759394144,8296.753653948193,41.4,8.763560920082657,0.006910333333333334,0.011963852278147424,0,0,1.0,17,1,benign,0
0.108725,4,1438.0,36.79006668199586,13226.028972177512,353.6,32.3156308928048,0.03624166666666667,0.06277067596683449,0,0,0.0,17,8,pulsed_mixed_flood,1
0.020832,4,286.0,192.0122887864824,13728.878648233487,64.6,37.79285646785646,0.006944,0.012023030691136076,0,0,1.0,17,1,benign,0
60.795767,54,12512.0,0.8882197341140544,205.8038020969453,227.49090909090904,609.2402941589926,1.1470899433962265,3.195928570571064,0,1,1.0,6,1,benign,0
0.020576,4,160.0,194.4012441679626,7776.049766718505,38.4,8.763560920082657,0.006858666666666666,0.011875229022352928,0,0,1.0,17,1,benign,0
1e-06,2,2944.0,2000000.0,2944000000.0,1472.0,0.0,1e-06,0.0,0,0,0.0,17,6,slowloris_low_rate,1
116.841439,42,2156.0,0.3594615091996599,18.452357472249208,52.39534883720928,55.47163133182139,2.8497911951219517,12.703364746236709,0,0,1.0,6,1,benign,0
1e-06,2,2944.0,2000000.0,2944000000.0,1472.0,0.0,1e-06,0.0,0,0,0.0,17,6,slowloris_low_rate,1
0.000304,34,14960.0,111842.1052631579,49210526.31578947,440.0,0.0,9.212121212121213e-06,2.77035168974058e-05,0,0,0.0,17,4,icmp_flood,1
0.107898,4,1398.0,37.07204952825817,12956.68131012623,345.6,21.36117974270148,0.035966,0.06229320729421468,0,0,0.0,17,8,pulsed_mixed_flood,1
110.339909,18,0.0,0.1631322715700263,0.0,0.0,0.0,6.490582882352943,8.28905903744082,0,1,0.0,6,1,syn_flood,1
0.020598,4,262.0,194.1936110301971,12719.68152247791,61.4,22.456624857711805,0.006866,0.011888796743152774,0,0,1.0,17,1,benign,0
0.020961,4,260.0,190.8305901436,12403.988359334002,58.6,35.05424368033063,0.006987,0.012098374932196471,0,0,1.0,17,1,benign,0
1e-06,2,2896.0,2000000.0,2896000000.0,1448.0,0.0,1e-06,0.0,0,0,0.0,17,3,dns_amplification,1
0.020652,4,204.0,193.6858415649816,9877.977919814062,49.4,8.763560920082657,0.006884,0.01191910764277259,0,0,1.0,17,1,benign,0
4.5e-05,2,0.0,44444.444444444445,0.0,0.0,0.0,4.5e-05,0.0,0,1,0.0,6,1,syn_flood,1
1e-06,2,0.0,2000000.0,0.0,0.0,0.0,1e-06,0.0,0,1,0.0,6,1,syn_flood,1
1e-06,2,2944.0,2000000.0,2944000000.0,1472.0,0.0,1e-06,0.0,0,0,0.0,17,6,slowloris_low_rate,1
1e-06,2,2944.0,2000000.0,2944000000.0,1472.0,0.0,1e-06,0.0,0,0,0.0,17,6,slowloris_low_rate,1
0.016136,8,3088.0,495.7858205255328,191373.3267228557,392.0,95.24704719832528,0.0023051428571428567,0.002908956309318484,0,0,0.0,17,4,icmp_flood,1
0.237233,44,40732.0,185.4716670952186,171696.18054823735,905.1555555555556,1142.834513502513,0.005517046511627906,0.016397816223587432,0,1,0.0,6,1,benign,0
0.109045,4,1438.0,36.68210371864826,13187.21628685405,353.6,32.3156308928048,0.03634833333333333,0.06291386341128108,0,0,0.0,17,8,pulsed_mixed_flood,1
0.021048,4,548.0,190.0418091980236,26035.727860129227,117.8,105.1627310409919,0.007016,0.012149470399980402,0,0,1.0,17,1,benign,0
0.020871,4,438.0,191.65349048919552,20986.057208566912,98.0,62.9880941130941,0.006957,0.012045547351615036,0,0,1.0,17,1,benign,0
4.6e-05,2,2944.0,43478.260869565216,64000000.0,1472.0,0.0,4.6e-05,0.0,0,0,0.0,17,3,dns_amplification,1
1e-06,2,2944.0,2000000.0,2944000000.0,1472.0,0.0,1e-06,0.0,0,0,0.0,17,6,slowloris_low_rate,1
0.020695,4,564.0,193.28340178787144,27252.95965208988,128.2,70.10848736066126,0.006898333333333334,0.011943067668456596,0,0,1.0,17,1,benign,0
0.020837,4,290.0,191.96621394634545,13917.550511110045,66.6,32.3156308928048,0.006945666666666666,0.012024185391673456,0,0,1.0,17,1,benign,0
1e-06,2,0.0,2000000.0,0.0,0.0,0.0,1e-06,0.0,0,1,0.0,6,1,syn_flood,1
0.109038,4,1398.0,36.68445862910178,12821.218290871073,345.6,21.36117974270148,0.036346,0.06295138660109086,0,0,0.0,17,8,pulsed_mixed_flood,1
2e-06,2,772.0,1000000.0,386000000.0,386.0,0.0,2e-06,0.0,0,0,0.0,17,8,pulsed_mixed_flood,1
1.771344,15,2894.0,8.468146221174429,1633.7876776052533,180.875,370.4913629222684,0.12652457142857143,0.4255725249322222,0,1,0.0,6,1,http_get_flood,1
0.020613,4,160.0,194.0522970940669,7762.091883762674,38.4,8.763560920082657,0.006871,0.011894858931488004,0,0,1.0,17,1,benign,0
3e-06,3,62.0,1000000.0,20666666.666666668,23.25,15.5,1.5e-06,2.1213203435596424e-06,0,0,0.0,6,1,benign,0
0.004301,188,82720.0,43710.76493838642,19232736.572890025,440.0,0.0,2.3000000000000003e-05,7.317176728002216e-05,0,0,0.0,17,4,icmp_flood,1
0.020678,4,284.0,193.4423058322856,13734.403714092274,65.4,30.672463220289305,0.006892666666666666,0.011936716815495513,0,0,1.0,17,1,benign,0
1e-06,2,2944.0,2000000.0,2944000000.0,1472.0,0.0,1e-06,0.0,0,0,0.0,17,3,dns_amplification,1
0.020706,4,260.0,193.1807205640877,12556.7468366657,59.4,30.672463220289305,0.006902,0.011950284557281471,0,0,1.0,17,1,benign,0
0.065173,4,180.0,61.37510932441349,2761.879919598607,42.2,15.336231610144653,0.021724333333333335,0.03762418499228034,0,0,1.0,17,1,benign,0
2e-06,2,2944.0,1000000.0,1472000000.0,1472.0,0.0,2e-06,0.0,0,0,0.0,17,6,slowloris_low_rate,1
0.109859,4,1398.0,36.41030775812633,12725.402561465153,345.6,21.36117974270148,0.03661966666666667,0.06342539117209553,0,0,0.0,17,8,pulsed_mixed_flood,1
0.219433,6,2094.0,27.343198151599807,9542.776154908332,345.1428571428572,33.61759743263722,0.0438866,0.060092528806000495,0,0,0.0,17,8,pulsed_mixed_flood,1
0.02064,4,364.0,193.79844961240312,17635.658914728683,82.8,44.913249715423625,0.00688,0.011894858931488004,0,0,1.0,17,1,benign,0
0.020615,4,200.0,194.0334707737084,9701.673538685423,48.4,8.763560920082657,0.006871666666666666,0.011896879646921429,0,0,1.0,17,1,benign,0
117.067227,49,9478.0,0.4185629168443529,80.96202705817916,189.56,489.4750274007649,2.4389005624999993,11.777310171679106,0,1,0.0,6,1,benign,0
0.000108,3,0.0,27777.777777777777,0.0,0.0,0.0,5.4e-05,7.212489168102785e-05,0,0,2.0,6,1,benign,0
1e-06,2,766.0,2000000.0,766000000.0,383.0,0.0,1e-06,0.0,0,0,0.0,17,8,pulsed_mixed_flood,1
0.10688,4,1398.0,37.4251497005988,13080.08982035928,345.6,21.36117974270148,0.035626666666666675,0.06170546472017963,0,0,0.0,17,8,pulsed_mixed_flood,1
0.000347,50,21568.0,144092.21902017292,62155619.59654179,431.5294117647059,42.34446974100703,7.0816326530612225e-06,1.4595713889549158e-05,0,0,0.0,17,4,icmp_flood,1
0.982561,20,7242.0,20.35497032754201,7370.534755602959,360.1428571428572,30.703885282298888,0.051713736842105285,0.056029511154432526,0,0,0.0,17,8,pulsed_mixed_flood,1
119.846011,47,8218.0,0.3921699154425757,68.57132691717207,171.20833333333331,470.8639392550466,2.6053480652173913,12.303953127962968,0,1,0.0,6,1,benign,0
0.001196,112,49280.0,93645.48494983275,41204013.37792642,440.0,0.0,1.0774774774774777e-05,3.129934204498256e-05,0,0,0.0,17,4,icmp_flood,1
1e-06,2,0.0,2000000.0,0.0,0.0,0.0,1e-06,0.0,0,1,0.0,6,1,syn_flood,1
1e-06,2,31.0,2000000.0,31000000.0,20.666666666666664,17.8978583448784,1e-06,0.0,0,0,0.0,6,1,benign,0
0.268237,53,21906.0,197.5864627176713,81666.58589232656,405.6666666666666,848.5170637925731,0.005158403846153846,0.01564134191908702,0,1,0.0,6,1,benign,0
0.04689,4,300.0,85.3060354020047,6397.952655150351,69.4,30.672463220289305,0.01563,0.027066757969878848,0,0,1.0,17,1,benign,0
1e-06,2,0.0,2000000.0,0.0,0.0,0.0,1e-06,0.0,0,1,0.0,6,1,syn_flood,1
0.054971,2,0.0,36.38282003238072,0.0,0.0,0.0,0.054971,0.0,0,0,1.0,6,1,benign,0
1e-06,2,0.0,2000000.0,0.0,0.0,0.0,1e-06,0.0,0,1,0.0,6,1,syn_flood,1
116.709741,83,12910.0,0.7111660028446126,110.61630237016806,153.69047619047618,361.6822467568013,1.4232895243902441,9.016751659622175,0,1,0.0,6,1,benign,0
0.020707,4,160.0,193.171391316946,7726.855652677838,38.4,8.763560920082657,0.006902333333333334,0.011949995871686872,0,0,1.0,17,1,benign,0
2e-06,2,996.0,1000000.0,498000000.0,498.0,0.0,2e-06,0.0,0,0,0.0,17,3,dns_amplification,1
2e-06,2,2944.0,1000000.0,1472000000.0,1472.0,0.0,2e-06,0.0,0,0,0.0,17,6,slowloris_low_rate,1
0.020747,4,262.0,192.798958885622,12628.33180700824,61.4,22.456624857711805,0.006915666666666666,0.01197308988245446,0,0,1.0,17,1,benign,0
1e-06,2,0.0,2000000.0,0.0,0.0,0.0,1e-06,0.0,1,0,0.0,6,1,benign,0
0.233825,45,15682.0,192.4516198011333,67067.25114936384,340.9130434782609,692.7575758786029,0.005314204545454545,0.016044996360641595,0,1,0.0,6,1,benign,0
1e-06,2,0.0,2000000.0,0.0,0.0,0.0,1e-06,0.0,0,1,0.0,6,1,syn_flood,1
0.020631,4,160.0,193.88299161456055,7755.3196645824255,38.4,8.763560920082657,0.006877,0.011906983287130288,0,0,1.0,17,1,benign,0
0.000965,64,27440.0,66321.24352331606,28435233.16062176,428.9230769230769,62.65288992045471,1.5317460317460323e-05,8.969605043932381e-05,0,0,0.0,17,4,icmp_flood,1
14.340543,12,0.0,0.8367883977615074,0.0,0.0,0.0,1.3036857272727274,2.557258429852216,0,1,5.0,6,1,benign,0
5.9e-05,4,0.0,67796.61016949153,0.0,0.0,0.0,1.9666666666666666e-05,3.320140559273557e-05,0,1,1.0,6,1,syn_flood,1
1e-06,2,750.0,2000000.0,750000000.0,375.0,0.0,1e-06,0.0,0,0,0.0,17,8,pulsed_mixed_flood,1
1e-06,2,2944.0,2000000.0,2944000000.0,1472.0,0.0,1e-06,0.0,0,0,0.0,17,6,slowloris_low_rate,1
40.694755,5,1500.0,0.1228659565587752,36.85978696763256,300.0,0.0,10.17368875,3.5939321932063373,0,0,0.0,17,1,benign,0
0.020822,4,156.0,192.10450485063876,7492.075689174911,37.4,8.763560920082657,0.006940666666666666,0.01201985525425882,0,0,1.0,17,1,benign,0
1e-06,2,802.0,2000000.0,802000000.0,401.0,0.0,1e-06,0.0,0,0,0.0,17,8,pulsed_mixed_flood,1
0.020601,4,208.0,194.16533178001063,10096.597252560554,50.4,8.763560920082657,0.006867,0.011887930728263857,0,0,1.0,17,1,benign,0
0.000106,4,0.0,37735.84905660377,0.0,0.0,0.0,3.533333333333333e-05,5.9467077726531454e-05,0,1,1.0,6,1,syn_flood,1
5.319411,27,7959.0,5.0757499279525495,1496.2182843175683,284.25000000000006,620.0313985478358,0.20459273076923082,0.9834975625016488,0,1,0.0,6,1,benign,0
0.121167,2,0.0,16.506144412257463,0.0,0.0,0.0,0.121167,0.0,0,0,1.0,6,1,benign,0
0.143633,31,7500.0,215.82783900635647,52216.412662828174,234.375,528.4576309808909,0.004787766666666666,0.012516222597736583,0,1,0.0,6,1,benign,0
1e-06,2,0.0,2000000.0,0.0,0.0,0.0,1e-06,0.0,0,1,0.0,6,1,syn_flood,1
0.000158,16,7040.0,101265.82278481014,44556962.02531645,440.0,0.0,1.0533333333333336e-05,1.9037056595217768e-05,0,0,0.0,17,4,icmp_flood,1
1e-06,2,2944.0,2000000.0,2944000000.0,1472.0,0.0,1e-06,0.0,0,0,0.0,17,6,slowloris_low_rate,1
1e-06,2,2944.0,2000000.0,2944000000.0,1472.0,0.0,1e-06,0.0,0,0,0.0,17,3,dns_amplification,1
0.020654,4,232.0,193.6670862786869,11232.691004163846,55.2,15.336231610144653,0.006884666666666666,0.011920262343309954,0,0,1.0,17,1,benign,0
0.020635,4,184.0,193.8454082868912,8916.888781196993,43.2,15.336231610144653,0.0068783333333333335,0.01190929268820501,0,0,1.0,17,1,benign,0
1e-06,2,0.0,2000000.0,0.0,0.0,0.0,1e-06,0.0,0,1,0.0,6,1,syn_flood,1
1e-06,2,2944.0,2000000.0,2944000000.0,1472.0,0.0,1e-06,0.0,0,0,0.0,17,6,slowloris_low_rate,1
4.4e-05,2,0.0,45454.545454545456,0.0,0.0,0.0,4.4e-05,0.0,0,1,0.0,6,1,syn_flood,1
0.020594,4,268.0,194.2313295134505,13013.499077401184,61.2,31.767908335299637,0.0068646666666666665,0.01188562132718914,0,0,1.0,17,1,benign,0
0.00025,4,0.0,16000.0,0.0,0.0,0.0,8.333333333333333e-05,8.003332639178091e-05,0,0,3.0,6,1,benign,0
5.006034,15,3038.0,2.9963839638324474,606.8676321415318,189.875,376.26672720292447,0.3575738571428571,1.337593920687375,0,1,0.0,6,1,http_get_flood,1
1e-06,2,2944.0,2000000.0,2944000000.0,1472.0,0.0,1e-06,0.0,0,0,0.0,17,3,dns_amplification,1
0.021163,3,0.0,141.75683976751878,0.0,0.0,0.0,0.0105815,0.014960258169563784,0,0,2.0,6,1,benign,0
0.0002,2,0.0,10000.0,0.0,0.0,0.0,0.0002,0.0,0,0,1.0,6,1,http_get_flood,1
1e-06,2,0.0,2000000.0,0.0,0.0,0.0,1e-06,0.0,0,1,0.0,6,0,udp_flood,1
0.02285,4,208.0,175.054704595186,9102.844638949671,48.8,17.527121840165314,0.007616666666666666,0.013187257498560243,0,0,1.0,17,1,benign,0
1e-06,2,2944.0,2000000.0,2944000000.0,1472.0,0.0,1e-06,0.0,0,0,0.0,17,6,slowloris_low_rate,1
1e-06,2,0.0,2000000.0,0.0,0.0,0.0,1e-06,0.0,0,1,0.0,6,0,udp_flood,1
0.000195,3,0.0,15384.615384615385,0.0,0.0,0.0,9.75e-05,0.00013505739520663058,0,0,2.0,6,1,benign,0
0.000181,3,0.0,16574.585635359115,0.0,0.0,0.0,9.05e-05,0.00012515790027001891,0,0,2.0,6,1,benign,0
0.230802,53,21902.0,229.63405863034117,94895.19154946665,405.5925925925926,848.3948555286572,0.004438499999999998,0.014924732023738051,0,1,0.0,6,1,benign,0
1e-06,2,2944.0,2000000.0,2944000000.0,1472.0,0.0,1e-06,0.0,0,0,0.0,17,3,dns_amplification,1
0.054739,8,3248.0,146.14808454666692,59336.12232594676,360.88888888888886,716.1166881948159,0.007819857142857142,0.0148422221430235,0,0,1.0,6,1,benign,0
1e-06,2,2944.0,2000000.0,2944000000.0,1472.0,0.0,1e-06,0.0,0,0,0.0,17,3,dns_amplification,1
0.02072,4,220.0,193.05019305019303,10617.760617760618,52.2,15.336231610144653,0.006906666666666666,0.011959233475993909,0,0,1.0,17,1,benign,0
6.096718,7,0.0,1.1481587306481946,0.0,0.0,0.0,1.0161196666666668,2.4888478181738365,0,1,0.0,6,1,http_get_flood,1
1e-06,2,2944.0,2000000.0,2944000000.0,1472.0,0.0,1e-06,0.0,0,0,0.0,17,3,dns_amplification,1
0.054626,2,0.0,36.61260205762824,0.0,0.0,0.0,0.054626,0.0,0,0,1.0,6,1,benign,0
0.00174,20,8512.0,11494.25287356322,4891954.022988507,426.28571428571433,43.31413494131315,9.157894736842104e-05,0.00013652647923448308,0,0,0.0,17,4,icmp_flood,1
2e-06,2,2944.0,1000000.0,1472000000.0,1472.0,0.0,2e-06,0.0,0,0,0.0,17,6,slowloris_low_rate,1
1e-06,2,802.0,2000000.0,802000000.0,401.0,0.0,1e-06,0.0,0,0,0.0,17,8,pulsed_mixed_flood,1
0.000159,3,0.0,18867.924528301886,0.0,0.0,0.0,7.95e-05,0.00010960155108391488,0,0,2.0,6,1,benign,0
0.020584,4,196.0,194.32568985619892,9521.95880295375,47.4,8.763560920082657,0.006861333333333334,0.011879847824502354,0,0,1.0,17,1,benign,0
1e-06,2,2944.0,2000000.0,2944000000.0,1472.0,0.0,1e-06,0.0,0,0,0.0,17,6,slowloris_low_rate,1
116.295202,42,2858.0,0.361149895074777,24.57539047913602,69.06976744186048,82.64508032741925,2.836468341463415,12.643750480532226,0,0,1.0,6,1,benign,0
2e-06,2,2944.0,1000000.0,1472000000.0,1472.0,0.0,2e-06,0.0,0,0,0.0,17,3,dns_amplification,1
0.000431,5,154.0,11600.92807424594,357308.58468677494,33.333333333333336,17.90716802475106,0.00010775,0.00021083544135968535,0,0,0.0,6,1,benign,0
3e-06,2,0.0,666666.6666666665,0.0,0.0,0.0,3e-06,0.0,1,0,1.0,6,1,benign,0
1e-06,2,0.0,2000000.0,0.0,0.0,0.0,1e-06,0.0,0,1,0.0,6,1,syn_flood,1
0.214268,6,2088.0,28.002314858028264,9744.805570593837,344.1428571428572,33.61759743263722,0.0428536,0.05870508314277392,0,0,0.0,17,8,pulsed_mixed_flood,1
0.000107,4,0.0,37383.17757009346,0.0,0.0,0.0,3.566666666666667e-05,6.091250555783544e-05,0,1,1.0,6,1,syn_flood,1
0.020658,4,132.0,193.62958660083265,6389.776357827475,31.4,8.763560920082657,0.006886,0.011921705708496582,0,0,1.0,17,1,benign,0
0.000192,3,0.0,15625.0,0.0,0.0,0.0,9.6e-05,0.00013293607486307093,0,0,2.0,6,1,benign,0
0.000252,3,0.0,11904.761904761905,0.0,0.0,0.0,0.000126,0.00017536248173426376,0,0,0.0,6,1,benign,0
4.796706,217,226064.0,45.239378857074,47129.00894905796,1036.9908256880733,1264.4514265299767,0.02220697222222222,0.2565226502212597,0,1,1.0,6,1,benign,0
0.02479,3,0.0,121.0165389269867,0.0,0.0,0.0,0.012395,0.017524934464927394,0,0,2.0,6,1,benign,0
116.544539,69,16214.0,0.5920483326979397,139.12277777339702,231.6285714285713,537.1018355773308,1.7138902794117645,9.877643683278714,0,1,0.0,6,1,benign,0
3e-06,2,0.0,666666.6666666665,0.0,0.0,0.0,3e-06,0.0,0,1,0.0,6,1,syn_flood,1
5.518333,7,0.0,1.268499019540865,0.0,0.0,0.0,0.9197221666666664,2.2331959907210495,0,1,0.0,6,1,benign,0
1e-06,2,0.0,2000000.0,0.0,0.0,0.0,1e-06,0.0,0,1,0.0,6,1,syn_flood,1
0.083772,4,192.0,47.7486511006064,2291.9352528291074,48.0,0.0,0.027924,0.048360590598130616,0,0,1.0,17,1,benign,0
7.211367,10,0.0,1.3866996368372322,0.0,0.0,0.0,0.801263,1.4298060595948845,0,1,4.0,6,1,benign,0
0.001306,96,42240.0,73506.89127105665,32343032.15926493,440.0,0.0,1.3747368421052627e-05,2.585473676551138e-05,0,0,0.0,17,4,icmp_flood,1
1e-06,2,2928.0,2000000.0,2928000000.0,1464.0,0.0,1e-06,0.0,0,0,0.0,17,6,slowloris_low_rate,1
0.000194,2,0.0,10309.278350515464,0.0,0.0,0.0,0.000194,0.0,0,0,1.0,6,1,http_get_flood,1
0.206361,30,13200.0,145.3763065695553,63965.57489060432,440.0,0.0,0.00711589655172414,0.008175266934675709,0,0,0.0,17,4,icmp_flood,1
115.82865,80,17027.0,0.6906754071639444,147.00162697225602,210.20987654320976,636.2912602741252,1.4661854430379746,3.5010851680390602,0,1,1.0,6,1,benign,0
1e-06,2,0.0,2000000.0,0.0,0.0,0.0,1e-06,0.0,0,1,0.0,6,1,syn_flood,1
1e-06,2,2928.0,2000000.0,2928000000.0,1464.0,0.0,1e-06,0.0,0,0,0.0,17,6,slowloris_low_rate,1
0.032112,4,0.0,124.56402590931738,0.0,0.0,0.0,0.010704,0.018537273774749084,0,0,3.0,6,1,benign,0
1e-06,2,2944.0,2000000.0,2944000000.0,1472.0,0.0,1e-06,0.0,0,0,0.0,17,6,slowloris_low_rate,1
0.045019,4,330.0,88.85137386436838,7330.238343810391,76.4,33.411076007815126,0.015006333333333332,0.025984803584659502,0,0,1.0,17,1,benign,0
1e-06,2,2944.0,2000000.0,2944000000.0,1472.0,0.0,1e-06,0.0,0,0,0.0,17,3,dns_amplification,1
0.045986,4,312.0,86.98299482451179,6784.673596311922,69.6,46.00869483043395,0.015328666666666668,0.026545699356644067,0,0,1.0,17,1,benign,0
117.107963,82,39270.0,0.7002085759104186,335.33159482929443,473.1325301204821,794.2439843094899,1.445777320987654,9.109465766535774,0,1,0.0,6,1,benign,0
0.091328,2,0.0,21.89908899789768,0.0,0.0,0.0,0.091328,0.0,0,0,1.0,6,1,benign,0
7.339496,10,0.0,1.3624913754295935,0.0,0.0,0.0,0.8154995555555555,1.466055194815249,0,1,4.0,6,1,benign,0
1e-06,2,2944.0,2000000.0,2944000000.0,1472.0,0.0,1e-06,0.0,0,0,0.0,17,3,dns_amplification,1
1e-06,2,2928.0,2000000.0,2928000000.0,1464.0,0.0,1e-06,0.0,0,0,0.0,17,6,slowloris_low_rate,1
0.000359,3,0.0,8356.545961002785,0.0,0.0,0.0,0.0001795,0.00024960869375885127,0,0,2.0,6,1,benign,0
0.000177,2,0.0,11299.435028248588,0.0,0.0,0.0,0.000177,0.0,0,0,1.0,6,1,http_get_flood,1
0.001202,4,1760.0,3327.787021630616,1464226.2895174709,440.0,0.0,0.0004006666666666666,0.0006630424822990858,0,0,0.0,17,4,icmp_flood,1
83.735331,10,0.0,0.1194239024385059,0.0,0.0,0.0,9.303925666666666,13.22207019318534,0,1,0.0,6,1,syn_flood,1
0.020627,4,204.0,193.92058951859207,9889.9500654482,49.4,8.763560920082657,0.006875666666666666,0.011902075841353617,0,0,1.0,17,1,benign,0
1e-06,2,0.0,2000000.0,0.0,0.0,0.0,1e-06,0.0,0,1,0.0,6,1,syn_flood,1
1e-06,2,2944.0,2000000.0,2944000000.0,1472.0,0.0,1e-06,0.0,0,0,0.0,17,6,slowloris_low_rate,1
0.23801,6,2054.0,25.20902483088945,8629.889500441159,339.42857142857144,23.957303290487022,0.047602,0.06515936952963865,0,0,0.0,17,8,pulsed_mixed_flood,1
1e-06,2,766.0,2000000.0,766000000.0,383.0,0.0,1e-06,0.0,0,0,0.0,17,8,pulsed_mixed_flood,1
0.020889,4,160.0,191.4883431471109,7659.533725884435,38.4,8.763560920082657,0.006963,0.012055939656451504,0,0,1.0,17,1,benign,0
1e-06,2,766.0,2000000.0,766000000.0,383.0,0.0,1e-06,0.0,0,0,0.0,17,8,pulsed_mixed_flood,1
1e-06,3,0.0,3000000.0,0.0,0.0,0.0,5e-07,7.071067811865476e-07,0,0,2.0,6,1,benign,0
0.000157,28,11600.0,178343.94904458598,73885350.31847134,415.1724137931035,92.83705731992296,5.814814814814817e-06,1.5935053370664495e-05,0,0,0.0,17,4,icmp_flood,1
0.000806,96,42240.0,119106.69975186106,52406947.89081886,440.0,0.0,8.48421052631579e-06,1.8695694781405222e-05,0,0,0.0,17,4,icmp_flood,1
119.802205,70,7388.0,0.5842964242603047,61.6683140347876,104.05633802816902,242.46848910581247,1.7362638405797102,3.781125232402576,0,1,0.0,6,1,benign,0
1e-06,2,766.0,2000000.0,766000000.0,383.0,0.0,1e-06,0.0,0,0,0.0,17,8,pulsed_mixed_flood,1
0.020881,4,486.0,191.5617068148077,23274.74737799913,103.4,99.13778290843506,0.006960333333333334,0.01205045481852587,0,0,1.0,17,1,benign,0
0.000206,2,0.0,9708.737864077671,0.0,0.0,0.0,0.000206,0.0,0,0,1.0,6,1,http_get_flood,1
4.6e-05,2,2944.0,43478.260869565216,64000000.0,1472.0,0.0,4.6e-05,0.0,0,0,0.0,17,6,slowloris_low_rate,1
8e-05,2,0.0,25000.0,0.0,0.0,0.0,8e-05,0.0,0,1,0.0,6,1,syn_flood,1
1e-06,2,2944.0,2000000.0,2944000000.0,1472.0,0.0,1e-06,0.0,0,0,0.0,17,3,dns_amplification,1
0.11541,13,3938.0,112.64188545186724,34121.8265314964,281.2857142857144,553.7193719359499,0.0096175,0.02221576379510729,0,1,0.0,6,1,benign,0
1e-06,2,2944.0,2000000.0,2944000000.0,1472.0,0.0,1e-06,0.0,0,0,0.0,17,6,slowloris_low_rate,1
1e-06,2,0.0,2000000.0,0.0,0.0,0.0,1e-06,0.0,0,1,0.0,6,1,syn_flood,1
0.068154,4,514.0,58.690612436540775,7541.743698095491,112.0,90.37422198835242,0.022718,0.03934266807170048,0,0,1.0,17,1,benign,0
1e-06,2,0.0,2000000.0,0.0,0.0,0.0,1e-06,0.0,0,1,0.0,6,0,udp_flood,1
1e-06,2,31.0,2000000.0,31000000.0,20.666666666666664,17.8978583448784,1e-06,0.0,0,0,0.0,6,1,benign,0
0.020632,4,300.0,193.87359441644043,14540.519581233037,69.4,30.672463220289305,0.006877333333333334,0.01190929268820501,0,0,1.0,17,1,benign,0
0.020771,4,414.0,192.57618795435943,19931.6354532762,91.6,65.17898434311476,0.006923666666666666,0.011987812324746052,0,0,1.0,17,1,benign,0
0.014688,108,47520.0,7352.941176470588,3235294.117647059,440.0,0.0,0.0001372710280373832,0.000597040793304518,0,0,0.0,17,4,icmp_flood,1
1e-06,2,0.0,2000000.0,0.0,0.0,0.0,1e-06,0.0,0,1,0.0,6,1,syn_flood,1
0.020876,4,410.0,191.6075876604713,19639.77773519832,91.4,60.79720388307344,0.006958666666666666,0.012051032168795058,0,0,1.0,17,1,benign,0
0.000178,3,0.0,16853.932584269663,0.0,0.0,0.0,8.9e-05,0.0001216223663640862,0,0,2.0,6,1,benign,0
0.020598,4,416.0,194.1936110301971,20196.135547140497,90.4,74.49026782070258,0.006866,0.011887930728263857,0,0,1.0,17,1,benign,0
4.8e-05,2,2944.0,41666.66666666666,61333333.33333333,1472.0,0.0,4.8e-05,0.0,0,0,0.0,17,3,dns_amplification,1
1.273689,96,43832.0,75.3716174042486,34413.42431315652,451.8762886597938,735.1251772336118,0.013407252631578945,0.08475641235943086,0,1,0.0,6,1,benign,0
1e-06,2,2944.0,2000000.0,2944000000.0,1472.0,0.0,1e-06,0.0,0,0,0.0,17,3,dns_amplification,1
39.130293,16,0.0,0.4088903704349977,0.0,0.0,0.0,2.6086862,4.818046373626038,0,1,0.0,6,0,udp_flood,1
2e-06,2,802.0,1000000.0,401000000.0,401.0,0.0,2e-06,0.0,0,0,0.0,17,8,pulsed_mixed_flood,1
0.032082,2,0.0,62.34025310142759,0.0,0.0,0.0,0.032082,0.0,0,0,1.0,6,1,benign,0
1e-06,2,0.0,2000000.0,0.0,0.0,0.0,1e-06,0.0,0,1,0.0,6,0,udp_flood,1
0.054978,3,0.0,54.56728145803776,0.0,0.0,0.0,0.027489,0.03887248818894926,0,0,2.0,6,1,benign,0
1e-06,2,802.0,2000000.0,802000000.0,401.0,0.0,1e-06,0.0,0,0,0.0,17,8,pulsed_mixed_flood,1
0.021304,4,368.0,187.75816748028535,17273.751408186254,85.2,37.24513391035129,0.007101333333333334,0.012296406033200648,0,0,1.0,17,1,benign,0
0.09715,9,750.0,92.64024704065878,7720.0205867215645,75.00000000000001,158.11388300841895,0.01214375,0.022645402079829423,0,1,0.0,6,1,benign,0
0.045779,4,180.0,87.37630791410909,3931.933856134909,42.2,15.336231610144653,0.015259666666666668,0.02642705387161674,0,0,1.0,17,1,benign,0
1e-06,2,2944.0,2000000.0,2944000000.0,1472.0,0.0,1e-06,0.0,0,0,0.0,17,6,slowloris_low_rate,1
0.000231,3,0.0,12987.012987012988,0.0,0.0,0.0,0.0001155,0.0001590990257669732,0,0,2.0,6,1,benign,0
31.804523,6,0.0,0.1886524127401628,0.0,0.0,0.0,6.3609046,9.069973334580444,0,1,0.0,6,0,udp_flood,1
0.040957,2,0.0,48.83170154064018,0.0,0.0,0.0,0.040957,0.0,0,0,1.0,6,1,benign,0
0.077799,4,0.0,51.41454260337537,0.0,0.0,0.0,0.025933,0.03118414185126793,0,0,3.0,6,1,benign,0
9.8e-05,3,0.0,30612.244897959183,0.0,0.0,0.0,4.9e-05,6.646803743153547e-05,0,0,2.0,6,1,http_get_flood,1
0.000551,20,8224.0,36297.640653357535,14925589.836660618,412.5714285714286,86.6282698826263,2.9e-05,9.00111104253247e-05,0,0,0.0,17,4,icmp_flood,1
0.052577,17,2058.0,323.33529870475684,39142.5908667288,114.33333333333334,167.42056940180177,0.0032860624999999995,0.0083807118509806,0,1,0.0,6,1,benign,0
1e-06,2,0.0,2000000.0,0.0,0.0,0.0,1e-06,0.0,0,1,0.0,6,1,syn_flood,1
0.00019,3,0.0,15789.473684210525,0.0,0.0,0.0,9.5e-05,0.00013010764773832475,0,0,2.0,6,1,benign,0
0.020692,4,200.0,193.31142470520007,9665.571235260004,48.4,8.763560920082657,0.006897333333333334,0.011941335617649028,0,0,1.0,17,1,benign,0
0.000316,4,0.0,12658.227848101267,0.0,0.0,0.0,0.00010533333333333331,9.510169994975556e-05,0,0,3.0,6,1,benign,0
0.102387,2,0.0,19.53372986804965,0.0,0.0,0.0,0.102387,0.0,0,0,1.0,6,1,benign,0
4.8e-05,2,0.0,41666.66666666666,0.0,0.0,0.0,4.8e-05,0.0,0,1,0.0,6,1,syn_flood,1
7.339024,10,0.0,1.362579002330555,0.0,0.0,0.0,0.8154471111111111,1.4668233387268763,0,1,4.0,6,1,benign,0
1e-06,2,0.0,2000000.0,0.0,0.0,0.0,1e-06,0.0,0,1,0.0,6,1,syn_flood,1
1e-06,2,0.0,2000000.0,0.0,0.0,0.0,1e-06,0.0,0,1,0.0,6,0,udp_flood,1
1e-06,2,2448.0,2000000.0,2448000000.0,1224.0,0.0,1e-06,0.0,0,0,0.0,17,6,slowloris_low_rate,1
0.020626,4,320.0,193.9299912731504,15514.39930185203,70.4,52.58136552049595,0.006875333333333334,0.0119058286705854,0,0,1.0,17,1,benign,0
0.215923,6,2088.0,27.7876835723846,9670.11388318984,344.1428571428572,33.61759743263722,0.0431846,0.05915674834116561,0,0,0.0,17,8,pulsed_mixed_flood,1
1e-06,2,0.0,2000000.0,0.0,0.0,0.0,1e-06,0.0,0,1,0.0,6,1,syn_flood,1
0.020708,4,274.0,193.1620629708325,13231.60131350203,62.0,35.6019662378358,0.006902666666666666,0.011952305314596567,0,0,1.0,17,1,benign,0
0.020626,4,232.0,193.9299912731504,11247.939493842723,55.2,15.336231610144653,0.006875333333333334,0.011905828586592929,0,0,1.0,17,1,benign,0
117.959227,91,15508.0,0.7714530038417428,131.46915586349172,168.5652173913044,414.49111668387087,1.3106580777777779,8.66908246865986,0,1,0.0,6,1,benign,0
0.020748,4,262.0,192.78966647387705,12627.723154038942,61.4,22.456624857711805,0.006916,0.011972801217760192,0,0,1.0,17,1,benign,0
1e-06,2,2928.0,2000000.0,2928000000.0,1464.0,0.0,1e-06,0.0,0,0,0.0,17,6,slowloris_low_rate,1
0.020618,4,200.0,194.00523814142983,9700.26190707149,48.4,8.763560920082657,0.006872666666666666,0.011898611697728998,0,0,1.0,17,1,benign,0
1e-06,2,2896.0,2000000.0,2896000000.0,1448.0,0.0,1e-06,0.0,0,0,0.0,17,6,slowloris_low_rate,1
117.082951,47,8218.0,0.4014247983893061,70.18955304602802,171.20833333333331,470.8639392550466,2.5452815434782607,12.032732012164484,0,1,0.0,6,1,benign,0
5.756648,21,5948.0,3.6479562412014768,1033.240177269828,270.36363636363643,418.79470427526223,0.28783240000000004,1.1221851320955727,0,1,0.0,6,1,http_get_flood,1
2e-06,2,0.0,1000000.0,0.0,0.0,0.0,2e-06,0.0,0,0,0.0,6,1,benign,0
0.020706,4,236.0,193.1807205640877,11397.662513281177,56.2,15.336231610144653,0.006902,0.011948552506475418,0,0,1.0,17,1,benign,0
1e-06,2,31.0,2000000.0,31000000.0,20.666666666666664,17.8978583448784,1e-06,0.0,0,0,0.0,6,1,benign,0
1e-06,2,0.0,2000000.0,0.0,0.0,0.0,1e-06,0.0,0,1,0.0,6,0,udp_flood,1
1e-06,2,0.0,2000000.0,0.0,0.0,0.0,1e-06,0.0,0,1,0.0,6,1,syn_flood,1
0.0003,50,22000.0,166666.6666666667,73333333.33333334,440.0,0.0,6.122448979591836e-06,1.4076624614736929e-05,0,0,0.0,17,4,icmp_flood,1
1.207626,11,664.0,9.108780367431637,549.8391058158734,55.33333333333333,129.2308247308128,0.12076260000000001,0.34927250656159897,0,1,0.0,6,1,benign,0
1e-06,2,2864.0,2000000.0,2864000000.0,1432.0,0.0,1e-06,0.0,0,0,0.0,17,6,slowloris_low_rate,1
0.020635,4,156.0,193.8454082868912,7559.970923188756,37.4,8.763560920082657,0.0068783333333333335,0.011911024739011053,0,0,1.0,17,1,benign,0
0.046573,4,228.0,85.88667253558928,4895.54033452859,54.2,15.336231610144653,0.015524333333333333,0.026882871913791746,0,0,1.0,17,1,benign,0
40.999797,8,0.0,0.1951229173159076,0.0,0.0,0.0,5.857113857142857,7.402040049710449,0,1,0.0,6,0,udp_flood,1
1e-06,2,2944.0,2000000.0,2944000000.0,1472.0,0.0,1e-06,0.0,0,0,0.0,17,3,dns_amplification,1
0.213199,6,2088.0,28.142721119705065,9793.666949657363,344.1428571428572,33.61759743263722,0.042639800000000005,0.058409030335214426,0,0,0.0,17,8,pulsed_mixed_flood,1
1e-06,2,2944.0,2000000.0,2944000000.0,1472.0,0.0,1e-06,0.0,0,0,0.0,17,3,dns_amplification,1
0.000159,3,0.0,18867.924528301886,0.0,0.0,0.0,7.95e-05,0.00010960155108391488,0,0,2.0,6,1,benign,0
1e-06,2,670.0,2000000.0,670000000.0,335.0,0.0,1e-06,0.0,0,0,0.0,17,8,pulsed_mixed_flood,1
0.020599,4,196.0,194.18418369823775,9515.025001213651,47.4,8.763560920082657,0.006866333333333334,0.011888508078532534,0,0,1.0,17,1,benign,0
1e-06,2,0.0,2000000.0,0.0,0.0,0.0,1e-06,0.0,0,1,0.0,6,1,syn_flood,1
0.020656,4,286.0,193.64833462432225,13845.855925639038,65.4,33.411076007815126,0.006885333333333334,0.011920551007958203,0,0,1.0,17,1,benign,0
1e-06,2,0.0,2000000.0,0.0,0.0,0.0,1e-06,0.0,0,1,0.0,6,1,syn_flood,1
0.020608,4,200.0,194.0993788819876,9704.96894409938,48.4,8.763560920082657,0.006869333333333334,0.0118928381950371,0,0,1.0,17,1,benign,0
1e-06,2,31.0,2000000.0,31000000.0,20.666666666666664,17.8978583448784,1e-06,0.0,0,0,0.0,6,1,benign,0
0.055897,13,1366.0,232.570620963558,24437.80524894001,97.57142857142856,167.4550292263174,0.0046580833333333335,0.010297843185111701,0,1,0.0,6,1,benign,0
116.460646,52,5616.0,0.4465027611129686,48.222298200200605,105.96226415094335,176.61082402844335,2.283542078431373,11.384071240374658,0,1,0.0,6,1,benign,0
5.266642,24,7474.0,4.556983368149952,1419.1205705646976,298.9600000000001,654.3318143979652,0.22898443478260871,1.0711374627065984,0,1,0.0,6,1,benign,0
1e-06,2,2944.0,2000000.0,2944000000.0,1472.0,0.0,1e-06,0.0,0,0,0.0,17,3,dns_amplification,1
0.000105,3,0.0,28571.42857142857,0.0,0.0,0.0,5.25e-05,7.000357133746821e-05,0,0,2.0,6,1,benign,0
0.046563,4,204.0,85.90511779739279,4381.161007667031,49.4,8.763560920082657,0.015521,0.02687796443185384,0,0,1.0,17,1,benign,0
2e-06,2,750.0,1000000.0,375000000.0,375.0,0.0,2e-06,0.0,0,0,0.0,17,0,udp_flood,1
0.020993,4,268.0,190.53970371076068,12766.160148620967,60.0,38.34057902536164,0.006997666666666666,0.012118582150290243,0,0,1.0,17,1,benign,0
0.107615,4,1438.0,37.16953956232867,13362.449472657156,353.6,32.3156308928048,0.03587166666666667,0.062129817168034,0,0,0.0,17,8,pulsed_mixed_flood,1
0.022709,4,270.0,176.14161786076005,11889.559205601305,62.2,29.02929554777381,0.007569666666666666,0.013105851110604505,0,0,1.0,17,1,benign,0
1e-06,2,2944.0,2000000.0,2944000000.0,1472.0,0.0,1e-06,0.0,0,0,0.0,17,3,dns_amplification,1
0.020632,4,330.0,193.87359441644043,15994.57153935634,76.4,33.411076007815126,0.006877333333333334,0.011906694601497651,0,0,1.0,17,1,benign,0
0.020989,4,438.0,190.57601600838527,20868.0737529182,98.0,62.9880941130941,0.006996333333333334,0.012113674683321047,0,0,1.0,17,1,benign,0
0.020838,4,200.0,191.95700163163448,9597.850081581726,48.4,8.763560920082657,0.006946,0.012026494792748215,0,0,1.0,17,1,benign,0
3e-06,2,2944.0,666666.6666666665,981333333.3333333,1472.0,0.0,3e-06,0.0,0,0,0.0,17,0,udp_flood,1
0.000323,5,154.0,15479.876160990712,476780.1857585139,33.333333333333336,17.90716802475106,8.075e-05,0.0001581673691589598,0,0,0.0,6,1,benign,0
0.000108,2,0.0,18518.51851851852,0.0,0.0,0.0,0.000108,0.0,0,0,1.0,6,1,http_get_flood,1
0.108927,4,1438.0,36.72184123311943,13201.501923306436,353.6,32.3156308928048,0.036309,0.06284660192086762,0,0,0.0,17,8,pulsed_mixed_flood,1
1e-06,2,2944.0,2000000.0,2944000000.0,1472.0,0.0,1e-06,0.0,0,0,0.0,17,3,dns_amplification,1
0.128586,31,16443.0,241.0837882817725,127875.50744248983,513.84375,899.6144016035878,0.0042861999999999996,0.011147928378449263,0,1,0.0,6,1,benign,0
2e-06,2,2944.0,1000000.0,1472000000.0,1472.0,0.0,2e-06,0.0,0,0,0.0,17,6,slowloris_low_rate,1
1.505443,22,14276.0,14.613638643243217,9482.922966860917,620.695652173913,1112.950151410966,0.07168776190476192,0.2959728080165313,0,1,0.0,6,1,benign,0
0.020667,4,212.0,193.5452653989452,10257.899066144091,51.4,8.763560920082657,0.006889,0.011928633953642806,0,0,1.0,17,1,benign,0
1e-06,2,0.0,2000000.0,0.0,0.0,0.0,1e-06,0.0,0,1,0.0,6,0,udp_flood,1
0.033339,4,0.0,119.97960346741054,0.0,0.0,0.0,0.011113,0.019169519425379446,0,0,3.0,6,1,benign,0
1e-06,2,31.0,2000000.0,31000000.0,20.666666666666664,17.8978583448784,1e-06,0.0,0,0,0.0,6,1,benign,0
36.997431,10,0.0,0.2702890370955757,0.0,0.0,0.0,4.110825666666666,6.17501421046373,0,1,0.0,6,0,udp_flood,1
0.000142,3,0.0,21126.76056338028,0.0,0.0,0.0,7.1e-05,9.616652224137044e-05,0,0,2.0,6,1,benign,0
0.000417,24,10560.0,57553.95683453237,25323741.007194243,440.0,0.0,1.81304347826087e-05,3.66795761200675e-05,0,0,0.0,17,4,icmp_flood,1
6.306909,21,5948.0,3.3296817823120644,943.0927257710553,270.36363636363643,418.79470427526223,0.31534545,1.127393069349932,0,1,0.0,6,1,http_get_flood,1
1e-06,2,0.0,2000000.0,0.0,0.0,0.0,1e-06,0.0,0,0,1.0,6,1,http_get_flood,1
0.106895,2,0.0,18.709949015388936,0.0,0.0,0.0,0.106895,0.0,0,0,1.0,6,1,benign,0
6.3e-05,4,0.0,63492.06349206349,0.0,0.0,0.0,2.1e-05,3.464101615137755e-05,0,1,1.0,6,1,syn_flood,1
0.001785,88,38720.0,49299.71988795519,21691876.75070028,440.0,0.0,2.0517241379310342e-05,2.473762884097053e-05,0,0,0.0,17,4,icmp_flood,1
4.8e-05,2,2944.0,41666.66666666666,61333333.33333333,1472.0,0.0,4.8e-05,0.0,0,0,0.0,17,3,dns_amplification,1
0.000451,84,36240.0,186252.77161862527,80354767.18403548,431.5294117647059,54.89179577767045,5.433734939759034e-06,1.2054948150220143e-05,0,0,0.0,17,4,icmp_flood,1
1e-06,2,2944.0,2000000.0,2944000000.0,1472.0,0.0,1e-06,0.0,0,0,0.0,17,6,slowloris_low_rate,1
14.340562,12,0.0,0.8367872890895071,0.0,0.0,0.0,1.3036874545454546,2.557259065787171,0,1,5.0,6,1,benign,0
0.046,4,204.0,86.95652173913044,4434.782608695652,49.4,8.763560920082657,0.015333333333333332,0.026554648281107655,0,0,1.0,17,1,benign,0
0.10816,4,1398.0,36.98224852071007,12925.295857988163,345.6,21.36117974270148,0.036053333333333326,0.06244447307274948,0,0,0.0,17,8,pulsed_mixed_flood,1
0.010322,140,61312.0,13563.262933540012,5939934.121294322,437.9574468085106,17.088790118682038,7.425899280575538e-05,9.772338498481951e-05,0,0,0.0,17,4,icmp_flood,1
1e-06,2,2848.0,2000000.0,2848000000.0,1424.0,0.0,1e-06,0.0,0,0,0.0,17,6,slowloris_low_rate,1
1e-06,2,0.0,2000000.0,0.0,0.0,0.0,1e-06,0.0,0,1,0.0,6,1,syn_flood,1
9.019812,6,0.0,0.6652023345941135,0.0,0.0,0.0,1.8039623999999999,2.6893706445223016,0,1,0.0,6,1,benign,0
0.001082,18,7200.0,16635.859519408503,6654343.807763401,402.10526315789474,113.50863635123008,6.364705882352944e-05,0.00011496246190413122,0,0,0.0,17,4,icmp_flood,1
1e-06,2,31.0,2000000.0,31000000.0,20.666666666666664,17.8978583448784,1e-06,0.0,0,0,0.0,6,1,benign,0
2e-06,3,0.0,1500000.0,0.0,0.0,0.0,1e-06,0.0,0,0,0.0,6,1,benign,0
116.460941,52,5234.0,0.4465016301044656,44.9421063839764,98.75471698113206,160.22243020496148,2.2835478627450985,11.383846727893781,0,1,0.0,6,1,benign,0
118.41736,413,241778.0,3.487664308679065,2041.7445550213245,586.2584541062796,833.837593052119,0.28742077669902916,4.050543942525717,0,0,1.0,6,1,benign,0
7.251816,10,0.0,1.3789649378859037,0.0,0.0,0.0,0.8057573333333334,1.4392462699369766,0,1,4.0,6,1,benign,0
1e-06,2,0.0,2000000.0,0.0,0.0,0.0,1e-06,0.0,0,1,0.0,6,1,syn_flood,1
1e-06,2,31.0,2000000.0,31000000.0,20.666666666666664,17.8978583448784,1e-06,0.0,0,0,0.0,6,1,benign,0
1e-06,2,2944.0,2000000.0,2944000000.0,1472.0,0.0,1e-06,0.0,0,0,0.0,17,6,slowloris_low_rate,1
0.020573,4,352.0,194.4295921839304,17109.804112185873,78.4,52.58136552049595,0.006857666666666666,0.011872630935615464,0,0,1.0,17,1,benign,0
0.211532,48,11746.0,226.9160221621315,55528.24158992493,239.7142857142857,434.19019450006,0.0045006808510638305,0.01180090589025742,0,1,1.0,6,1,benign,0
1e-06,2,0.0,2000000.0,0.0,0.0,0.0,1e-06,0.0,0,1,0.0,6,0,udp_flood,1
0.213185,27,11368.0,126.65056171869502,53324.57724511574,406.0,730.2971490605217,0.008199423076923075,0.02034882146400244,0,1,1.0,6,1,benign,0
2e-06,2,2944.0,1000000.0,1472000000.0,1472.0,0.0,2e-06,0.0,0,0,0.0,17,6,slowloris_low_rate,1
0.056882,4,196.0,70.32101543546288,3445.729756337681,47.4,8.763560920082657,0.018960666666666664,0.03283564185962159,0,0,1.0,17,1,benign,0
1e-06,2,2944.0,2000000.0,2944000000.0,1472.0,0.0,1e-06,0.0,0,0,0.0,17,6,slowloris_low_rate,1
0.020587,4,362.0,194.297372128042,17583.912177587794,80.8,53.12908807800111,0.006862333333333334,0.011881579875308393,0,0,1.0,17,1,benign,0
0.001502,124,54560.0,82556.59121171769,36324900.13315579,440.0,0.0,1.2211382113821134e-05,2.8401181005379574e-05,0,0,0.0,17,4,icmp_flood,1
0.000189,46,19664.0,243386.24338624332,104042328.04232804,427.74468085106383,58.76055615991068,4.200000000000001e-06,1.0722957529609925e-05,0,0,0.0,17,4,icmp_flood,1
1e-06,2,2944.0,2000000.0,2944000000.0,1472.0,0.0,1e-06,0.0,0,0,0.0,17,3,dns_amplification,1
0.109395,4,1458.0,36.56474244709538,13327.848621966266,360.6,21.36117974270148,0.036465,0.06315750064719153,0,0,0.0,17,0,udp_flood,1
0.34433,13,2102.0,37.75447971422764,6104.608950715882,150.14285714285714,252.5868798416336,0.028694166666666663,0.06656871520443892,0,1,0.0,6,1,benign,0
0.020652,4,228.0,193.6858415649816,11040.092969203954,54.2,15.336231610144653,0.006884,0.01191910764277259,0,0,1.0,17,1,benign,0
4.7e-05,2,2944.0,42553.191489361714,62638297.87234042,1472.0,0.0,4.7e-05,0.0,0,0,0.0,17,3,dns_amplification,1
0.02069,4,824.0,193.330111164814,39826.00289995167,171.6,188.41655978177715,0.006896666666666666,0.01194104695298253,0,0,1.0,17,1,benign,0
1e-06,2,2944.0,2000000.0,2944000000.0,1472.0,0.0,1e-06,0.0,0,0,0.0,17,6,slowloris_low_rate,1
0.218469,6,2088.0,27.46385070650756,9557.42004586463,344.1428571428572,33.61759743263722,0.043693800000000005,0.05980770503622423,0,0,0.0,17,8,pulsed_mixed_flood,1
0.003848,3,0.0,779.6257796257796,0.0,0.0,0.0,0.001924,0.0027181184668810887,0,0,0.0,6,1,benign,0
116.361398,94,16904.0,0.8078280393296753,145.2715444343493,177.93684210526322,290.85083588431115,1.251197827956989,3.241386219057695,0,1,0.0,6,1,benign,0
0.002951,2,0.0,677.7363605557437,0.0,0.0,0.0,0.002951,0.0,0,0,1.0,6,1,http_get_flood,1
0.000186,3,0.0,16129.032258064515,0.0,0.0,0.0,9.3e-05,0.00012727922061357857,0,0,2.0,6,1,benign,0
0.000667,26,10864.0,38980.50974512744,16287856.07196402,418.6666666666666,76.86151382644181,2.6680000000000002e-05,4.620670946951319e-05,0,0,0.0,17,4,icmp_flood,1
0.000203,3,0.0,14778.32512315271,0.0,0.0,0.0,0.0001015,0.00013930003589374986,0,0,2.0,6,1,benign,0
0.024216,140,61600.0,5781.301618764453,2543772.71225636,440.0,0.0,0.00017421582733812954,0.0003424439393999228,0,0,0.0,17,4,icmp_flood,1
1e-06,2,0.0,2000000.0,0.0,0.0,0.0,1e-06,0.0,0,1,0.0,6,1,syn_flood,1
0.02056,4,332.0,194.5525291828794,16147.859922178992,74.2,48.199585060454616,0.006853333333333334,0.011865125382116001,0,0,1.0,17,1,benign,0
1e-06,2,2944.0,2000000.0,2944000000.0,1472.0,0.0,1e-06,0.0,0,0,0.0,17,6,slowloris_low_rate,1
0.068568,2,0.0,29.168125072920308,0.0,0.0,0.0,0.068568,0.0,0,0,1.0,6,1,benign,0
1e-06,2,0.0,2000000.0,0.0,0.0,0.0,1e-06,0.0,0,1,0.0,6,1,syn_flood,1
30.035013,999,3092234.0,33.26118087579985,102954.30869299108,3092.2340000000045,4955.71578504924,0.030095203406813643,0.904817443771195,0,1,3.0,6,1,benign,0
5.256465,7,0.0,1.3316934479731148,0.0,0.0,0.0,0.8760774999999998,2.1191121479191937,0,1,0.0,6,1,benign,0
0.032797,142,62480.0,4329.664298563893,1905052.291368113,440.0,0.0,0.00023260283687943264,0.0009510599866872798,0,0,0.0,17,4,icmp_flood,1
1e-06,2,2944.0,2000000.0,2944000000.0,1472.0,0.0,1e-06,0.0,0,0,0.0,17,6,slowloris_low_rate,1
0.020644,4,232.0,193.7608990505716,11238.132144933154,56.4,8.763560920082657,0.006881333333333334,0.011913622804727927,0,0,1.0,17,1,benign,0
1e-06,2,0.0,2000000.0,0.0,0.0,0.0,1e-06,0.0,0,1,0.0,6,1,syn_flood,1
0.020567,4,304.0,194.4863130257208,14780.959789954784,69.4,36.14968879534096,0.006855666666666666,0.01186916683400033,0,0,1.0,17,1,benign,0
0.044897,4,282.0,89.0928124373566,6281.043276833641,64.4,33.411076007815126,0.014965666666666667,0.025917830953483222,0,0,1.0,17,1,benign,0
84.991375,18,0.0,0.2117861959522363,0.0,0.0,0.0,4.9994926470588235,7.061876789384559,0,1,0.0,6,1,syn_flood,1
0.020665,4,226.0,193.56399709654,10936.365835954512,51.4,27.933850432763467,0.006888333333333334,0.011925747160380909,0,0,1.0,17,1,benign,0
5.1e-05,2,802.0,39215.68627450981,15725490.19607843,401.0,0.0,5.1e-05,0.0,0,0,0.0,17,8,pulsed_mixed_flood,1
44.315714,8,0.0,0.1805228727669828,0.0,0.0,0.0,6.330816285714286,7.955527473766856,0,1,0.0,6,0,udp_flood,1
5.95535,25,9774.0,4.197906084445078,1641.2133627746482,375.9230769230769,809.9518466218556,0.24813958333333327,0.9790925077478152,0,1,0.0,6,1,benign,0
4e-06,3,0.0,750000.0,0.0,0.0,0.0,2e-06,1.4142135623730952e-06,0,0,0.0,6,1,benign,0
0.000154,3,0.0,19480.519480519484,0.0,0.0,0.0,7.7e-05,0.00010606601717798212,0,0,2.0,6,1,benign,0
0.000108,3,0.0,27777.777777777777,0.0,0.0,0.0,5.4e-05,7.353910524340094e-05,0,0,2.0,6,1,benign,0
0.020559,4,200.0,194.56199231480133,9728.099615740064,48.4,8.763560920082657,0.006853,0.011864548031846807,0,0,1.0,17,1,benign,0
0.000197,8,62.0,40609.13705583757,314720.81218274107,6.888888888888888,13.669715107167056,2.814285714285714e-05,4.84232333060229e-05,0,0,0.0,6,1,benign,0
3e-06,2,2944.0,666666.6666666665,981333333.3333333,1472.0,0.0,3e-06,0.0,0,0,0.0,17,0,udp_flood,1
0.222119,6,2088.0,27.012547328233968,9400.36647022542,344.1428571428572,33.61759743263722,0.044423800000000006,0.060843056787114186,0,0,0.0,17,8,pulsed_mixed_flood,1
1e-06,2,802.0,2000000.0,802000000.0,401.0,0.0,1e-06,0.0,0,0,0.0,17,8,pulsed_mixed_flood,1
1e-06,2,2944.0,2000000.0,2944000000.0,1472.0,0.0,1e-06,0.0,0,0,0.0,17,3,dns_amplification,1
4.9e-05,2,0.0,40816.32653061225,0.0,0.0,0.0,4.9e-05,0.0,0,1,0.0,6,1,syn_flood,1
1e-06,2,2944.0,2000000.0,2944000000.0,1472.0,0.0,1e-06,0.0,0,0,0.0,17,3,dns_amplification,1
1e-06,2,0.0,2000000.0,0.0,0.0,0.0,1e-06,0.0,0,1,0.0,6,1,syn_flood,1
0.020692,4,694.0,193.31142470520007,33539.53218635222,145.2,155.005483773962,0.006897333333333334,0.011942201653519896,0,0,1.0,17,1,benign,0
0.020729,4,286.0,192.9663756090501,13797.095856047084,64.6,37.79285646785646,0.006909666666666666,0.011962697577609045,0,0,1.0,17,1,benign,0
0.000143,3,0.0,20979.020979020977,0.0,0.0,0.0,7.15e-05,9.828784258493008e-05,0,0,2.0,6,1,benign,0
2e-06,2,750.0,1000000.0,375000000.0,375.0,0.0,2e-06,0.0,0,0,0.0,17,8,pulsed_mixed_flood,1
0.045376,4,226.0,88.15232722143864,4980.6064880112845,51.4,27.933850432763467,0.015125333333333333,0.026193515692501706,0,0,1.0,17,1,benign,0
0.020623,4,156.0,193.95820200746743,7564.369878291229,37.4,8.763560920082657,0.006874333333333334,0.011901498449074946,0,0,1.0,17,1,benign,0
0.000154,3,0.0,19480.519480519484,0.0,0.0,0.0,7.7e-05,0.00010606601717798212,0,0,2.0,6,1,benign,0
0.000148,3,0.0,20270.27027027027,0.0,0.0,0.0,7.4e-05,0.00010182337649086284,0,0,2.0,6,1,benign,0
5.1e-05,12,5280.0,235294.11764705885,103529411.76470588,440.0,0.0,4.636363636363636e-06,6.313045655984554e-06,0,0,0.0,17,4,icmp_flood,1
0.000239,3,0.0,12552.301255230124,0.0,0.0,0.0,0.0001195,0.0001661700935788387,0,0,2.0,6,1,benign,0
2e-06,2,0.0,1000000.0,0.0,0.0,0.0,2e-06,0.0,0,1,0.0,6,0,udp_flood,1
0.02983,200,88000.0,6704.65973851827,2950050.284948039,440.0,0.0,0.00014989949748743717,0.0007028521619554165,0,0,0.0,17,4,icmp_flood,1
0.06971,17,1680.0,243.86745086788125,24099.84220341415,93.33333333333334,140.14110536086372,0.004356875,0.009178241704342577,0,1,0.0,6,1,benign,0
9.9e-05,4,0.0,40404.04040404041,0.0,0.0,0.0,3.3e-05,5.6293871780150284e-05,0,1,1.0,6,0,udp_flood,1
4e-06,3,0.0,750000.0,0.0,0.0,0.0,2e-06,1.4142135623730952e-06,0,0,0.0,6,1,benign,0
0.000202,3,0.0,14851.485148514852,0.0,0.0,0.0,0.000101,0.00014142135623730948,0,0,2.0,6,1,benign,0
1e-06,2,2848.0,2000000.0,2848000000.0,1424.0,0.0,1e-06,0.0,0,0,0.0,17,6,slowloris_low_rate,1
118.886084,45,7852.0,0.3785136029882185,66.04641801474425,170.69565217391303,449.5568617880016,2.7019564545454546,12.486760738388199,0,1,0.0,6,1,benign,0
4.9e-05,2,802.0,40816.32653061225,16367346.938775511,401.0,0.0,4.9e-05,0.0,0,0,0.0,17,8,pulsed_mixed_flood,1
0.020653,4,564.0,193.6764634677771,27308.38134895656,128.2,70.10848736066126,0.006884333333333334,0.011918818957150636,0,0,1.0,17,1,benign,0
1e-06,2,750.0,2000000.0,750000000.0,375.0,0.0,1e-06,0.0,0,0,0.0,17,8,pulsed_mixed_flood,1
115.269,59,2484.0,0.5118462032289688,21.549592691877265,41.4,161.1174116567885,1.9873965517241385,3.96289720223544,0,1,0.0,6,1,benign,0
1e-06,3,0.0,3000000.0,0.0,0.0,0.0,5e-07,7.071067811865476e-07,0,0,0.0,6,1,benign,0
0.06138,4,244.0,65.16780710329098,3975.2362333007495,55.0,32.863353450309965,0.02046,0.03543256337043652,0,0,1.0,17,1,benign,0
0.000843,4,123.0,4744.958481613287,145907.47330960855,33.8,19.979989989987484,0.000281,0.000475460829091104,0,0,0.0,6,1,benign,0
0.020587,4,268.0,194.297372128042,13017.923932578811,61.4,30.672463220289305,0.006862333333333334,0.011881579875308393,0,0,1.0,17,1,benign,0
1e-06,2,2896.0,2000000.0,2896000000.0,1448.0,0.0,1e-06,0.0,0,0,0.0,17,3,dns_amplification,1
0.044793,4,132.0,89.29966735873909,2946.88902283839,31.4,8.763560920082657,0.014931,0.025855188434819043,0,0,1.0,17,1,benign,0
0.108914,4,1398.0,36.72622436050462,12835.815413996364,345.6,21.36117974270148,0.03630466666666667,0.06287979516771133,0,0,0.0,17,8,pulsed_mixed_flood,1
0.123469,32,16443.0,259.1743676550389,133175.1289797439,498.27272727272697,949.9145117037924,0.0039828709677419355,0.011151441628004684,0,1,0.0,6,1,benign,0
0.000961,4,123.0,4162.330905306972,127991.67533818938,33.8,19.979989989987484,0.0003203333333333334,0.0005522357588325236,0,0,0.0,6,1,benign,0
0.020602,4,304.0,194.1559071934764,14755.848946704204,68.4,41.62691437039263,0.006867333333333334,0.011890240129338571,0,0,1.0,17,1,benign,0
0.000206,3,0.0,14563.106796116504,0.0,0.0,0.0,0.000103,0.0001428355697996826,0,0,2.0,6,1,benign,0
0.028535,4,0.0,140.1787278780445,0.0,0.0,0.0,0.009511666666666668,0.016432271490373244,0,0,3.0,6,1,benign,0
1e-06,2,2944.0,2000000.0,2944000000.0,1472.0,0.0,1e-06,0.0,0,0,0.0,17,6,slowloris_low_rate,1
0.000149,3,0.0,20134.228187919463,0.0,0.0,0.0,7.45e-05,0.0001011162697096763,0,0,2.0,6,1,benign,0
0.001774,4,123.0,2254.79143179256,69334.8365276212,33.8,19.979989989987484,0.0005913333333333333,0.0010190232251196896,0,0,0.0,6,1,benign,0
0.107974,4,1438.0,37.04595550780744,13318.021005056771,353.6,32.3156308928048,0.03599133333333333,0.06233708591467309,0,0,0.0,17,8,pulsed_mixed_flood,1
1e-06,2,0.0,2000000.0,0.0,0.0,0.0,1e-06,0.0,0,1,0.0,6,1,syn_flood,1
3e-06,3,0.0,1000000.0,0.0,0.0,0.0,1.5e-06,7.071067811865476e-07,0,0,0.0,6,1,benign,0
0.127106,20,2175.0,157.3489843123063,17111.7020439633,103.57142857142856,178.76928467400975,0.0066897894736842115,0.014982881100253297,0,1,0.0,6,1,benign,0
0.041058,4,0.0,97.42315748453407,0.0,0.0,0.0,0.013686,0.023703981332257245,0,0,3.0,6,1,benign,0
1e-06,2,2944.0,2000000.0,2944000000.0,1472.0,0.0,1e-06,0.0,0,0,0.0,17,3,dns_amplification,1
1e-06,2,0.0,2000000.0,0.0,0.0,0.0,1e-06,0.0,0,1,0.0,6,1,syn_flood,1
4e-06,3,0.0,750000.0,0.0,0.0,0.0,2e-06,1.4142135623730952e-06,0,0,0.0,6,1,benign,0
0.020614,4,262.0,194.04288347724847,12709.808867759775,61.4,22.456624857711805,0.006871333333333334,0.01189630229665224,0,0,1.0,17,1,benign,0
116.999808,97,12596.0,0.8290611895704991,107.6582963281444,128.530612244898,318.70647724961344,1.2187480000000002,8.369859570011345,0,1,1.0,6,1,benign,0
1e-06,2,2944.0,2000000.0,2944000000.0,1472.0,0.0,1e-06,0.0,0,0,0.0,17,3,dns_amplification,1
43.748972,6,0.0,0.1371460796838837,0.0,0.0,0.0,8.7497944,12.9041545974455,0,1,0.0,6,0,udp_flood,1
30.034631,1650,5886822.0,54.93658303975833,196001.1428141068,3565.609933373711,6257.467625204549,0.01821384536082474,0.6767082864480517,0,1,3.0,6,1,benign,0
0.020628,4,196.0,193.91118867558652,9501.648245103745,47.4,8.763560920082657,0.006876,0.011904385200420892,0,0,1.0,17,1,benign,0
2e-06,2,2944.0,1000000.0,1472000000.0,1472.0,0.0,2e-06,0.0,0,0,0.0,17,6,slowloris_low_rate,1
0.0001,4,0.0,40000.0,0.0,0.0,0.0,3.333333333333333e-05,2.804163571073081e-05,0,1,1.0,6,1,syn_flood,1
0.054664,8,2142.0,146.34860237084737,39184.83828479438,238.0,472.26660902502937,0.007809142857142857,0.016470979807210132,0,0,1.0,6,1,benign,0
0.03387,3,24.0,88.57395925597875,708.59167404783,12.0,13.85640646055102,0.016935,0.02394546403810125,0,0,2.0,6,1,benign,0
4.7e-05,2,766.0,42553.191489361714,16297872.340425532,383.0,0.0,4.7e-05,0.0,0,0,0.0,17,8,pulsed_mixed_flood,1
0.045352,4,282.0,88.19897689186804,6218.027870876696,64.4,33.411076007815126,0.015117333333333332,0.026182257357480344,0,0,1.0,17,1,benign,0
1e-06,2,1984.0,2000000.0,1984000000.0,992.0,0.0,1e-06,0.0,0,0,0.0,17,6,slowloris_low_rate,1
62.198688,55,13648.0,0.8842630249692727,219.42585026873883,243.7142857142857,591.7972538043664,1.151827555555556,3.0665959138497136,0,1,1.0,6,1,benign,0
0.020621,4,232.0,193.97701372387368,11250.666795984676,56.4,8.763560920082657,0.006873666666666666,0.011900343916598938,0,0,1.0,17,1,benign,0
0.000264,3,0.0,11363.636363636362,0.0,0.0,0.0,0.000132,0.0001838477631085024,0,0,0.0,6,1,benign,0
1e-06,2,0.0,2000000.0,0.0,0.0,0.0,1e-06,0.0,0,1,0.0,6,0,udp_flood,1
1e-06,2,0.0,2000000.0,0.0,0.0,0.0,1e-06,0.0,0,1,0.0,6,1,syn_flood,1
0.04528,4,260.0,88.33922261484098,5742.049469964664,59.4,30.672463220289305,0.015093333333333332,0.026136358015862372,0,0,1.0,17,1,benign,0
0.020894,4,410.0,191.4425193835551,19622.8582368144,91.4,60.79720388307344,0.006964666666666666,0.012057960372025334,0,0,1.0,17,1,benign,0
0.000261,4,1806.0,15325.670498084291,6919540.229885058,447.6,21.36117974270148,8.7e-05,0.00014895636945092347,0,0,0.0,17,8,pulsed_mixed_flood,1
14.340509,12,0.0,0.8367903817082085,0.0,0.0,0.0,1.3036826363636365,2.557028225305981,0,1,5.0,6,1,benign,0
0.020641,4,160.0,193.78906060752868,7751.562424301147,38.4,8.763560920082657,0.006880333333333334,0.011911890753920356,0,0,1.0,17,1,benign,0
1e-06,2,2896.0,2000000.0,2896000000.0,1448.0,0.0,1e-06,0.0,0,0,0.0,17,6,slowloris_low_rate,1
1e-06,2,2944.0,2000000.0,2944000000.0,1472.0,0.0,1e-06,0.0,0,0,0.0,17,3,dns_amplification,1
1e-06,3,0.0,3000000.0,0.0,0.0,0.0,5e-07,7.071067811865476e-07,0,0,2.0,6,1,benign,0
0.105508,4,1438.0,37.91181711339424,13629.298252265233,353.6,32.3156308928048,0.03516933333333333,0.06087264188724959,0,0,0.0,17,8,pulsed_mixed_flood,1
0.00125,156,68640.0,124800.0,54912000.0,440.0,0.0,8.064516129032253e-06,1.9942670241350765e-05,0,0,0.0,17,4,icmp_flood,1
0.020708,4,156.0,193.1620629708325,7533.320455862468,37.4,8.763560920082657,0.006902666666666666,0.011950573221956064,0,0,1.0,17,1,benign,0
0.072428,4,314.0,55.22726017562268,4335.339923786381,71.8,36.69741135284613,0.024142666666666663,0.041811129144443515,0,0,1.0,17,1,benign,0
2e-06,2,2944.0,1000000.0,1472000000.0,1472.0,0.0,2e-06,0.0,0,0,0.0,17,6,slowloris_low_rate,1
22.201037,72,39038.0,3.243091752876228,1758.386331233086,534.7671232876713,803.6718774984523,0.312690661971831,2.592980563347829,0,1,1.0,6,1,benign,0
0.00021,3,0.0,14285.714285714284,0.0,0.0,0.0,0.000105,0.0001456639969244288,0,0,2.0,6,1,benign,0
1e-06,2,2944.0,2000000.0,2944000000.0,1472.0,0.0,1e-06,0.0,0,0,0.0,17,6,slowloris_low_rate,1
0.055264,18,27608.0,325.7093225246092,499565.7209033005,1453.0526315789475,1310.5553307105354,0.003250823529411765,0.00771997615147947,0,0,5.0,6,1,benign,0
2e-06,2,2944.0,1000000.0,1472000000.0,1472.0,0.0,2e-06,0.0,0,0,0.0,17,6,slowloris_low_rate,1
2e-06,2,2944.0,1000000.0,1472000000.0,1472.0,0.0,2e-06,0.0,0,0,0.0,17,6,slowloris_low_rate,1
0.020563,4,344.0,194.5241453095365,16729.076496620142,79.4,36.14968879534096,0.006854333333333334,0.011868589525859142,0,0,1.0,17,1,benign,0
0.532812,28,16286.0,52.55136896316149,30566.12839050172,561.5862068965516,858.989211525524,0.01973377777777778,0.04372853748045419,0,1,0.0,6,1,benign,0
9.9e-05,3,0.0,30303.030303030304,0.0,0.0,0.0,4.95e-05,6.85893577750951e-05,0,0,2.0,6,1,benign,0
0.312922,26,18536.0,83.08779823726042,59235.20877407151,686.5185185185186,1015.3699731310664,0.01251688,0.025147757276279457,0,1,1.0,6,1,benign,0
75.851684,10,0.0,0.1318362292391557,0.0,0.0,0.0,8.427964888888887,13.253212324753445,0,1,0.0,6,1,syn_flood,1
1e-06,2,0.0,2000000.0,0.0,0.0,0.0,1e-06,0.0,0,1,0.0,6,0,udp_flood,1
0.020548,4,132.0,194.66614755693985,6423.982869379015,31.4,8.763560920082657,0.006849333333333334,0.01185906329915366,0,0,1.0,17,1,benign,0
1e-06,2,766.0,2000000.0,766000000.0,383.0,0.0,1e-06,0.0,0,0,0.0,17,8,pulsed_mixed_flood,1
1e-06,2,0.0,2000000.0,0.0,0.0,0.0,1e-06,0.0,0,1,0.0,6,1,syn_flood,1
0.054973,2,0.0,36.381496370945726,0.0,0.0,0.0,0.054973,0.0,0,0,1.0,6,1,benign,0
1e-06,2,2928.0,2000000.0,2928000000.0,1464.0,0.0,1e-06,0.0,0,0,0.0,17,3,dns_amplification,1
1e-06,2,0.0,2000000.0,0.0,0.0,0.0,1e-06,0.0,0,1,0.0,6,0,udp_flood,1
118.074636,49,9974.0,0.4149917514884399,84.47199447644284,199.48000000000008,497.8508193900527,2.4598882500000006,11.882307488412236,0,1,0.0,6,1,benign,0
0.055194,4,0.0,72.47164546871035,0.0,0.0,0.0,0.018398,0.02441054356215773,0,0,3.0,6,1,benign,0
0.020783,4,260.0,192.4649954289564,12510.224702882164,59.4,30.672463220289305,0.006927666666666666,0.011994740527970303,0,0,1.0,17,1,benign,0
1e-06,2,0.0,2000000.0,0.0,0.0,0.0,1e-06,0.0,0,1,0.0,6,1,syn_flood,1
1e-06,2,0.0,2000000.0,0.0,0.0,0.0,1e-06,0.0,0,1,0.0,6,0,udp_flood,1
0.191841,4,414.0,20.850600236654312,2158.0371244937214,91.6,65.17898434311476,0.063947,0.11075512286571669,0,0,1.0,17,1,benign,0
0.000101,4,0.0,39603.96039603961,0.0,0.0,0.0,3.3666666666666674e-05,5.744852768638491e-05,0,1,1.0,6,0,udp_flood,1
22.233386,41,8270.0,1.844073592749211,371.96313687892615,196.90476190476195,528.1331968692251,0.5558346499999999,3.432637310901204,0,1,0.0,6,1,benign,0
0.020928,4,380.0,191.13149847094803,18157.492354740058,82.2,70.10848736066126,0.006976,0.01207759028117778,0,0,1.0,17,1,benign,0
4.5e-05,2,2944.0,44444.444444444445,65422222.22222222,1472.0,0.0,4.5e-05,0.0,0,0,0.0,17,3,dns_amplification,1
0.212185,6,2088.0,28.27721092442915,9840.469401701344,344.1428571428572,33.61759743263722,0.042437,0.058169554876240884,0,0,0.0,17,8,pulsed_mixed_flood,1
9.9e-05,3,0.0,30303.030303030304,0.0,0.0,0.0,4.95e-05,6.717514421272203e-05,0,0,2.0,6,1,benign,0
0.02072,4,382.0,193.05019305019303,18436.29343629344,83.6,65.17898434311476,0.006906666666666666,0.011958367461043055,0,0,1.0,17,1,benign,0
21.874972,51,34972.0,2.331431555660963,1598.7220463642193,672.5384615384615,1070.4446659241337,0.43749944,3.062948676114318,0,1,1.0,6,1,benign,0
2e-06,2,2896.0,1000000.0,1448000000.0,1448.0,0.0,2e-06,0.0,0,0,0.0,17,3,dns_amplification,1
1e-06,2,726.0,2000000.0,726000000.0,363.0,0.0,1e-06,0.0,0,0,0.0,17,8,pulsed_mixed_flood,1
6.5e-05,3,0.0,46153.84615384616,0.0,0.0,0.0,3.25e-05,4.171930009000632e-05,0,0,2.0,6,1,benign,0
0.002756,44,19360.0,15965.166908563133,7024673.439767779,440.0,0.0,6.409302325581397e-05,0.00015053251728344252,0,0,0.0,17,4,icmp_flood,1
4.8e-05,2,2944.0,41666.66666666666,61333333.33333333,1472.0,0.0,4.8e-05,0.0,0,0,0.0,17,3,dns_amplification,1
0.020704,4,300.0,193.19938176197843,14489.953632148376,68.6,35.05424368033063,0.006901333333333334,0.0119491298567441,0,0,1.0,17,1,benign,0
4.7e-05,2,2944.0,42553.191489361714,62638297.87234042,1472.0,0.0,4.7e-05,0.0,0,0,0.0,17,3,dns_amplification,1
0.020681,4,368.0,193.41424495914123,17794.110536240994,86.4,30.672463220289305,0.006893666666666666,0.011934984764687944,0,0,1.0,17,1,benign,0
0.105615,4,1398.0,37.8734081333144,13236.756142593382,345.6,21.36117974270148,0.035205,0.060934417967188306,0,0,0.0,17,8,pulsed_mixed_flood,1
1e-06,2,2656.0,2000000.0,2656000000.0,1328.0,0.0,1e-06,0.0,0,0,0.0,17,6,slowloris_low_rate,1
0.020671,4,260.0,193.50781287794496,12578.007837066423,57.8,39.43602414037196,0.006890333333333334,0.011931809348683601,0,0,1.0,17,1,benign,0
111.029782,62,2744.0,0.5584087339737369,24.714089774579577,43.55555555555557,115.22513415578491,1.8201603606557386,3.801553552409874,0,1,0.0,6,1,benign,0
0.000304,4,0.0,13157.894736842103,0.0,0.0,0.0,0.00010133333333333332,9.113908784562927e-05,0,0,3.0,6,1,benign,0
2e-06,2,2944.0,1000000.0,1472000000.0,1472.0,0.0,2e-06,0.0,0,0,0.0,17,6,slowloris_low_rate,1
0.020616,4,290.0,194.024058983314,14066.74427629026,66.6,32.3156308928048,0.006872,0.011897456997190619,0,0,1.0,17,1,benign,0
0.020614,4,456.0,194.04288347724847,22120.888716406327,105.8,44.913249715423625,0.006871333333333334,0.011897168332562724,0,0,1.0,17,1,benign,0
1e-06,2,0.0,2000000.0,0.0,0.0,0.0,1e-06,0.0,0,1,0.0,6,1,syn_flood,1
0.052669,18,6384.0,341.7570107653458,121209.81981810932,335.99999999999994,670.3847982895926,0.003098176470588235,0.008168174828528817,0,1,1.0,6,1,benign,0
0.108046,4,1438.0,37.02126871887899,13309.146104437,353.6,32.3156308928048,0.03601533333333333,0.06237865513405474,0,0,0.0,17,8,pulsed_mixed_flood,1
0.00024,2,2896.0,8333.333333333334,12066666.666666664,1448.0,0.0,0.00024,0.0,0,0,0.0,17,3,dns_amplification,1
0.020738,4,208.0,192.88263091908573,10029.896807792458,48.8,17.527121840165314,0.006912666666666666,0.011969625822611721,0,0,1.0,17,1,benign,0
0.02065,4,356.0,193.70460048426148,17239.709443099273,78.2,59.15403621055794,0.006883333333333334,0.0119188189991011,0,0,1.0,17,1,benign,0
0.028705,4,456.0,139.3485455495558,15885.734192649365,97.6,89.82649943084725,0.009568333333333331,0.01656850935761372,0,0,1.0,17,1,benign,0
0.078842,31,15103.0,393.1914461835064,191560.33586159663,471.96875000000017,774.3546109555133,0.002628066666666666,0.006553611223162983,0,1,1.0,6,1,benign,0
1e-06,2,2944.0,2000000.0,2944000000.0,1472.0,0.0,1e-06,0.0,0,0,0.0,17,6,slowloris_low_rate,1
7.194354,10,0.0,1.3899788639813944,0.0,0.0,0.0,0.7993726666666665,1.4200572950441117,0,1,4.0,6,1,benign,0
1e-06,2,2944.0,2000000.0,2944000000.0,1472.0,0.0,1e-06,0.0,0,0,0.0,17,6,slowloris_low_rate,1
1e-06,2,0.0,2000000.0,0.0,0.0,0.0,1e-06,0.0,0,1,0.0,6,1,syn_flood,1
1e-06,2,802.0,2000000.0,802000000.0,401.0,0.0,1e-06,0.0,0,0,0.0,17,8,pulsed_mixed_flood,1
1e-06,2,0.0,2000000.0,0.0,0.0,0.0,1e-06,0.0,0,1,0.0,6,1,syn_flood,1
2e-06,2,1208.0,1000000.0,604000000.0,604.0,0.0,2e-06,0.0,0,0,0.0,17,3,dns_amplification,1
1e-06,2,2944.0,2000000.0,2944000000.0,1472.0,0.0,1e-06,0.0,0,0,0.0,17,6,slowloris_low_rate,1
1e-06,2,2944.0,2000000.0,2944000000.0,1472.0,0.0,1e-06,0.0,0,0,0.0,17,3,dns_amplification,1
4.8e-05,2,0.0,41666.66666666666,0.0,0.0,0.0,4.8e-05,0.0,0,1,0.0,6,1,syn_flood,1
0.020564,4,200.0,194.5146858587824,9725.734292939118,48.4,8.763560920082657,0.006854666666666666,0.01186743478319276,0,0,1.0,17,1,benign,0
1e-06,2,796.0,2000000.0,796000000.0,398.0,0.0,1e-06,0.0,0,0,0.0,17,0,udp_flood,1
1e-06,2,2944.0,2000000.0,2944000000.0,1472.0,0.0,1e-06,0.0,0,0,0.0,17,6,slowloris_low_rate,1
0.020601,4,264.0,194.16533178001063,12814.911897480702,60.4,30.672463220289305,0.006867,0.01188966277906989,0,0,1.0,17,1,benign,0
4.8e-05,2,0.0,41666.66666666666,0.0,0.0,0.0,4.8e-05,0.0,0,1,0.0,6,1,syn_flood,1
0.000231,2,0.0,8658.008658008657,0.0,0.0,0.0,0.000231,0.0,0,0,1.0,6,1,http_get_flood,1
0.020596,4,256.0,194.21246844047383,12429.597980190329,61.2,15.336231610144653,0.0068653333333333335,0.011885909991806824,0,0,1.0,17,1,benign,0
4.2e-05,2,2944.0,47619.04761904762,70095238.0952381,1472.0,0.0,4.2e-05,0.0,0,0,0.0,17,3,dns_amplification,1
1e-06,2,2944.0,2000000.0,2944000000.0,1472.0,0.0,1e-06,0.0,0,0,0.0,17,3,dns_amplification,1
0.077001,33,23374.0,428.56586278100286,303554.49929221696,687.4705882352941,927.1609397508308,0.00240628125,0.006160458446673063,0,1,1.0,6,1,benign,0
0.02083,4,536.0,192.03072491598653,25732.117138742204,117.6,89.82649943084725,0.006943333333333334,0.012021009954797197,0,0,1.0,17,1,benign,0
1e-06,2,750.0,2000000.0,750000000.0,375.0,0.0,1e-06,0.0,0,0,0.0,17,8,pulsed_mixed_flood,1
4.9e-05,2,0.0,40816.32653061225,0.0,0.0,0.0,4.9e-05,0.0,0,1,0.0,6,1,syn_flood,1
0.046796,4,300.0,85.47739123001965,6410.804342251475,69.4,30.672463220289305,0.015598666666666669,0.027014219095382593,0,0,1.0,17,1,benign,0
6.247477,15,1792.0,2.400969223256044,286.8357898716554,112.0,202.57805080182467,0.4462483571428572,1.353171064108623,0,1,0.0,6,1,http_get_flood,1
0.008222,94,41360.0,11432.74142544393,5030406.22719533,440.0,0.0,8.840860215053761e-05,0.0002916372909804507,0,0,0.0,17,4,icmp_flood,1
0.054899,3,0.0,54.64580411300753,0.0,0.0,0.0,0.0274495,0.03881521253967315,0,0,2.0,6,1,benign,0
0.020814,4,62.0,192.1783415009129,2978.7642932641493,12.4,16.97939928266015,0.006938,0.012014370437105725,0,0,3.0,6,1,benign,0
0.036026,200,88000.0,5551.546105590406,2442680.286459779,440.0,0.0,0.00018103517587939708,0.00028269424138093727,0,0,0.0,17,4,icmp_flood,1
0.108304,4,1398.0,36.93307726399764,12908.110503767177,345.6,21.36117974270148,0.036101333333333326,0.06252674548010102,0,0,0.0,17,8,pulsed_mixed_flood,1
0.00045,88,38576.0,195555.5555555556,85724444.44444445,438.3820224719101,10.731755784901276,5.172413793103448e-06,1.1870627122940917e-05,0,0,0.0,17,4,icmp_flood,1
1e-06,2,0.0,2000000.0,0.0,0.0,0.0,1e-06,0.0,0,1,0.0,6,1,syn_flood,1
1e-06,2,0.0,2000000.0,0.0,0.0,0.0,1e-06,0.0,0,1,0.0,6,0,udp_flood,1
1e-06,2,2944.0,2000000.0,2944000000.0,1472.0,0.0,1e-06,0.0,0,0,0.0,17,3,dns_amplification,1
0.020562,4,290.0,194.53360568038127,14103.686411827644,66.6,32.3156308928048,0.006854,0.011867146118591443,0,0,1.0,17,1,benign,0
2e-06,2,2944.0,1000000.0,1472000000.0,1472.0,0.0,2e-06,0.0,0,0,0.0,17,3,dns_amplification,1
0.020678,4,164.0,193.4423058322856,7931.134539123707,38.2,15.336231610144653,0.006892666666666666,0.01193411874975833,0,0,1.0,17,1,benign,0
0.016822,200,88000.0,11889.192723814052,5231244.798478183,440.0,0.0,8.453266331658286e-05,0.00015915978150566658,0,0,0.0,17,4,icmp_flood,1
0.108063,4,1438.0,37.01544469429869,13307.05236760038,353.6,32.3156308928048,0.036021,0.06238673803782339,0,0,0.0,17,0,udp_flood,1
3e-06,2,0.0,666666.6666666665,0.0,0.0,0.0,3e-06,0.0,1,0,1.0,6,1,benign,0
59.30493,55,10078.0,0.9274102507160872,169.93528194030412,179.96428571428572,412.4442866744424,1.0982394444444445,8.002853202287783,0,1,0.0,6,1,benign,0
1e-06,2,31.0,2000000.0,31000000.0,20.666666666666664,17.8978583448784,1e-06,0.0,0,0,0.0,6,1,benign,0
0.544084,29,16248.0,53.300593290741865,29863.03585475772,541.5999999999998,794.961616943732,0.019431571428571423,0.04330551156302682,0,1,0.0,6,1,benign,0
0.02085,4,320.0,191.84652278177452,15347.721822541966,70.4,52.58136552049595,0.00695,0.012034289010988559,0,0,1.0,17,1,benign,0
0.020942,4,402.0,191.0037245726292,19195.87431954923,89.6,59.70175876806311,0.006980666666666666,0.012087405235754006,0,0,1.0,17,1,benign,0
1e-06,2,2944.0,2000000.0,2944000000.0,1472.0,0.0,1e-06,0.0,0,0,0.0,17,3,dns_amplification,1
0.045615,4,342.0,87.69045270196207,7497.533706017757,76.4,49.84275273297011,0.015205,0.026332368427469638,0,0,1.0,17,1,benign,0
1e-06,2,750.0,2000000.0,750000000.0,375.0,0.0,1e-06,0.0,0,0,0.0,17,8,pulsed_mixed_flood,1
0.000327,3,0.0,9174.311926605507,0.0,0.0,0.0,0.0001635,0.00022839549032325484,0,0,2.0,6,1,benign,0
0.011719,98,43120.0,8362.488266916973,3679494.837443468,440.0,0.0,0.00012081443298969069,0.0006428140660716123,0,0,0.0,17,4,icmp_flood,1
30.059803,1472,5387540.0,48.96905012983618,179227.38881555546,3657.5288526816,6409.9596155073095,0.02043494425560843,0.7327161739887298,0,1,3.0,6,1,benign,0
0.002059,80,35200.0,38853.81253035454,17095677.513355996,440.0,0.0,2.6063291139240504e-05,5.839528031774921e-05,0,0,0.0,17,4,icmp_flood,1
0.020902,4,232.0,191.3692469620132,11099.416323796766,55.2,15.336231610144653,0.006967333333333334,0.012066043275793989,0,0,1.0,17,1,benign,0
1e-06,2,2896.0,2000000.0,2896000000.0,1448.0,0.0,1e-06,0.0,0,0,0.0,17,3,dns_amplification,1
1e-06,2,0.0,2000000.0,0.0,0.0,0.0,1e-06,0.0,0,1,0.0,6,1,syn_flood,1
0.020809,4,368.0,192.2245182373012,17684.655677831706,86.4,30.672463220289305,0.006936333333333334,0.012008885599144214,0,0,1.0,17,1,benign,0
1e-06,2,766.0,2000000.0,766000000.0,383.0,0.0,1e-06,0.0,0,0,0.0,17,8,pulsed_mixed_flood,1
1e-06,2,0.0,2000000.0,0.0,0.0,0.0,1e-06,0.0,0,1,0.0,6,0,udp_flood,1
0.000172,3,0.0,17441.860465116282,0.0,0.0,0.0,8.6e-05,0.00011879393923933998,0,0,2.0,6,1,benign,0
1e-06,2,766.0,2000000.0,766000000.0,383.0,0.0,1e-06,0.0,0,0,0.0,17,8,pulsed_mixed_flood,1
1e-06,2,0.0,2000000.0,0.0,0.0,0.0,1e-06,0.0,0,1,0.0,6,1,syn_flood,1
7.28085,10,0.0,1.373466010149914,0.0,0.0,0.0,0.8089833333333335,1.4493424665995094,0,1,4.0,6,1,benign,0
1e-06,2,0.0,2000000.0,0.0,0.0,0.0,1e-06,0.0,0,1,0.0,6,1,syn_flood,1
15.728258,230,225910.0,14.623361341097024,14363.319828553167,977.9653679653676,958.1867062388202,0.06868234934497816,0.734964021456517,0,1,1.0,6,1,benign,0
1e-06,2,0.0,2000000.0,0.0,0.0,0.0,1e-06,0.0,0,1,0.0,6,0,udp_flood,1
0.020605,4,160.0,194.1276389225916,7765.105556903664,38.4,8.763560920082657,0.006868333333333334,0.011891106144229528,0,0,1.0,17,1,benign,0
116.817438,65,4590.0,0.5564237763885902,39.29207897882506,69.54545454545452,193.4617578444167,1.82527246875,3.8165650050539237,0,1,0.0,6,1,benign,0
0.257668,56,22742.0,217.33393358895944,88260.86281571635,398.9824561403509,810.6286249225717,0.004684872727272729,0.014826869339460291,0,1,0.0,6,1,benign,0
1e-06,2,0.0,2000000.0,0.0,0.0,0.0,1e-06,0.0,0,0,0.0,6,1,benign,0
117.900818,124,10406.0,1.0517314646621028,88.26062597801486,83.24800000000005,139.86420003565206,0.9585432357723572,7.422781165585027,0,1,0.0,6,1,benign,0
0.001183,58,25520.0,49027.895181741325,21572273.87996619,440.0,0.0,2.075438596491228e-05,4.322915711718952e-05,0,0,0.0,17,4,icmp_flood,1
1e-06,2,2944.0,2000000.0,2944000000.0,1472.0,0.0,1e-06,0.0,0,0,0.0,17,6,slowloris_low_rate,1
0.044847,4,132.0,89.19214217227463,2943.3406916850627,31.4,8.763560920082657,0.014949,0.025887231369924442,0,0,1.0,17,1,benign,0
1e-06,2,0.0,2000000.0,0.0,0.0,0.0,1e-06,0.0,0,1,0.0,6,0,udp_flood,1
1e-06,2,0.0,2000000.0,0.0,0.0,0.0,1e-06,0.0,0,1,0.0,6,1,syn_flood,1
0.003623,38,16720.0,10488.545404361026,4614959.977918852,440.0,0.0,9.791891891891892e-05,0.0002621075244138449,0,0,0.0,17,4,icmp_flood,1
1e-06,2,2288.0,2000000.0,2288000000.0,1144.0,0.0,1e-06,0.0,0,0,0.0,17,6,slowloris_low_rate,1
0.019185,200,88000.0,10424.811050299711,4586916.862131874,440.0,0.0,9.640703517587935e-05,0.00033658278305529263,0,0,0.0,17,4,icmp_flood,1
0.000103,4,0.0,38834.951456310686,0.0,0.0,0.0,3.4333333333333325e-05,2.893671255228094e-05,0,1,1.0,6,1,syn_flood,1
115.933387,59,2480.0,0.5089129329068942,21.39159446795081,41.333333333333336,160.94874083117656,1.9988515,3.9720482974480937,0,1,0.0,6,1,benign,0
0.020869,4,536.0,191.67185777948157,25684.028942450528,117.6,89.82649943084725,0.006956333333333334,0.01204352661529559,0,0,1.0,17,1,benign,0
2e-06,2,2944.0,1000000.0,1472000000.0,1472.0,0.0,2e-06,0.0,0,0,0.0,17,3,dns_amplification,1
116.728822,65,4590.0,0.556846191765732,39.32190800314939,69.54545454545452,193.4617578444167,1.82388784375,3.8090797455765935,0,1,0.0,6,1,benign,0
5.30259,21,6030.0,3.960328820444349,1137.1801327275916,274.09090909090907,420.2082147256809,0.2651295,1.1175796369948436,0,1,0.0,6,1,http_get_flood,1
0.020628,4,262.0,193.91118867558652,12701.18285825092,61.4,22.456624857711805,0.006876,0.011905251236324245,0,0,1.0,17,1,benign,0
1e-06,2,802.0,2000000.0,802000000.0,401.0,0.0,1e-06,0.0,0,0,0.0,17,8,pulsed_mixed_flood,1
2e-06,2,2544.0,1000000.0,1272000000.0,1272.0,0.0,2e-06,0.0,0,0,0.0,17,6,slowloris_low_rate,1
0.021244,4,410.0,188.28845791752968,19299.56693654679,91.4,60.79720388307344,0.007081333333333334,0.012260032966241704,0,0,1.0,17,1,benign,0
0.000523,5,154.0,9560.229445506691,294455.0669216061,33.333333333333336,17.90716802475106,0.00013075,0.0002581683882017058,0,0,0.0,6,1,benign,0
2e-06,2,2944.0,1000000.0,1472000000.0,1472.0,0.0,2e-06,0.0,0,0,0.0,17,6,slowloris_low_rate,1
0.106974,4,1438.0,37.39226354067343,13442.5187428721,353.6,32.3156308928048,0.035658,0.06175973564548347,0,0,0.0,17,8,pulsed_mixed_flood,1
1e-06,2,2944.0,2000000.0,2944000000.0,1472.0,0.0,1e-06,0.0,0,0,0.0,17,3,dns_amplification,1
6.4e-05,4,76.0,62500.0,1187500.0,22.8,20.81345718519632,2.1333333333333335e-05,3.435597958628648e-05,0,0,1.0,6,1,benign,0
0.020855,4,192.0,191.8005274514505,9206.425317669624,46.4,8.763560920082657,0.006951666666666666,0.01203544371152694,0,0,1.0,17,1,benign,0
2e-06,2,0.0,1000000.0,0.0,0.0,0.0,2e-06,0.0,0,1,0.0,6,0,udp_flood,1
0.02066,4,196.0,193.6108422071636,9486.931268151016,47.4,8.763560920082657,0.006886666666666666,0.011921994477994583,0,0,1.0,17,1,benign,0
2e-06,2,31.0,1000000.0,15500000.0,20.666666666666664,17.8978583448784,2e-06,0.0,0,0,0.0,6,1,benign,0
1e-06,2,996.0,2000000.0,996000000.0,498.0,0.0,1e-06,0.0,0,0,0.0,17,8,pulsed_mixed_flood,1
1e-06,2,2944.0,2000000.0,2944000000.0,1472.0,0.0,1e-06,0.0,0,0,0.0,17,3,dns_amplification,1
3e-06,3,0.0,1000000.0,0.0,0.0,0.0,1.5e-06,7.071067811865476e-07,0,0,0.0,6,1,benign,0
1e-06,2,31.0,2000000.0,31000000.0,20.666666666666664,17.8978583448784,1e-06,0.0,0,0,0.0,6,1,benign,0
3e-06,2,0.0,666666.6666666665,0.0,0.0,0.0,3e-06,0.0,0,0,0.0,6,1,benign,0
0.020592,4,796.0,194.25019425019423,38655.78865578866,168.6,166.5076574815705,0.006864,0.011883600590730068,0,0,1.0,17,1,benign,0
9.0078,6,0.0,0.6660893891960301,0.0,0.0,0.0,1.80156,2.684256648779509,0,1,0.0,6,1,benign,0
0.000475,5,154.0,10526.315789473683,324210.5263157895,33.333333333333336,17.90716802475106,0.00011875,0.000233501427547385,0,0,0.0,6,1,benign,0
1.6e-05,2,2848.0,125000.0,178000000.0,1424.0,0.0,1.6e-05,0.0,0,0,0.0,17,6,slowloris_low_rate,1
0.535006,9,722.0,16.82224124589257,1349.5175755038265,72.2,152.210964709438,0.06687575,0.16384550996659714,0,1,0.0,6,1,benign,0
2e-06,2,766.0,1000000.0,383000000.0,383.0,0.0,2e-06,0.0,0,0,0.0,17,8,pulsed_mixed_flood,1
2e-06,2,2944.0,1000000.0,1472000000.0,1472.0,0.0,2e-06,0.0,0,0,0.0,17,6,slowloris_low_rate,1
1e-06,2,0.0,2000000.0,0.0,0.0,0.0,1e-06,0.0,0,1,0.0,6,1,syn_flood,1
60.313354,52,13168.0,0.8621639579188384,218.326442266832,248.4528301886792,641.5083357584726,1.182614784313726,3.2349524131734264,0,1,0.0,6,1,benign,0
73.366601,12,0.0,0.1635621636608189,0.0,0.0,0.0,6.669691,8.110537856627513,0,1,0.0,6,1,syn_flood,1
0.000305,4,0.0,13114.754098360656,0.0,0.0,0.0,0.00010166666666666668,9.951046846102842e-05,0,0,3.0,6,1,benign,0
1e-06,2,2944.0,2000000.0,2944000000.0,1472.0,0.0,1e-06,0.0,0,0,0.0,17,6,slowloris_low_rate,1
0.000101,3,0.0,29702.970297029704,0.0,0.0,0.0,5.05e-05,6.717514421272203e-05,0,0,2.0,6,1,benign,0
4e-06,3,0.0,750000.0,0.0,0.0,0.0,2e-06,1.4142135623730952e-06,0,0,0.0,6,1,benign,0
4.8e-05,2,0.0,41666.66666666666,0.0,0.0,0.0,4.8e-05,0.0,0,1,0.0,6,1,syn_flood,1
118.974279,69,12224.0,0.5799572863980121,102.74489665114928,174.62857142857143,387.9565257068237,1.74962175,10.07860475934413,0,1,1.0,6,1,benign,0
1e-06,2,0.0,2000000.0,0.0,0.0,0.0,1e-06,0.0,0,1,0.0,6,1,syn_flood,1
1e-06,2,2768.0,2000000.0,2768000000.0,1384.0,0.0,1e-06,0.0,0,0,0.0,17,6,slowloris_low_rate,1
0.000224,3,0.0,13392.857142857143,0.0,0.0,0.0,0.000112,0.00015414927829866739,0,0,2.0,6,1,benign,0
1e-06,2,2896.0,2000000.0,2896000000.0,1448.0,0.0,1e-06,0.0,0,0,0.0,17,3,dns_amplification,1
116.1114,16,0.0,0.1377987002137602,0.0,0.0,0.0,7.740760000000001,9.979598090316872,0,1,0.0,6,1,syn_flood,1
1e-06,2,2944.0,2000000.0,2944000000.0,1472.0,0.0,1e-06,0.0,0,0,0.0,17,3,dns_amplification,1
4.924891,15,3334.0,3.0457526877244594,676.9692973915567,208.375,392.7346644576548,0.3517779285714286,1.315901786201706,0,1,0.0,6,1,http_get_flood,1
0.000275,5,154.0,18181.81818181818,560000.0,33.333333333333336,17.90716802475106,6.875e-05,0.00013283667917158022,0,0,0.0,6,1,benign,0
1e-06,2,0.0,2000000.0,0.0,0.0,0.0,1e-06,0.0,0,1,0.0,6,1,syn_flood,1
0.020573,4,232.0,194.4295921839304,11276.916346667962,55.2,15.336231610144653,0.006857666666666666,0.011872630935615464,0,0,1.0,17,1,benign,0
5e-05,2,0.0,40000.0,0.0,0.0,0.0,5e-05,0.0,0,1,0.0,6,0,udp_flood,1
1e-06,2,2944.0,2000000.0,2944000000.0,1472.0,0.0,1e-06,0.0,0,0,0.0,17,6,slowloris_low_rate,1
0.000361,24,10560.0,66481.99445983379,29252077.56232687,440.0,0.0,1.569565217391304e-05,3.719535012802333e-05,0,0,0.0,17,4,icmp_flood,1
1e-06,2,2944.0,2000000.0,2944000000.0,1472.0,0.0,1e-06,0.0,0,0,0.0,17,6,slowloris_low_rate,1
1e-06,2,0.0,2000000.0,0.0,0.0,0.0,1e-06,0.0,0,1,0.0,6,0,udp_flood,1
1e-06,2,0.0,2000000.0,0.0,0.0,0.0,1e-06,0.0,0,1,0.0,6,0,udp_flood,1
0.020646,4,300.0,193.74212922600012,14530.659691950012,69.4,30.672463220289305,0.006882,0.011915643541160504,0,0,1.0,17,1,benign,0
0.020792,4,402.0,192.3816852635629,19334.35936898808,89.6,59.70175876806311,0.006930666666666666,0.0119999366803885,0,0,1.0,17,1,benign,0
2e-06,2,802.0,1000000.0,401000000.0,401.0,0.0,2e-06,0.0,0,0,0.0,17,8,pulsed_mixed_flood,1
1e-06,2,2944.0,2000000.0,2944000000.0,1472.0,0.0,1e-06,0.0,0,0,0.0,17,6,slowloris_low_rate,1
0.02063,4,188.0,193.8923897237034,9112.942317014058,45.4,8.763560920082657,0.006876666666666666,0.01190553990095927,0,0,1.0,17,1,benign,0
117.213487,47,8218.0,0.4009777475522079,70.11138573157541,171.20833333333331,470.8639392550466,2.548119282608696,11.982171132739431,0,1,0.0,6,1,benign,0
0.000114,4,0.0,35087.71929824561,0.0,0.0,0.0,3.8e-05,6.408587988004847e-05,0,1,1.0,6,1,syn_flood,1
6.8e-05,3,0.0,44117.64705882353,0.0,0.0,0.0,3.4e-05,4.384062043356594e-05,0,0,0.0,6,1,benign,0
0.020705,4,260.0,193.1900507123883,12557.353296305242,59.4,30.672463220289305,0.006901666666666666,0.011948841171148496,0,0,1.0,17,1,benign,0
0.001332,4,123.0,3003.003003003003,92342.34234234234,33.8,19.979989989987484,0.000444,0.0007672985077530127,0,0,0.0,6,1,benign,0
1e-06,2,0.0,2000000.0,0.0,0.0,0.0,1e-06,0.0,0,1,0.0,6,0,udp_flood,1
0.020719,4,392.0,193.05951059414065,18919.83203822578,96.4,8.763560920082657,0.006906333333333334,0.011956924074917151,0,0,1.0,17,1,benign,0
1e-06,2,802.0,2000000.0,802000000.0,401.0,0.0,1e-06,0.0,0,0,0.0,17,8,pulsed_mixed_flood,1
1e-06,2,2944.0,2000000.0,2944000000.0,1472.0,0.0,1e-06,0.0,0,0,0.0,17,3,dns_amplification,1
0.000176,3,0.0,17045.454545454544,0.0,0.0,0.0,8.8e-05,0.00012020815280171308,0,0,2.0,6,1,benign,0
0.020836,4,300.0,191.9754271453254,14398.157035899403,69.4,30.672463220289305,0.006945333333333334,0.012024474056412337,0,0,1.0,17,1,benign,0
0.00021,4,0.0,19047.61904761905,0.0,0.0,0.0,7e-05,5.896609195122228e-05,0,0,3.0,6,1,benign,0
0.020624,4,200.0,193.9487975174554,9697.43987587277,48.4,8.763560920082657,0.006874666666666666,0.011902075799344136,0,0,1.0,17,1,benign,0
2e-06,2,2944.0,1000000.0,1472000000.0,1472.0,0.0,2e-06,0.0,0,0,0.0,17,6,slowloris_low_rate,1
1e-06,2,714.0,2000000.0,714000000.0,357.0,0.0,1e-06,0.0,0,0,0.0,17,3,dns_amplification,1
1e-06,2,0.0,2000000.0,0.0,0.0,0.0,1e-06,0.0,0,1,0.0,6,1,syn_flood,1
1e-06,2,766.0,2000000.0,766000000.0,383.0,0.0,1e-06,0.0,0,0,0.0,17,0,udp_flood,1
0.020838,4,226.0,191.95700163163448,10845.57059218735,52.0,24.647515087732486,0.006946,0.012025628756950717,0,0,1.0,17,1,benign,0
0.020715,4,196.0,193.0967897658701,9461.742698527636,47.4,8.763560920082657,0.006905,0.01195634672464796,0,0,1.0,17,1,benign,0
3e-06,2,766.0,666666.6666666665,255333333.3333333,383.0,0.0,3e-06,0.0,0,0,0.0,17,0,udp_flood,1
0.056662,4,284.0,70.5940489216759,5012.177473438989,65.4,30.672463220289305,0.018887333333333336,0.032710356866493116,0,0,1.0,17,1,benign,0
0.020627,4,320.0,193.92058951859207,15513.647161487374,70.4,52.58136552049595,0.006875666666666666,0.011903807850151705,0,0,1.0,17,1,benign,0
0.020779,4,452.0,192.5020453342317,21752.731122768186,99.0,76.68115805072324,0.006926333333333334,0.011991565091068527,0,0,1.0,17,1,benign,0
0.035106,4,474.0,113.94063692816044,13501.965475987012,112.8,31.22018577779447,0.011702,0.02026326239774829,0,0,1.0,17,1,benign,0
0.003926,128,56320.0,32603.158430973,14345389.70962812,440.0,0.0,3.091338582677166e-05,3.7715312797291975e-05,0,0,0.0,17,4,icmp_flood,1
1e-06,2,880.0,2000000.0,880000000.0,440.0,0.0,1e-06,0.0,0,0,0.0,17,4,icmp_flood,1
110.150046,80,6028.0,0.726282038956207,54.7253516353502,85.44444444444441,168.29007695048446,1.3943043797468353,7.274995931258691,0,0,1.0,6,1,benign,0
1e-06,2,0.0,2000000.0,0.0,0.0,0.0,1e-06,0.0,0,1,0.0,6,0,udp_flood,1
1e-06,2,2944.0,2000000.0,2944000000.0,1472.0,0.0,1e-06,0.0,0,0,0.0,17,3,dns_amplification,1
108.391112,14,0.0,0.1291618818340013,0.0,0.0,0.0,8.337777846153847,10.918341871029767,0,1,0.0,6,1,syn_flood,1
2e-06,3,0.0,1500000.0,0.0,0.0,0.0,1e-06,0.0,0,0,0.0,6,1,benign,0
116.05879,59,2306.0,0.5083630460045292,19.86924040824482,38.43333333333333,147.7161004348666,2.001013620689656,3.9700674174540427,0,1,0.0,6,1,benign,0
2e-06,2,1636.0,1000000.0,818000000.0,818.0,0.0,2e-06,0.0,0,0,0.0,17,3,dns_amplification,1
2e-06,2,802.0,1000000.0,401000000.0,401.0,0.0,2e-06,0.0,0,0,0.0,17,8,pulsed_mixed_flood,1
5.008523,15,2928.0,2.994894902149796,584.6034848996401,183.0,371.7163793360022,0.35775164285714284,1.3375518646699622,0,1,0.0,6,1,http_get_flood,1
78.517564,12,0.0,0.1528320465978797,0.0,0.0,0.0,7.137960363636362,8.588853445105608,0,1,0.0,6,1,syn_flood,1
0.000598,73,32120.0,122073.57859531774,53712374.581939794,440.0,0.0,8.305555555555552e-06,1.8402877062950052e-05,0,0,0.0,17,4,icmp_flood,1
1e-06,2,0.0,2000000.0,0.0,0.0,0.0,1e-06,0.0,0,1,0.0,6,1,syn_flood,1
1e-06,2,0.0,2000000.0,0.0,0.0,0.0,1e-06,0.0,0,1,0.0,6,1,syn_flood,1
0.00411,200,88000.0,48661.800486618005,21411192.214111924,440.0,0.0,2.0653266331658283e-05,4.8640355869125524e-05,0,0,0.0,17,4,icmp_flood,1
0.020536,4,236.0,194.7798987144527,11492.014024152708,56.2,15.336231610144653,0.006845333333333334,0.011852135011605857,0,0,1.0,17,1,benign,0
0.020889,4,278.0,191.4883431471109,13308.439848724209,63.6,32.3156308928048,0.006963,0.012058537722294524,0,0,1.0,17,1,benign,0
0.044871,4,344.0,89.14443627287113,7666.421519466917,79.2,37.24513391035129,0.014957,0.02590281982719256,0,0,1.0,17,1,benign,0
0.000103,4,0.0,38834.951456310686,0.0,0.0,0.0,3.4333333333333325e-05,5.860318535142382e-05,0,1,1.0,6,1,syn_flood,1
1e-06,2,0.0,2000000.0,0.0,0.0,0.0,1e-06,0.0,0,1,0.0,6,1,syn_flood,1
0.000125,3,0.0,24000.0,0.0,0.0,0.0,6.25e-05,8.697413408594533e-05,0,0,2.0,6,1,benign,0
2e-06,2,750.0,1000000.0,375000000.0,375.0,0.0,2e-06,0.0,0,0,0.0,17,8,pulsed_mixed_flood,1
1e-06,2,0.0,2000000.0,0.0,0.0,0.0,1e-06,0.0,0,1,0.0,6,1,syn_flood,1
115.290262,59,2304.0,0.511751807797956,19.984341782482893,38.40000000000001,147.6247188892112,1.987763137931035,3.9623153861336937,0,1,0.0,6,1,benign,0
4.6e-05,2,0.0,43478.260869565216,0.0,0.0,0.0,4.6e-05,0.0,0,1,0.0,6,1,syn_flood,1
1e-06,2,2944.0,2000000.0,2944000000.0,1472.0,0.0,1e-06,0.0,0,0,0.0,17,6,slowloris_low_rate,1
0.020617,4,160.0,194.014648105932,7760.58592423728,38.4,8.763560920082657,0.006872333333333334,0.011898900383368764,0,0,1.0,17,1,benign,0
0.000551,70,30800.0,127041.74228675137,55898366.6061706,440.0,0.0,7.985507246376811e-06,1.6424956579424376e-05,0,0,0.0,17,4,icmp_flood,1
0.000182,3,0.0,16483.516483516483,0.0,0.0,0.0,9.1e-05,0.00012445079348883236,0,0,2.0,6,1,benign,0
0.39675,4,462.0,10.081915563957152,1164.461247637051,102.2,72.8471001481871,0.13225,0.2290602551993689,0,0,1.0,17,1,benign,0
4.9e-05,2,2944.0,40816.32653061225,60081632.65306122,1472.0,0.0,4.9e-05,0.0,0,0,0.0,17,6,slowloris_low_rate,1
0.006096,93,40920.0,15255.905511811025,6712598.425196852,440.0,0.0,6.626086956521738e-05,0.00014508942824426095,0,0,0.0,17,4,icmp_flood,1
4.7e-05,2,0.0,42553.191489361714,0.0,0.0,0.0,4.7e-05,0.0,0,1,0.0,6,1,syn_flood,1
1e-06,2,2848.0,2000000.0,2848000000.0,1424.0,0.0,1e-06,0.0,0,0,0.0,17,3,dns_amplification,1
0.020603,4,228.0,194.1464835218172,11066.349560743582,54.2,15.336231610144653,0.006867666666666666,0.011889951443691154,0,0,1.0,17,1,benign,0
0.02063,4,712.0,193.8923897237034,34512.8453708192,149.0,158.8395416764982,0.006876666666666666,0.011906405936861608,0,0,1.0,17,1,benign,0
0.020764,4,344.0,192.64110961279133,16567.135426700057,79.2,37.24513391035129,0.006921333333333334,0.011982904837030685,0,0,1.0,17,1,benign,0
27.776102,6,0.0,0.2160130316341724,0.0,0.0,0.0,5.5552204000000005,7.751742084750711,0,1,0.0,6,0,udp_flood,1
0.090217,4,0.0,44.33754170500016,0.0,0.0,0.0,0.03007233333333333,0.027857319798094967,0,0,3.0,6,1,benign,0
1e-06,2,0.0,2000000.0,0.0,0.0,0.0,1e-06,0.0,0,1,0.0,6,0,udp_flood,1
0.001535,4,123.0,2605.863192182411,80130.29315960912,33.8,19.979989989987484,0.0005116666666666666,0.0008845011776890594,0,0,0.0,6,1,benign,0
0.020728,4,496.0,192.975685063682,23928.98494789657,111.2,70.10848736066126,0.006909333333333334,0.011963852319939983,0,0,1.0,17,1,benign,0
0.000392,18,7632.0,45918.36734693878,19469387.75510204,424.8421052631578,45.40345454049203,2.3058823529411763e-05,4.863187045065624e-05,0,0,0.0,17,4,icmp_flood,1
2e-06,2,766.0,1000000.0,383000000.0,383.0,0.0,2e-06,0.0,0,0,0.0,17,8,pulsed_mixed_flood,1
115.966874,59,2304.0,0.5087659774290372,19.867742576211885,38.40000000000001,147.6247188892112,1.9994288620689655,3.964259139188997,0,1,0.0,6,1,benign,0
0.199376,29,8209.0,145.45381590562556,41173.4611989407,273.6333333333333,611.1734041048068,0.007120571428571428,0.01601883577502752,0,1,0.0,6,1,benign,0
2e-06,2,2944.0,1000000.0,1472000000.0,1472.0,0.0,2e-06,0.0,0,0,0.0,17,6,slowloris_low_rate,1
0.000525,36,15552.0,68571.42857142858,29622857.142857146,432.2162162162162,33.01105465945809,1.5e-05,6.838859554048467e-05,0,0,0.0,17,4,icmp_flood,1
0.213689,6,2088.0,28.078188395284734,9771.209561559088,344.1428571428572,33.61759743263722,0.042737800000000006,0.05856465803878649,0,0,0.0,17,8,pulsed_mixed_flood,1
0.000287,4,0.0,13937.282229965158,0.0,0.0,0.0,9.566666666666668e-05,8.445314282685597e-05,0,0,3.0,6,1,benign,0
0.020884,4,62.0,191.5341888527102,2968.779927217008,12.4,16.97939928266015,0.006961333333333334,0.012054784955914116,0,0,3.0,6,1,benign,0
3.00954,4,0.0,1.3291067737926727,0.0,0.0,0.0,1.00318,1.7375569970861386,0,1,0.0,6,1,benign,0
2e-06,2,966.0,1000000.0,483000000.0,483.0,0.0,2e-06,0.0,0,0,0.0,17,3,dns_amplification,1
0.134688,4,204.0,29.69826562128772,1514.6115466856736,49.4,8.763560920082657,0.044896,0.07775868896142732,0,0,1.0,17,1,benign,0
1e-06,2,0.0,2000000.0,0.0,0.0,0.0,1e-06,0.0,0,1,0.0,6,0,udp_flood,1
0.023261,4,256.0,171.96165255148102,11005.545763294786,58.4,30.672463220289305,0.007753666666666666,0.013423682443105295,0,0,1.0,17,1,benign,0
1e-06,2,2944.0,2000000.0,2944000000.0,1472.0,0.0,1e-06,0.0,0,0,0.0,17,3,dns_amplification,1
94.880932,12,0.0,0.1264743057119211,0.0,0.0,0.0,8.625539272727273,11.729058002809628,0,1,0.0,6,1,syn_flood,1
4.9e-05,2,2928.0,40816.32653061225,59755102.04081633,1464.0,0.0,4.9e-05,0.0,0,0,0.0,17,6,slowloris_low_rate,1
0.00031,24,10272.0,77419.35483870968,33135483.870967746,428.48,39.87179454200676,1.3478260869565225e-05,4.176761421050938e-05,0,0,0.0,17,4,icmp_flood,1
0.020698,4,280.0,193.2553869939124,13527.877089573867,63.2,37.24513391035129,0.006899333333333334,0.01193614051246605,0,0,1.0,17,1,benign,0
1e-06,2,31.0,2000000.0,31000000.0,20.666666666666664,17.8978583448784,1e-06,0.0,0,0,0.0,6,1,benign,0
0.020543,4,268.0,194.71352772233848,13045.80635739668,61.4,30.672463220289305,0.006847666666666666,0.011856176463486589,0,0,1.0,17,1,benign,0
0.261071,4,0.0,15.321502579757992,0.0,0.0,0.0,0.08702366666666668,0.15072768007679727,0,0,0.0,6,1,benign,0
0.000107,3,0.0,28037.383177570093,0.0,0.0,0.0,5.35e-05,7.28319984622144e-05,0,0,2.0,6,1,http_get_flood,1
0.041159,4,0.0,97.18409096430914,0.0,0.0,0.0,0.013719666666666668,0.02375969564900471,0,0,3.0,6,1,benign,0
0.020634,4,300.0,193.85480275273815,14539.110206455363,69.4,30.672463220289305,0.006878,0.01190871533793633,0,0,1.0,17,1,benign,0
66.60006,14,0.0,0.210210020831813,0.0,0.0,0.0,5.123081538461539,7.4898912033894245,0,1,0.0,6,1,syn_flood,1
0.000158,3,0.0,18987.3417721519,0.0,0.0,0.0,7.9e-05,0.00010889444430272828,0,0,2.0,6,1,benign,0
0.001595,48,21120.0,30094.04388714733,13241379.310344825,440.0,0.0,3.393617021276594e-05,6.995072932314546e-05,0,0,0.0,17,4,icmp_flood,1
0.001828,4,123.0,2188.183807439825,67286.65207877461,33.8,19.979989989987484,0.0006093333333333333,0.0010510662839865684,0,0,0.0,6,1,benign,0
1e-06,2,802.0,2000000.0,802000000.0,401.0,0.0,1e-06,0.0,0,0,0.0,17,8,pulsed_mixed_flood,1
1e-06,2,0.0,2000000.0,0.0,0.0,0.0,1e-06,0.0,0,1,0.0,6,1,syn_flood,1
1e-06,2,2896.0,2000000.0,2896000000.0,1448.0,0.0,1e-06,0.0,0,0,0.0,17,3,dns_amplification,1
3e-06,3,0.0,1000000.0,0.0,0.0,0.0,1.5e-06,7.071067811865476e-07,0,0,0.0,6,1,benign,0
1e-06,2,0.0,2000000.0,0.0,0.0,0.0,1e-06,0.0,0,1,0.0,6,1,syn_flood,1
0.107771,4,1398.0,37.11573614423175,12971.949782408996,345.6,21.36117974270148,0.03592366666666667,0.06221901778663285,0,0,0.0,17,0,udp_flood,1
0.000786,4,123.0,5089.058524173028,156488.5496183206,33.8,19.979989989987484,0.000262,0.0004486011591603392,0,0,0.0,6,1,benign,0
0.106862,4,1438.0,37.431453650502526,13456.607587355657,353.6,32.3156308928048,0.03562066666666667,0.061695072415334215,0,0,0.0,17,8,pulsed_mixed_flood,1
0.000165,3,0.0,18181.81818181818,0.0,0.0,0.0,8.25e-05,0.00011384419177103415,0,0,2.0,6,1,benign,0
1e-06,2,750.0,2000000.0,750000000.0,375.0,0.0,1e-06,0.0,0,0,0.0,17,8,pulsed_mixed_flood,1
0.020564,4,496.0,194.5146858587824,24119.821046489007,111.2,70.10848736066126,0.006854666666666666,0.01186743478319276,0,0,1.0,17,1,benign,0
0.020742,4,300.0,192.84543438434096,14463.407578825569,69.4,30.672463220289305,0.006914,0.011971069166954135,0,0,1.0,17,1,benign,0
65.264275,55,15092.0,0.8427275105714419,231.24442890080368,269.50000000000006,691.6013302474195,1.2085976851851854,3.198423901528021,0,1,1.0,6,1,benign,0
1e-06,2,802.0,2000000.0,802000000.0,401.0,0.0,1e-06,0.0,0,0,0.0,17,8,pulsed_mixed_flood,1
9.8e-05,14,5728.0,142857.14285714287,58448979.59183674,411.2,76.00300745929165,7.538461538461537e-06,1.623584195853619e-05,0,0,0.0,17,4,icmp_flood,1
0.020786,4,220.0,192.43721735783703,10584.046954681036,52.2,15.336231610144653,0.006928666666666666,0.011999070644567992,0,0,1.0,17,1,benign,0
0.054896,3,0.0,54.64879044010493,0.0,0.0,0.0,0.027448,0.038813091219329604,0,0,2.0,6,1,benign,0
0.020829,4,410.0,192.0399443084161,19684.094291612648,91.4,60.79720388307344,0.006943,0.012020432604528009,0,0,1.0,17,1,benign,0
0.000189,3,0.0,15873.015873015873,0.0,0.0,0.0,9.45e-05,0.00012798632739476507,0,0,2.0,6,1,benign,0
2e-06,2,2896.0,1000000.0,1448000000.0,1448.0,0.0,2e-06,0.0,0,0,0.0,17,3,dns_amplification,1
1e-06,2,0.0,2000000.0,0.0,0.0,0.0,1e-06,0.0,0,1,0.0,6,1,syn_flood,1
0.001136,56,24640.0,49295.77464788732,21690140.84507042,440.0,0.0,2.0654545454545452e-05,5.69366828906098e-05,0,0,0.0,17,4,icmp_flood,1
0.000225,3,0.0,13333.333333333336,0.0,0.0,0.0,0.0001125,0.0001576848122046001,0,0,2.0,6,1,benign,0
0.020843,4,156.0,191.91095331766056,7484.527179388763,37.4,8.763560920082657,0.006947666666666666,0.011991299443068437,0,0,1.0,17,1,benign,0
0.020539,4,160.0,194.751448463898,7790.057938555918,38.4,8.763560920082657,0.006846333333333334,0.011855599113217912,0,0,1.0,17,1,benign,0
1e-06,2,0.0,2000000.0,0.0,0.0,0.0,1e-06,0.0,0,1,0.0,6,1,syn_flood,1
0.000127,4,0.0,31496.062992125982,0.0,0.0,0.0,4.233333333333333e-05,3.962743157628732e-05,0,1,1.0,6,1,syn_flood,1
1e-06,2,0.0,2000000.0,0.0,0.0,0.0,1e-06,0.0,0,1,0.0,6,0,udp_flood,1
1e-06,2,0.0,2000000.0,0.0,0.0,0.0,1e-06,0.0,0,1,0.0,6,0,udp_flood,1
1e-06,2,766.0,2000000.0,766000000.0,383.0,0.0,1e-06,0.0,0,0,0.0,17,8,pulsed_mixed_flood,1
1e-06,2,2944.0,2000000.0,2944000000.0,1472.0,0.0,1e-06,0.0,0,0,0.0,17,6,slowloris_low_rate,1
0.000384,4,123.0,10416.666666666666,320312.5,33.8,19.979989989987484,0.000128,0.00022083704399398208,0,0,0.0,6,1,benign,0
1e-06,2,2944.0,2000000.0,2944000000.0,1472.0,0.0,1e-06,0.0,0,0,0.0,17,6,slowloris_low_rate,1
1e-06,2,0.0,2000000.0,0.0,0.0,0.0,1e-06,0.0,0,1,0.0,6,1,syn_flood,1
1e-06,2,0.0,2000000.0,0.0,0.0,0.0,1e-06,0.0,0,1,0.0,6,0,udp_flood,1
0.028369,2,0.0,70.49948887870562,0.0,0.0,0.0,0.028369,0.0,0,0,1.0,6,1,benign,0
0.000144,3,0.0,20833.33333333333,0.0,0.0,0.0,7.2e-05,9.758073580374356e-05,0,0,2.0,6,1,benign,0
0.000109,3,0.0,27522.935779816507,0.0,0.0,0.0,5.45e-05,7.42462120245875e-05,0,0,2.0,6,1,http_get_flood,1
2e-06,2,2944.0,1000000.0,1472000000.0,1472.0,0.0,2e-06,0.0,0,0,0.0,17,6,slowloris_low_rate,1
0.040909,5,76.0,122.22249382776404,1857.7819061820132,19.0,20.81345718519632,0.01022725,0.020367247864729623,0,0,0.0,6,1,benign,0
0.060116,2,0.0,33.26901324106727,0.0,0.0,0.0,0.060116,0.0,0,0,1.0,6,1,benign,0
0.020701,4,232.0,193.2273803197913,11207.188058547896,56.4,8.763560920082657,0.006900333333333334,0.011946531770071737,0,0,1.0,17,1,benign,0
1e-06,2,802.0,2000000.0,802000000.0,401.0,0.0,1e-06,0.0,0,0,0.0,17,8,pulsed_mixed_flood,1
0.000101,4,0.0,39603.96039603961,0.0,0.0,0.0,3.3666666666666674e-05,2.830783166074952e-05,0,1,1.0,6,0,udp_flood,1
0.041145,200,88000.0,4860.857941426662,2138777.494227731,440.0,0.0,0.0002067587939698493,0.0002531771689934704,0,0,0.0,17,4,icmp_flood,1
0.000555,4,123.0,7207.207207207207,221621.6216216216,33.8,19.979989989987484,0.000185,0.0003152332469775357,0,0,0.0,6,1,benign,0
1e-06,2,802.0,2000000.0,802000000.0,401.0,0.0,1e-06,0.0,0,0,0.0,17,8,pulsed_mixed_flood,1
9.3e-05,3,0.0,32258.06451612904,0.0,0.0,0.0,4.65e-05,6.293250352560272e-05,0,0,2.0,6,1,benign,0
0.020815,4,536.0,192.16910881575785,25750.66058131156,117.6,89.82649943084725,0.006938333333333334,0.012013215736568343,0,0,1.0,17,1,benign,0
0.447458,27,14868.0,60.34085880686008,33227.69958297762,531.0,836.371439723515,0.017209923076923074,0.03765915514710662,0,1,0.0,6,1,benign,0
0.020668,4,196.0,193.5359009096188,9483.25914457132,46.2,15.336231610144653,0.006889333333333334,0.011928345247071504,0,0,1.0,17,1,benign,0
99.066486,14,0.0,0.1413192348419424,0.0,0.0,0.0,7.620498923076922,9.071464878551877,0,1,0.0,6,1,syn_flood,1
1e-06,2,0.0,2000000.0,0.0,0.0,0.0,1e-06,0.0,0,1,0.0,6,1,syn_flood,1
1e-06,2,0.0,2000000.0,0.0,0.0,0.0,1e-06,0.0,0,1,0.0,6,0,udp_flood,1
1e-06,2,0.0,2000000.0,0.0,0.0,0.0,1e-06,0.0,0,1,0.0,6,0,udp_flood,1
0.02086,2,0.0,95.87727708533076,0.0,0.0,0.0,0.02086,0.0,0,0,1.0,6,1,benign,0
0.00026,3,0.0,11538.46153846154,0.0,0.0,0.0,0.00013,0.00018101933598375613,0,0,0.0,6,1,benign,0
0.000231,3,0.0,12987.012987012988,0.0,0.0,0.0,0.0001155,0.00016192745289171938,0,0,2.0,6,1,benign,0
0.020875,4,320.0,191.61676646706584,15329.341317365268,70.4,52.58136552049595,0.006958333333333334,0.012049588803495884,0,0,1.0,17,1,benign,0
0.020634,4,278.0,193.85480275273815,13472.908791315303,63.4,33.411076007815126,0.006878,0.01190871533793633,0,0,1.0,17,1,benign,0
2e-06,2,2944.0,1000000.0,1472000000.0,1472.0,0.0,2e-06,0.0,0,0,0.0,17,6,slowloris_low_rate,1
0.047719,4,244.0,83.82405331209792,5113.267252037973,55.8,28.48157299026864,0.01590633333333333,0.027547113411995346,0,0,1.0,17,1,benign,0
0.000169,3,0.0,17751.47928994083,0.0,0.0,0.0,8.45e-05,0.00011667261889578037,0,0,2.0,6,1,benign,0
1e-06,2,2944.0,2000000.0,2944000000.0,1472.0,0.0,1e-06,0.0,0,0,0.0,17,6,slowloris_low_rate,1
6.825898,16,256.0,2.344013930474789,37.50422288759663,16.0,0.0,0.4550598666666667,1.7568297922539284,0,0,0.0,17,1,benign,0
0.054801,3,0.0,54.74352657798215,0.0,0.0,0.0,0.0274005,0.03874733028867925,0,0,2.0,6,1,benign,0
0.000104,4,0.0,38461.53846153846,0.0,0.0,0.0,3.466666666666667e-05,5.83123771881522e-05,0,1,1.0,6,0,udp_flood,1
0.000192,3,0.0,15625.0,0.0,0.0,0.0,9.6e-05,0.00013152186130069784,0,0,2.0,6,1,benign,0
1e-06,2,772.0,2000000.0,772000000.0,386.0,0.0,1e-06,0.0,0,0,0.0,17,8,pulsed_mixed_flood,1
0.02063,4,588.0,193.8923897237034,28502.1812893844,134.2,70.10848736066126,0.006876666666666666,0.01190813798766765,0,0,1.0,17,1,benign,0
0.000178,3,0.0,16853.932584269663,0.0,0.0,0.0,8.9e-05,0.0001230365799264593,0,0,2.0,6,1,benign,0
0.05606,4,484.0,71.35212272565109,8633.606849803782,105.2,86.54016408581623,0.018686666666666664,0.032361059953798385,0,0,1.0,17,1,benign,0
2e-06,2,2944.0,1000000.0,1472000000.0,1472.0,0.0,2e-06,0.0,0,0,0.0,17,3,dns_amplification,1
2e-06,2,0.0,1000000.0,0.0,0.0,0.0,2e-06,0.0,0,0,0.0,6,1,benign,0
0.020705,4,132.0,193.1900507123883,6375.271673508813,31.4,8.763560920082657,0.006901666666666666,0.01194970720701279,0,0,1.0,17,1,benign,0
1e-06,2,2944.0,2000000.0,2944000000.0,1472.0,0.0,1e-06,0.0,0,0,0.0,17,6,slowloris_low_rate,1
2e-06,2,0.0,1000000.0,0.0,0.0,0.0,2e-06,0.0,0,1,0.0,6,1,syn_flood,1
0.050669,4,220.0,78.94373285440804,4341.905306992441,52.2,15.336231610144653,0.016889666666666664,0.02924856465424129,0,0,1.0,17,1,benign,0
1e-06,2,2944.0,2000000.0,2944000000.0,1472.0,0.0,1e-06,0.0,0,0,0.0,17,3,dns_amplification,1
5.206753,7,0.0,1.3444079256304264,0.0,0.0,0.0,0.8677921666666665,2.098839641547531,0,1,0.0,6,1,benign,0
0.56029,30,16232.0,53.54370058362635,28970.71159578076,523.6129032258062,838.6000110270828,0.01932034482758621,0.04434740238509375,0,1,0.0,6,1,benign,0
5.703445,7,0.0,1.2273283953820893,0.0,0.0,0.0,0.9505741666666664,2.3210685836125924,0,1,0.0,6,1,benign,0
0.020906,4,344.0,191.3326317803501,16454.60633311011,79.2,37.24513391035129,0.006968666666666666,0.012065754611019294,0,0,1.0,17,1,benign,0
0.02059,4,220.0,194.26906265177269,10684.798445847498,51.8,17.527121840165314,0.006863333333333334,0.011884177940999255,0,0,1.0,17,1,benign,0
1e-06,2,2944.0,2000000.0,2944000000.0,1472.0,0.0,1e-06,0.0,0,0,0.0,17,6,slowloris_low_rate,1
0.040748,4,0.0,98.16432708353784,0.0,0.0,0.0,0.013582666666666668,0.02352327069804141,0,0,3.0,6,1,benign,0
1e-06,2,31.0,2000000.0,31000000.0,20.666666666666664,17.8978583448784,1e-06,0.0,0,0,0.0,6,1,benign,0
0.00011,3,0.0,27272.727272727272,0.0,0.0,0.0,5.5e-05,7.495331880577403e-05,0,0,2.0,6,1,benign,0
0.0206,4,224.0,194.17475728155335,10873.786407766993,53.2,15.336231610144653,0.006866666666666666,0.011888219392883584,0,0,1.0,17,1,benign,0
0.000109,4,0.0,36697.247706422015,0.0,0.0,0.0,3.6333333333333327e-05,6.206716791777544e-05,0,1,1.0,6,1,syn_flood,1
0.106081,4,1398.0,37.70703519009059,13178.608798936662,345.6,21.36117974270148,0.03536033333333333,0.06124416185509713,0,0,0.0,17,8,pulsed_mixed_flood,1
4e-06,3,0.0,750000.0,0.0,0.0,0.0,2e-06,0.0,0,0,0.0,6,1,benign,0
2e-06,2,2944.0,1000000.0,1472000000.0,1472.0,0.0,2e-06,0.0,0,0,0.0,17,6,slowloris_low_rate,1
2e-06,2,910.0,1000000.0,455000000.0,596.3333333333333,489.59302827280266,2e-06,0.0,0,0,0.0,6,1,benign,0
2e-06,2,750.0,1000000.0,375000000.0,375.0,0.0,2e-06,0.0,0,0,0.0,17,8,pulsed_mixed_flood,1
54.928033,25,12.0,0.4551410024094618,0.2184676811565417,0.5000000000000001,0.5099019513592785,2.288668041666667,4.117501744724094,0,0,0.0,6,1,benign,0
1e-06,2,2944.0,2000000.0,2944000000.0,1472.0,0.0,1e-06,0.0,0,0,0.0,17,3,dns_amplification,1
2e-06,2,2944.0,1000000.0,1472000000.0,1472.0,0.0,2e-06,0.0,0,0,0.0,17,3,dns_amplification,1
4.8e-05,2,750.0,41666.66666666666,15625000.0,375.0,0.0,4.8e-05,0.0,0,0,0.0,17,8,pulsed_mixed_flood,1
1e-06,2,2944.0,2000000.0,2944000000.0,1472.0,0.0,1e-06,0.0,0,0,0.0,17,6,slowloris_low_rate,1
1e-06,2,2944.0,2000000.0,2944000000.0,1472.0,0.0,1e-06,0.0,0,0,0.0,17,3,dns_amplification,1
0.477409,9,802.0,18.851760230745548,1679.9013005619918,80.2,169.07644556366938,0.059676125,0.14531262789038918,0,1,0.0,6,1,benign,0
1e-06,2,31.0,2000000.0,31000000.0,20.666666666666664,17.8978583448784,1e-06,0.0,0,0,0.0,6,1,benign,0
0.020848,4,536.0,191.8649270913277,25709.90023023792,117.6,89.82649943084725,0.006949333333333334,0.012031402259642611,0,0,1.0,17,1,benign,0
0.020618,4,204.0,194.00523814142983,9894.26714521292,49.4,8.763560920082657,0.006872666666666666,0.011898611697728998,0,0,1.0,17,1,benign,0
4.7e-05,2,328.0,42553.191489361714,6978723.404255318,164.0,0.0,4.7e-05,0.0,0,0,0.0,17,3,dns_amplification,1
0.108426,4,1438.0,36.89152048401675,13262.50161400402,353.6,32.3156308928048,0.036142,0.0625980482363468,0,0,0.0,17,8,pulsed_mixed_flood,1
1e-06,2,2944.0,2000000.0,2944000000.0,1472.0,0.0,1e-06,0.0,0,0,0.0,17,6,slowloris_low_rate,1
0.020574,4,288.0,194.4201419267036,13998.250218722658,66.0,32.863353450309965,0.006858,0.011874074321815576,0,0,1.0,17,1,benign,0
0.000162,3,0.0,18518.51851851852,0.0,0.0,0.0,8.1e-05,0.00011172287142747452,0,0,2.0,6,1,benign,0
0.02059,4,262.0,194.26906265177269,12724.62360369111,61.6,21.36117974270148,0.006863333333333334,0.011883311926114424,0,0,1.0,17,1,benign,0
0.000111,3,0.0,27027.027027027027,0.0,0.0,0.0,5.55e-05,7.42462120245875e-05,0,0,2.0,6,1,http_get_flood,1
1e-06,2,2944.0,2000000.0,2944000000.0,1472.0,0.0,1e-06,0.0,0,0,0.0,17,6,slowloris_low_rate,1
0.000135,3,0.0,22222.222222222223,0.0,0.0,0.0,6.75e-05,9.121677477306464e-05,0,0,2.0,6,1,benign,0
0.000128,3,0.0,23437.5,0.0,0.0,0.0,6.4e-05,8.909545442950498e-05,0,0,2.0,6,1,benign,0
0.21247,6,2088.0,28.23928083964795,9827.269732197488,344.1428571428572,33.61759743263722,0.042494,0.05824611672034454,0,0,0.0,17,8,pulsed_mixed_flood,1
0.107868,4,1438.0,37.0823599213854,13331.10839173805,353.6,32.3156308928048,0.035956,0.06227675281354994,0,0,0.0,17,8,pulsed_mixed_flood,1
1e-06,2,0.0,2000000.0,0.0,0.0,0.0,1e-06,0.0,0,1,0.0,6,1,syn_flood,1
2e-06,2,2944.0,1000000.0,1472000000.0,1472.0,0.0,2e-06,0.0,0,0,0.0,17,6,slowloris_low_rate,1
1e-06,2,750.0,2000000.0,750000000.0,375.0,0.0,1e-06,0.0,0,0,0.0,17,8,pulsed_mixed_flood,1
0.006392,150,65424.0,23466.833541927408,10235294.11764706,436.1854304635762,33.0344071080462,4.2899328859060396e-05,6.855878765272464e-05,0,0,0.0,17,4,icmp_flood,1
1e-06,2,31.0,2000000.0,31000000.0,20.666666666666664,17.8978583448784,1e-06,0.0,0,0,0.0,6,1,benign,0
0.020798,4,484.0,192.3261852101164,23271.46841042408,105.2,86.54016408581623,0.006932666666666666,0.01200340078200063,0,0,1.0,17,1,benign,0
1e-06,2,0.0,2000000.0,0.0,0.0,0.0,1e-06,0.0,0,1,0.0,6,1,syn_flood,1
0.020639,4,256.0,193.80783952710885,12403.701729734968,61.2,15.336231610144653,0.006879666666666666,0.01191073605338198,0,0,1.0,17,1,benign,0
0.107778,4,1398.0,37.11332553953497,12971.107276067472,345.6,21.36117974270148,0.035926,0.06222392526191192,0,0,0.0,17,8,pulsed_mixed_flood,1
5.5e-05,4,0.0,72727.27272727272,0.0,0.0,0.0,1.833333333333333e-05,2.8307831660749533e-05,0,1,1.0,6,1,syn_flood,1
9.014963,6,0.0,0.6655601359650617,0.0,0.0,0.0,1.8029926,2.685070411427473,0,1,0.0,6,1,benign,0
0.0001,4,0.0,40000.0,0.0,0.0,0.0,3.333333333333333e-05,5.60029761113937e-05,0,1,1.0,6,1,syn_flood,1
109.633214,18,0.0,0.1641838211547825,0.0,0.0,0.0,6.449012588235293,8.391691432192092,0,1,0.0,6,1,syn_flood,1
0.21717,6,2088.0,27.628125431689465,9614.587650227932,344.1428571428572,33.61759743263722,0.043434,0.059482247923224964,0,0,0.0,17,8,pulsed_mixed_flood,1
1e-06,2,766.0,2000000.0,766000000.0,383.0,0.0,1e-06,0.0,0,0,0.0,17,0,udp_flood,1
1e-06,2,2944.0,2000000.0,2944000000.0,1472.0,0.0,1e-06,0.0,0,0,0.0,17,6,slowloris_low_rate,1
58.507018,136,81426.0,2.324507463361062,1391.7304758208663,594.3503649635037,866.2771818266613,0.4333853185185185,5.007957063207439,0,1,0.0,6,1,benign,0
4e-06,2,2944.0,500000.0,736000000.0,1472.0,0.0,4e-06,0.0,0,0,0.0,17,3,dns_amplification,1
2e-06,2,2944.0,1000000.0,1472000000.0,1472.0,0.0,2e-06,0.0,0,0,0.0,17,6,slowloris_low_rate,1
1e-06,2,0.0,2000000.0,0.0,0.0,0.0,1e-06,0.0,0,1,0.0,6,1,syn_flood,1
0.020656,4,694.0,193.64833462432225,33597.986057319904,145.2,155.005483773962,0.006885333333333334,0.011920551007958203,0,0,1.0,17,1,benign,0
1e-06,2,0.0,2000000.0,0.0,0.0,0.0,1e-06,0.0,0,1,0.0,6,0,udp_flood,1
0.02056,4,272.0,194.5525291828794,13229.5719844358,61.6,35.05424368033063,0.006853333333333334,0.011865125382116001,0,0,1.0,17,1,benign,0
1e-06,2,2656.0,2000000.0,2656000000.0,1328.0,0.0,1e-06,0.0,0,0,0.0,17,3,dns_amplification,1
0.234454,60,26376.0,255.9137400087011,112499.68010782498,432.3934426229506,864.6351307283422,0.003973796610169493,0.014028704474532971,0,1,1.0,6,1,benign,0
0.062086,2,0.0,32.21338143864961,0.0,0.0,0.0,0.062086,0.0,0,0,1.0,6,1,benign,0
0.020655,4,226.0,193.65770999757927,10941.660614863227,52.0,24.647515087732486,0.006885,0.011920839693578636,0,0,1.0,17,1,benign,0
1e-06,2,750.0,2000000.0,750000000.0,375.0,0.0,1e-06,0.0,0,0,0.0,17,0,udp_flood,1
0.02068,4,244.0,193.4235976789168,11798.839458413926,55.0,32.863353450309965,0.006893333333333334,0.011935273534080958,0,0,1.0,17,1,benign,0
1e-06,2,750.0,2000000.0,750000000.0,375.0,0.0,1e-06,0.0,0,0,0.0,17,8,pulsed_mixed_flood,1
15.146792,19,1018.0,1.2543910288066278,67.20895091184985,50.90000000000001,106.5867079695657,0.8414884444444445,2.5595586241877775,0,1,0.0,6,1,benign,0
0.000193,3,0.0,15544.041450777202,0.0,0.0,0.0,9.65e-05,0.00013505739520663058,0,0,2.0,6,1,benign,0
0.106463,4,1398.0,37.57173853827151,13131.322619125893,345.6,21.36117974270148,0.035487666666666674,0.061464709657927545,0,0,0.0,17,8,pulsed_mixed_flood,1
0.000272,4,123.0,14705.882352941177,452205.8823529412,33.8,19.979989989987484,9.066666666666666e-05,0.00015444200637564035,0,0,0.0,6,1,benign,0
1e-06,2,2944.0,2000000.0,2944000000.0,1472.0,0.0,1e-06,0.0,0,0,0.0,17,6,slowloris_low_rate,1
0.000377,64,27584.0,169761.27320954908,73167108.75331564,431.1384615384615,50.12231193636377,5.984126984126983e-06,1.4599483048174597e-05,0,0,0.0,17,4,icmp_flood,1
0.020508,4,280.0,195.04583577140636,13653.20850399844,64.6,29.57701810527897,0.006836,0.011835969204082948,0,0,1.0,17,1,benign,0
0.020693,4,320.0,193.3020828299425,15464.1666263954,70.4,52.58136552049595,0.006897666666666666,0.01194191296791822,0,0,1.0,17,1,benign,0
0.020724,4,288.0,193.01293186643505,13896.931094383324,64.2,42.72235948540296,0.006908,0.011962408912923854,0,0,1.0,17,1,benign,0
0.000244,4,0.0,16393.442622950817,0.0,0.0,0.0,8.133333333333332e-05,7.900210967647214e-05,0,0,3.0,6,1,benign,0
4e-06,4,1806.0,1000000.0,451500000.0,447.6,21.36117974270148,1.3333333333333332e-06,5.773502691896258e-07,0,0,0.0,17,8,pulsed_mixed_flood,1
0.001553,34,14240.0,21893.11010946556,9169349.645846749,419.4285714285714,84.781478871649,4.7060606060606066e-05,6.465965675845497e-05,0,0,0.0,17,4,icmp_flood,1
0.000143,2,0.0,13986.013986013986,0.0,0.0,0.0,0.000143,0.0,0,0,1.0,6,1,http_get_flood,1
103.8579,88,41804.0,0.8473115670546005,402.5115085130741,469.7078651685393,812.7865397150604,1.1937689655172412,7.794369739450413,0,1,0.0,6,1,benign,0
1e-06,2,0.0,2000000.0,0.0,0.0,0.0,1e-06,0.0,0,1,0.0,6,0,udp_flood,1
0.110661,31,13932.0,280.1348261808587,125898.0128500556,435.375,762.0037994147932,0.0036886999999999996,0.007845815718343562,0,1,1.0,6,1,benign,0
5.2e-05,4,0.0,76923.07692307692,0.0,0.0,0.0,1.7333333333333336e-05,2.6576932353703534e-05,0,1,1.0,6,0,udp_flood,1
1e-06,2,2944.0,2000000.0,2944000000.0,1472.0,0.0,1e-06,0.0,0,0,0.0,17,6,slowloris_low_rate,1
1e-06,2,0.0,2000000.0,0.0,0.0,0.0,1e-06,0.0,0,1,0.0,6,1,syn_flood,1
4.6e-05,2,766.0,43478.260869565216,16652173.91304348,383.0,0.0,4.6e-05,0.0,0,0,0.0,17,0,udp_flood,1
1e-06,2,766.0,2000000.0,766000000.0,383.0,0.0,1e-06,0.0,0,0,0.0,17,0,udp_flood,1
0.000461,6,2352.0,13015.184381778745,5101952.277657267,398.8571428571428,70.2648052522944,9.22e-05,0.0001808527024957051,0,0,0.0,17,4,icmp_flood,1
1e-06,2,0.0,2000000.0,0.0,0.0,0.0,1e-06,0.0,0,1,0.0,6,1,syn_flood,1
1e-06,2,0.0,2000000.0,0.0,0.0,0.0,1e-06,0.0,0,1,0.0,6,0,udp_flood,1
0.108939,4,1438.0,36.71779619787221,13200.04773313506,353.6,32.3156308928048,0.036313,0.06289422892444108,0,0,0.0,17,8,pulsed_mixed_flood,1
36.23152,8,0.0,0.2208022186206927,0.0,0.0,0.0,5.175931428571428,8.518027253704286,0,1,0.0,6,0,udp_flood,1
0.000747,20,8656.0,26773.761713520747,11587684.06961178,433.1428571428571,21.65706747065657,3.931578947368421e-05,6.906442453855752e-05,0,0,0.0,17,4,icmp_flood,1
0.020903,4,300.0,191.36009185284408,14352.006888963306,69.4,30.672463220289305,0.006967666666666666,0.012064888575255612,0,0,1.0,17,1,benign,0
0.004058,200,88000.0,49285.36224741252,21685559.388861507,440.0,0.0,2.039195979899496e-05,4.66931433081815e-05,0,0,0.0,17,4,icmp_flood,1
1e-06,2,880.0,2000000.0,880000000.0,440.0,0.0,1e-06,0.0,0,0,0.0,17,4,icmp_flood,1
0.347865,14,2100.0,40.24549753496329,6036.824630244491,140.0,246.18518001119168,0.026758846153846154,0.06458233070900812,0,1,0.0,6,1,benign,0
1e-06,2,2944.0,2000000.0,2944000000.0,1472.0,0.0,1e-06,0.0,0,0,0.0,17,3,dns_amplification,1
0.000107,4,0.0,37383.17757009346,0.0,0.0,0.0,3.566666666666667e-05,5.832095106677646e-05,0,1,1.0,6,1,syn_flood,1
0.020589,4,320.0,194.27849822720867,15542.279858176697,70.4,52.58136552049595,0.006863,0.011883600632804855,0,0,1.0,17,1,benign,0
2e-06,2,2944.0,1000000.0,1472000000.0,1472.0,0.0,2e-06,0.0,0,0,0.0,17,6,slowloris_low_rate,1
4.6e-05,2,0.0,43478.260869565216,0.0,0.0,0.0,4.6e-05,0.0,0,1,0.0,6,1,syn_flood,1
5.1e-05,4,0.0,78431.37254901961,0.0,0.0,0.0,1.7e-05,2.7712812921102038e-05,0,1,1.0,6,0,udp_flood,1
0.000128,2,0.0,15625.0,0.0,0.0,0.0,0.000128,0.0,0,0,1.0,6,1,http_get_flood,1
88.627507,8,0.0,0.0902654296707228,0.0,0.0,0.0,12.661072428571428,22.689095916264673,0,0,0.0,17,1,benign,0
0.001157,56,23920.0,48401.03716508211,20674157.303370785,427.3684210526316,66.82937537889931,2.103636363636364e-05,3.427555204534958e-05,0,0,0.0,17,4,icmp_flood,1
5.130616,7,0.0,1.3643585877407314,0.0,0.0,0.0,0.8551026666666666,2.0744060851548487,0,1,0.0,6,1,benign,0
0.002355,16,6896.0,6794.055201698515,2928237.7919320595,431.5294117647058,23.91160190958257,0.00015699999999999997,0.00021131864903167308,0,0,0.0,17,4,icmp_flood,1
1e-06,2,2896.0,2000000.0,2896000000.0,1448.0,0.0,1e-06,0.0,0,0,0.0,17,3,dns_amplification,1
1e-06,2,0.0,2000000.0,0.0,0.0,0.0,1e-06,0.0,0,1,0.0,6,0,udp_flood,1
1e-06,2,0.0,2000000.0,0.0,0.0,0.0,1e-06,0.0,0,1,0.0,6,0,udp_flood,1
1e-06,2,750.0,2000000.0,750000000.0,375.0,0.0,1e-06,0.0,0,0,0.0,17,0,udp_flood,1
1e-06,2,431.0,2000000.0,431000000.0,277.0,213.0422493309719,1e-06,0.0,0,0,0.0,6,1,benign,0
0.026318,3,0.0,113.99042480431643,0.0,0.0,0.0,0.013159,0.01860680784014281,0,0,2.0,6,1,benign,0
0.020617,4,286.0,194.014648105932,13872.047339574136,65.4,33.411076007815126,0.006872333333333334,0.011898900383368764,0,0,1.0,17,1,benign,0
0.273489,25,8887.0,91.411354752842,32494.90838754027,341.8076923076923,647.517599404419,0.011395375000000001,0.029407442759204167,0,1,0.0,6,1,benign,0
0.000171,2,0.0,11695.906432748538,0.0,0.0,0.0,0.000171,0.0,0,0,1.0,6,1,http_get_flood,1
15.440598,19,1020.0,1.230522289356928,66.05961763916139,50.99999999999999,106.83583077246185,0.857811,2.547291607542249,0,1,0.0,6,1,benign,0
1e-06,2,2896.0,2000000.0,2896000000.0,1448.0,0.0,1e-06,0.0,0,0,0.0,17,3,dns_amplification,1
0.000183,2,0.0,10928.96174863388,0.0,0.0,0.0,0.000183,0.0,0,0,1.0,6,1,http_get_flood,1
1e-06,2,2896.0,2000000.0,2896000000.0,1448.0,0.0,1e-06,0.0,0,0,0.0,17,6,slowloris_low_rate,1
0.020746,4,320.0,192.80825219319385,15424.660175455509,70.4,52.58136552049595,0.006915333333333334,0.01197337856802888,0,0,1.0,17,1,benign,0
0.106016,4,1438.0,37.73015393902807,13563.990341080593,353.6,32.3156308928048,0.03533866666666667,0.061206634087599784,0,0,0.0,17,8,pulsed_mixed_flood,1
0.054728,4,84.0,73.0887297178775,1534.8633240754275,16.8,23.004347415216976,0.018242666666666664,0.031594627459954866,0,0,3.0,6,1,benign,0
0.054672,3,0.0,54.87269534679543,0.0,0.0,0.0,0.027336,0.038658941941030936,0,0,2.0,6,1,benign,0
1e-06,2,0.0,2000000.0,0.0,0.0,0.0,1e-06,0.0,0,1,0.0,6,1,syn_flood,1
0.020614,4,200.0,194.04288347724847,9702.144173862423,48.4,8.763560920082657,0.006871333333333334,0.011879847824502354,0,0,1.0,17,1,benign,0
117.901254,97,12622.0,0.8227223774905736,107.05568916171156,128.79591836734693,318.88484684942125,1.2281380625,8.423908655150703,0,1,1.0,6,1,benign,0
4.8e-05,2,0.0,41666.66666666666,0.0,0.0,0.0,4.8e-05,0.0,0,1,0.0,6,0,udp_flood,1
0.000125,3,0.0,24000.0,0.0,0.0,0.0,6.25e-05,8.555992052357226e-05,0,0,2.0,6,1,benign,0
2e-06,2,2944.0,1000000.0,1472000000.0,1472.0,0.0,2e-06,0.0,0,0,0.0,17,3,dns_amplification,1
0.020811,4,400.0,192.20604488011148,19220.604488011148,91.8,44.913249715423625,0.006937,0.012010040299682596,0,0,1.0,17,1,benign,0
1e-06,2,750.0,2000000.0,750000000.0,375.0,0.0,1e-06,0.0,0,0,0.0,17,8,pulsed_mixed_flood,1
0.000115,16,7040.0,139130.4347826087,61217391.30434782,440.0,0.0,7.666666666666666e-06,1.6960738977611403e-05,0,0,0.0,17,4,icmp_flood,1
0.056059,2,0.0,35.676697764854886,0.0,0.0,0.0,0.056059,0.0,0,0,1.0,6,1,benign,0
5.69999,7,0.0,1.2280723299514562,0.0,0.0,0.0,0.9499983333333336,2.326881840918328,0,1,0.0,6,1,http_get_flood,1
0.591534,29,14372.0,49.02507717223354,24296.15203859795,479.0666666666668,789.4222651051073,0.021126214285714286,0.04369589025793916,0,1,0.0,6,1,benign,0
0.210375,23,6502.0,109.3285799168152,30906.714200831844,270.91666666666663,423.5232057362399,0.009562500000000002,0.019052796636989437,0,1,0.0,6,1,benign,0
1e-06,2,2944.0,2000000.0,2944000000.0,1472.0,0.0,1e-06,0.0,0,0,0.0,17,3,dns_amplification,1
0.020709,4,260.0,193.1527355256169,12554.927809165096,57.8,39.43602414037196,0.006903,0.011951150572225252,0,0,1.0,17,1,benign,0
0.020803,4,232.0,192.2799596212085,11152.237658030092,56.4,8.763560920082657,0.006934333333333334,0.012008885599144214,0,0,1.0,17,1,benign,0
1e-06,2,0.0,2000000.0,0.0,0.0,0.0,1e-06,0.0,0,1,0.0,6,1,syn_flood,1
1e-06,2,802.0,2000000.0,802000000.0,401.0,0.0,1e-06,0.0,0,0,0.0,17,8,pulsed_mixed_flood,1
2e-06,2,2944.0,1000000.0,1472000000.0,1472.0,0.0,2e-06,0.0,0,0,0.0,17,6,slowloris_low_rate,1
0.084979,9,964.0,105.9085185751774,11343.979100719002,96.4,203.22904429348785,0.010622375,0.020523385246643468,0,1,0.0,6,1,benign,0
0.0206,4,132.0,194.17475728155335,6407.766990291262,31.4,8.763560920082657,0.006866666666666666,0.011889085428801214,0,0,1.0,17,1,benign,0
0.12279,2,0.0,16.287971333170454,0.0,0.0,0.0,0.12279,0.0,0,0,1.0,6,1,benign,0
0.234169,52,21918.0,222.0618442236163,93599.06734025426,413.5471698113208,834.9592704492502,0.004591549019607842,0.015310303089506391,0,1,0.0,6,1,benign,0
0.366796,40,9046.0,109.05244331999258,24662.21005681632,220.63414634146343,601.1250600373254,0.009405025641025641,0.026889190816431846,0,1,0.0,6,1,benign,0
0.104956,4,1438.0,38.11120850642174,13700.979458058617,353.6,32.3156308928048,0.03498533333333333,0.06059464280225879,0,0,0.0,17,8,pulsed_mixed_flood,1
0.163053,4,308.0,24.53190067033418,1888.9563516157325,69.4,41.62691437039263,0.054351,0.09405210366599993,0,0,1.0,17,1,benign,0
0.020688,4,728.0,193.34880123743235,35189.48182521268,153.0,158.8395416764982,0.006896,0.01193902621657227,0,0,1.0,17,1,benign,0
89.394105,16,0.0,0.1789827192743861,0.0,0.0,0.0,5.959607,8.097153308202342,0,1,0.0,6,1,syn_flood,1
0.020701,4,400.0,193.2273803197913,19322.73803197913,91.8,44.913249715423625,0.006900333333333334,0.011948263862726391,0,0,1.0,17,1,benign,0
1e-06,2,2944.0,2000000.0,2944000000.0,1472.0,0.0,1e-06,0.0,0,0,0.0,17,3,dns_amplification,1
0.020739,4,236.0,192.8733304402334,11379.526495973769,56.2,15.336231610144653,0.006913,0.011969337199694896,0,0,1.0,17,1,benign,0
0.073661,4,328.0,54.30281967391157,4452.831213260748,74.2,42.72235948540296,0.024553666666666665,0.042523868054697635,0,0,1.0,17,1,benign,0
1e-06,2,0.0,2000000.0,0.0,0.0,0.0,1e-06,0.0,0,1,0.0,6,1,syn_flood,1
114.524329,39,0.0,0.340538995866983,0.0,0.0,0.0,3.0137981315789473,4.498238913714014,0,0,0.0,17,1,benign,0
2e-06,2,487.0,1000000.0,243500000.0,324.66666666666663,281.16958109534784,2e-06,0.0,0,0,0.0,6,1,http_get_flood,1
0.001052,50,22000.0,47528.51711026616,20912547.528517112,440.0,0.0,2.146938775510205e-05,6.518534537532711e-05,0,0,0.0,17,4,icmp_flood,1
4.4e-05,2,2944.0,45454.545454545456,66909090.90909091,1472.0,0.0,4.4e-05,0.0,0,0,0.0,17,3,dns_amplification,1
58.555054,46,5328.0,0.7855854765329052,90.99129171668083,113.36170212765956,180.4338281128973,1.301223422222222,8.691265203958388,0,1,0.0,6,1,benign,0
0.020703,4,184.0,193.20871371298847,8887.60083079747,43.2,15.336231610144653,0.006901,0.011948552506475418,0,0,1.0,17,1,benign,0
0.041093,4,0.0,97.34017959263136,0.0,0.0,0.0,0.013697666666666667,0.023721590531272,0,0,3.0,6,1,benign,0
0.420064,23,21018.0,54.75356136207815,50035.23272644169,875.7500000000001,1219.2176482946115,0.019093818181818187,0.05978115902637549,0,1,1.0,6,1,benign,0
1e-06,2,2944.0,2000000.0,2944000000.0,1472.0,0.0,1e-06,0.0,0,0,0.0,17,3,dns_amplification,1
118.173886,108,38266.0,0.9139074939111336,323.81096446299483,358.5321100917431,665.6580087458898,1.1044288411214953,7.959379805579315,0,0,1.0,6,1,benign,0
0.055829,4,0.0,71.64735173476151,0.0,0.0,0.0,0.018609666666666663,0.03098046294575556,0,0,3.0,6,1,benign,0
2e-06,3,0.0,1500000.0,0.0,0.0,0.0,1e-06,0.0,0,0,2.0,6,1,benign,0
0.108156,4,1438.0,36.9836162579977,13295.610044750176,353.6,32.3156308928048,0.036052,0.06244129764026369,0,0,0.0,17,8,pulsed_mixed_flood,1
4.8e-05,2,2944.0,41666.66666666666,61333333.33333333,1472.0,0.0,4.8e-05,0.0,0,0,0.0,17,3,dns_amplification,1
0.000253,3,0.0,11857.70750988142,0.0,0.0,0.0,0.0001265,0.00017606958851545032,0,0,0.0,6,1,benign,0
0.02057,4,538.0,194.4579484686436,26154.59406903257,113.2,116.6649047486004,0.006856666666666666,0.011871764920740865,0,0,1.0,17,1,benign,0
1e-06,2,2944.0,2000000.0,2944000000.0,1472.0,0.0,1e-06,0.0,0,0,0.0,17,6,slowloris_low_rate,1
0.000145,3,0.0,20689.6551724138,0.0,0.0,0.0,7.25e-05,9.97020561473032e-05,0,0,2.0,6,1,benign,0
116.286255,69,6868.0,0.5933633342994836,59.06115043433121,98.1142857142857,223.5711178137661,1.710091985294118,3.716069462941325,0,1,0.0,6,1,benign,0
0.000194,3,0.0,15463.917525773197,0.0,0.0,0.0,9.7e-05,0.00013293607486307093,0,0,2.0,6,1,benign,0
0.020586,4,288.0,194.3068104537064,13990.09035266686,66.0,32.863353450309965,0.006862,0.01188013648911493,0,0,1.0,17,1,benign,0
119.087072,63,12274.0,0.5290246786821663,103.06744295468108,191.78125000000003,442.6292822979735,1.9207592258064512,10.560488352281794,0,1,0.0,6,1,benign,0
0.020594,4,350.0,194.2313295134505,16995.24133242692,77.6,54.22453319301145,0.0068646666666666665,0.011884755291268444,0,0,1.0,17,1,benign,0
1e-06,2,0.0,2000000.0,0.0,0.0,0.0,1e-06,0.0,0,1,0.0,6,0,udp_flood,1
68.770013,10,0.0,0.1454122162227888,0.0,0.0,0.0,7.641112555555556,9.838321181668574,0,1,0.0,6,1,syn_flood,1
0.091446,2,0.0,21.87083087286486,0.0,0.0,0.0,0.091446,0.0,0,0,1.0,6,1,benign,0
1e-06,2,2944.0,2000000.0,2944000000.0,1472.0,0.0,1e-06,0.0,0,0,0.0,17,6,slowloris_low_rate,1
1e-06,2,0.0,2000000.0,0.0,0.0,0.0,1e-06,0.0,0,1,0.0,6,1,syn_flood,1
0.000114,3,0.0,26315.78947368421,0.0,0.0,0.0,5.7e-05,7.778174593052024e-05,0,0,2.0,6,1,benign,0
0.00021,3,0.0,14285.714285714284,0.0,0.0,0.0,0.000105,0.0001442497833620557,0,0,2.0,6,1,benign,0
1e-06,2,2944.0,2000000.0,2944000000.0,1472.0,0.0,1e-06,0.0,0,0,0.0,17,3,dns_amplification,1
116.787226,77,10886.0,0.659318682678532,93.21224908621429,139.5641025641026,353.9996180841579,1.5366740263157896,9.335155802874741,0,1,0.0,6,1,benign,0
0.020917,4,300.0,191.2320122388488,14342.400917913656,69.4,30.672463220289305,0.006972333333333334,0.012033156291403073,0,0,1.0,17,1,benign,0
1e-06,2,2944.0,2000000.0,2944000000.0,1472.0,0.0,1e-06,0.0,0,0,0.0,17,3,dns_amplification,1
0.106731,4,1438.0,37.477396445268944,13473.124022074187,353.6,32.3156308928048,0.035577,0.061618573506695196,0,0,0.0,17,8,pulsed_mixed_flood,1
1e-06,2,0.0,2000000.0,0.0,0.0,0.0,1e-06,0.0,0,1,0.0,6,1,syn_flood,1
4.8e-05,2,0.0,41666.66666666666,0.0,0.0,0.0,4.8e-05,0.0,0,1,0.0,6,1,syn_flood,1
1e-06,2,2832.0,2000000.0,2832000000.0,1416.0,0.0,1e-06,0.0,0,0,0.0,17,6,slowloris_low_rate,1
0.020646,4,228.0,193.74212922600012,11043.301365882013,54.2,15.336231610144653,0.006882,0.011915643541160504,0,0,1.0,17,1,benign,0
4.9e-05,2,0.0,40816.32653061225,0.0,0.0,0.0,4.9e-05,0.0,0,1,0.0,6,1,syn_flood,1
1e-06,2,914.0,2000000.0,914000000.0,457.0,0.0,1e-06,0.0,0,0,0.0,17,3,dns_amplification,1
1e-06,2,0.0,2000000.0,0.0,0.0,0.0,1e-06,0.0,0,0,0.0,6,1,benign,0
1e-06,2,31.0,2000000.0,31000000.0,20.666666666666664,17.8978583448784,1e-06,0.0,0,0,0.0,6,1,benign,0
0.104414,4,1398.0,38.30903901775624,13389.009136705805,345.6,21.36117974270148,0.03480466666666667,0.06028085293302785,0,0,0.0,17,8,pulsed_mixed_flood,1
1e-06,2,2944.0,2000000.0,2944000000.0,1472.0,0.0,1e-06,0.0,0,0,0.0,17,6,slowloris_low_rate,1
0.020569,4,224.0,194.4674024016724,10890.174534493655,53.2,15.336231610144653,0.006856333333333334,0.011870321534538703,0,0,1.0,17,1,benign,0
1e-06,2,2944.0,2000000.0,2944000000.0,1472.0,0.0,1e-06,0.0,0,0,0.0,17,3,dns_amplification,1
1e-06,2,0.0,2000000.0,0.0,0.0,0.0,1e-06,0.0,0,1,0.0,6,0,udp_flood,1
1e-06,2,2944.0,2000000.0,2944000000.0,1472.0,0.0,1e-06,0.0,0,0,0.0,17,3,dns_amplification,1
115.051807,59,2482.0,0.5128124584779447,21.57289020241117,41.36666666666665,161.03299658362127,1.9836518448275864,3.958126040457258,0,1,0.0,6,1,benign,0
1e-06,2,2944.0,2000000.0,2944000000.0,1472.0,0.0,1e-06,0.0,0,0,0.0,17,6,slowloris_low_rate,1
0.020653,4,262.0,193.6764634677771,12685.808357139396,61.4,22.456624857711805,0.006884333333333334,0.011920551007958203,0,0,1.0,17,1,benign,0
2e-06,2,2944.0,1000000.0,1472000000.0,1472.0,0.0,2e-06,0.0,0,0,0.0,17,6,slowloris_low_rate,1
0.020551,4,156.0,194.63773052406208,7590.871490438421,37.4,8.763560920082657,0.006850333333333334,0.01185992922969329,0,0,1.0,17,1,benign,0
2e-06,2,2944.0,1000000.0,1472000000.0,1472.0,0.0,2e-06,0.0,0,0,0.0,17,6,slowloris_low_rate,1
1e-06,2,0.0,2000000.0,0.0,0.0,0.0,1e-06,0.0,0,1,0.0,6,1,syn_flood,1
1e-06,2,2944.0,2000000.0,2944000000.0,1472.0,0.0,1e-06,0.0,0,0,0.0,17,6,slowloris_low_rate,1
1e-06,2,2928.0,2000000.0,2928000000.0,1464.0,0.0,1e-06,0.0,0,0,0.0,17,6,slowloris_low_rate,1
10.551508,6,0.0,0.5686390987904288,0.0,0.0,0.0,2.1103016,4.71871745700061,0,1,0.0,6,0,udp_flood,1
1e-06,2,2944.0,2000000.0,2944000000.0,1472.0,0.0,1e-06,0.0,0,0,0.0,17,3,dns_amplification,1
0.02083,4,282.0,192.03072491598653,13538.166106577051,63.0,41.07919181288746,0.006943333333333334,0.012021009954797197,0,0,1.0,17,1,benign,0
26.237733,6,0.0,0.2286782932046759,0.0,0.0,0.0,5.2475466,7.274416917296003,0,1,0.0,6,0,udp_flood,1
3e-06,2,0.0,666666.6666666665,0.0,0.0,0.0,3e-06,0.0,0,0,0.0,6,1,benign,0
4e-06,3,62.0,750000.0,15500000.0,23.25,15.5,2e-06,1.4142135623730952e-06,0,0,0.0,6,1,benign,0
1e-06,2,31.0,2000000.0,31000000.0,20.666666666666664,17.8978583448784,1e-06,0.0,0,0,0.0,6,1,benign,0
0.000123,3,0.0,24390.243902439022,0.0,0.0,0.0,6.15e-05,8.414570696119915e-05,0,0,2.0,6,1,http_get_flood,1
1e-06,2,2944.0,2000000.0,2944000000.0,1472.0,0.0,1e-06,0.0,0,0,0.0,17,3,dns_amplification,1
0.020726,4,212.0,192.99430666795325,10228.698253401524,51.4,8.763560920082657,0.006908666666666666,0.011960965526801478,0,0,1.0,17,1,benign,0
4.8e-05,2,0.0,41666.66666666666,0.0,0.0,0.0,4.8e-05,0.0,0,1,0.0,6,1,syn_flood,1
0.000111,4,0.0,36036.03603603604,0.0,0.0,0.0,3.7e-05,3.2908965343808665e-05,0,1,1.0,6,0,udp_flood,1
5.2e-05,2,2928.0,38461.53846153846,56307692.30769231,1464.0,0.0,5.2e-05,0.0,0,0,0.0,17,3,dns_amplification,1
1e-06,2,2944.0,2000000.0,2944000000.0,1472.0,0.0,1e-06,0.0,0,0,0.0,17,3,dns_amplification,1
0.020656,4,256.0,193.64833462432225,12393.493415956622,58.8,28.48157299026864,0.006885333333333334,0.011920551049902571,0,0,1.0,17,1,benign,0
0.00015,3,0.0,20000.0,0.0,0.0,0.0,7.5e-05,0.00010323759005323591,0,0,2.0,6,1,benign,0
0.000117,3,0.0,25641.02564102564,0.0,0.0,0.0,5.85e-05,7.848885271170676e-05,0,0,2.0,6,1,http_get_flood,1
2e-06,2,0.0,1000000.0,0.0,0.0,0.0,2e-06,0.0,0,1,0.0,6,1,syn_flood,1
14.340746,12,0.0,0.8367765526284338,0.0,0.0,0.0,1.303704181818182,2.557261421895377,0,1,5.0,6,1,benign,0
117.126323,75,10878.0,0.6403342824994174,92.87408433371549,143.13157894736847,357.4312928701221,1.5827881486486488,9.486497340930953,0,1,0.0,6,1,benign,0
71.872993,76,30094.0,1.0574208312154192,418.7108222973267,390.8311688311689,884.6719344747522,0.9583065733333332,2.921473223307614,0,1,0.0,6,1,benign,0
2e-06,2,2944.0,1000000.0,1472000000.0,1472.0,0.0,2e-06,0.0,0,0,0.0,17,6,slowloris_low_rate,1
1e-06,2,0.0,2000000.0,0.0,0.0,0.0,1e-06,0.0,0,1,0.0,6,1,syn_flood,1
96.234777,12,0.0,0.124695046573444,0.0,0.0,0.0,8.74861609090909,10.34676592508159,0,1,0.0,6,1,syn_flood,1
0.001715,10,4256.0,5830.903790087465,2481632.6530612246,426.9090909090909,29.125434058412058,0.0001905555555555556,0.0002288384316013763,0,0,0.0,17,4,icmp_flood,1
1e-06,2,2944.0,2000000.0,2944000000.0,1472.0,0.0,1e-06,0.0,0,0,0.0,17,6,slowloris_low_rate,1
0.000187,2,0.0,10695.187165775402,0.0,0.0,0.0,0.000187,0.0,0,0,1.0,6,1,http_get_flood,1
0.020561,4,196.0,194.5430669714508,9532.61028160109,46.2,15.336231610144653,0.006853666666666666,0.011866568768322767,0,0,1.0,17,1,benign,0
0.054713,3,0.0,54.83157567671303,0.0,0.0,0.0,0.0273565,0.038686519105497204,0,0,2.0,6,1,benign,0
1e-06,2,0.0,2000000.0,0.0,0.0,0.0,1e-06,0.0,0,1,0.0,6,0,udp_flood,1
0.000589,4,123.0,6791.171477079796,208828.5229202037,33.8,19.979989989987484,0.0001963333333333333,0.00033572955385746623,0,0,0.0,6,1,benign,0
0.02059,4,288.0,194.26906265177269,13987.372510927637,66.0,32.863353450309965,0.006863333333333334,0.011883311926114424,0,0,1.0,17,1,benign,0
0.001429,5,76.0,3498.950314905529,53184.04478656403,19.0,20.81345718519632,0.00035725,0.0006322849436765043,0,0,0.0,6,1,benign,0
0.000112,3,0.0,26785.714285714286,0.0,0.0,0.0,5.6e-05,7.636753236814713e-05,0,0,2.0,6,1,http_get_flood,1
0.021279,3,0.0,140.98406880022557,0.0,0.0,0.0,0.0106395,0.015043696769743799,0,0,2.0,6,1,benign,0
0.020722,4,224.0,193.031560660168,10809.767396969404,50.6,29.57701810527897,0.006907333333333334,0.011959522161580425,0,0,1.0,17,1,benign,0
1e-06,2,0.0,2000000.0,0.0,0.0,0.0,1e-06,0.0,0,1,0.0,6,0,udp_flood,1
0.045341,4,156.0,88.22037449548974,3440.5946053241,37.4,8.763560920082657,0.015113666666666668,0.026172442402904113,0,0,1.0,17,1,benign,0
0.001776,28,12320.0,15765.765765765767,6936936.936936937,440.0,0.0,6.577777777777777e-05,0.00020020323007717268,0,0,0.0,17,4,icmp_flood,1
4.8e-05,2,2944.0,41666.66666666666,61333333.33333333,1472.0,0.0,4.8e-05,0.0,0,0,0.0,17,3,dns_amplification,1
0.000182,4,123.0,21978.02197802197,675824.1758241758,33.8,19.979989989987484,6.066666666666667e-05,9.988159656980524e-05,0,0,0.0,6,1,benign,0
9.7e-05,4,0.0,41237.113402061856,0.0,0.0,0.0,3.233333333333334e-05,5.427092530382482e-05,0,1,1.0,6,0,udp_flood,1
0.000139,20,8800.0,143884.89208633095,63309352.51798561,440.0,0.0,7.315789473684212e-06,1.3511528540797e-05,0,0,0.0,17,4,icmp_flood,1
0.020532,4,236.0,194.8178453146308,11494.252873563217,56.2,15.336231610144653,0.006844,0.011849825610531151,0,0,1.0,17,1,benign,0
0.020652,4,232.0,193.6858415649816,11233.778810768934,56.4,8.763560920082657,0.006884,0.011918241606881444,0,0,1.0,17,1,benign,0
117.364556,40,2606.0,0.3408183983587004,22.204318653069333,63.5609756097561,130.31865729443496,3.0093475897435886,13.066891311111135,0,1,0.0,6,1,benign,0
0.000583,12,5280.0,20583.19039451115,9056603.773584906,440.0,0.0,5.3e-05,6.610900090002872e-05,0,0,0.0,17,4,icmp_flood,1
0.000223,4,0.0,17937.219730941702,0.0,0.0,0.0,7.433333333333333e-05,6.434542200757824e-05,0,0,3.0,6,1,benign,0
1e-06,2,802.0,2000000.0,802000000.0,401.0,0.0,1e-06,0.0,0,0,0.0,17,8,pulsed_mixed_flood,1
2e-06,2,0.0,1000000.0,0.0,0.0,0.0,2e-06,0.0,0,1,0.0,6,0,udp_flood,1
1e-06,2,2944.0,2000000.0,2944000000.0,1472.0,0.0,1e-06,0.0,0,0,0.0,17,6,slowloris_low_rate,1
0.00024,4,0.0,16666.666666666668,0.0,0.0,0.0,8e-05,7.017121917139534e-05,0,0,3.0,6,1,benign,0
0.000152,3,0.0,19736.84210526316,0.0,0.0,0.0,7.6e-05,0.00010323759005323591,0,0,2.0,6,1,benign,0
4.9e-05,2,2944.0,40816.32653061225,60081632.65306122,1472.0,0.0,4.9e-05,0.0,0,0,0.0,17,3,dns_amplification,1
0.046141,4,264.0,86.69079560477665,5721.592509915259,64.4,8.763560920082657,0.015380333333333333,0.026635188648352643,0,0,1.0,17,1,benign,0
1e-06,2,2784.0,2000000.0,2784000000.0,1392.0,0.0,1e-06,0.0,0,0,0.0,17,3,dns_amplification,1
0.000653,12,4992.0,18376.722817764166,7644716.692189893,417.8461538461538,54.076868366314365,5.9363636363636354e-05,0.0001594002965663946,0,0,0.0,17,4,icmp_flood,1
1e-06,2,2944.0,2000000.0,2944000000.0,1472.0,0.0,1e-06,0.0,0,0,0.0,17,6,slowloris_low_rate,1
0.020937,4,196.0,191.04933849166545,9361.417586091608,47.4,8.763560920082657,0.006979,0.012086250535215625,0,0,1.0,17,1,benign,0
0.000127,2,0.0,15748.031496062991,0.0,0.0,0.0,0.000127,0.0,0,0,1.0,6,1,http_get_flood,1
0.020675,4,204.0,193.4703748488513,9866.989117291416,49.4,8.763560920082657,0.006891666666666666,0.011931520663072804,0,0,1.0,17,1,benign,0
6.016961,23,8737.0,3.8225276846567566,1452.0619296020034,364.04166666666674,821.8683634768149,0.27349822727272727,1.21158052976102,0,1,0.0,6,1,benign,0
0.000137,3,0.0,21897.810218978106,0.0,0.0,0.0,6.85e-05,9.263098833543773e-05,0,0,2.0,6,1,http_get_flood,1
14.341327,12,0.0,0.8367426528939755,0.0,0.0,0.0,1.303757,2.557220896332657,0,1,5.0,6,1,benign,0
9.8e-05,4,0.0,40816.32653061225,0.0,0.0,0.0,3.266666666666666e-05,5.484827557301445e-05,0,1,1.0,6,1,syn_flood,1
0.020666,4,152.0,193.5546307945417,7355.075970192585,36.4,8.763560920082657,0.006888666666666666,0.0119263245106501,0,0,1.0,17,1,benign,0
0.215306,6,2088.0,27.86731442690868,9697.82542056422,344.1428571428572,33.61759743263722,0.043061199999999994,0.05898711601019327,0,0,0.0,17,0,udp_flood,1
0.020778,4,264.0,192.5113100394648,12705.746462604677,60.4,30.672463220289305,0.006926,0.011990987740799335,0,0,1.0,17,1,benign,0
1e-06,2,0.0,2000000.0,0.0,0.0,0.0,1e-06,0.0,0,1,0.0,6,0,udp_flood,1
2e-06,2,2928.0,1000000.0,1464000000.0,1464.0,0.0,2e-06,0.0,0,0,0.0,17,3,dns_amplification,1
0.040836,2,0.0,48.97639337839162,0.0,0.0,0.0,0.040836,0.0,0,0,1.0,6,1,benign,0
0.020601,4,160.0,194.16533178001063,7766.613271200426,38.4,8.763560920082657,0.006867,0.011888796743152774,0,0,1.0,17,1,benign,0
107.51837,12,0.0,0.1116088348437574,0.0,0.0,0.0,9.774397272727272,16.046643008903366,0,1,0.0,6,1,syn_flood,1
0.000124,4,0.0,32258.064516129038,0.0,0.0,0.0,4.1333333333333326e-05,6.986653944008772e-05,0,1,1.0,6,0,udp_flood,1
116.419969,66,35332.0,0.5669130525193663,303.48745411536737,527.3432835820896,945.9063563145812,1.7910764461538462,10.096137446126141,0,1,1.0,6,1,benign,0
26.177166,8,0.0,0.3056098586073068,0.0,0.0,0.0,3.7395951428571443,6.387139914980243,0,1,0.0,6,0,udp_flood,1
0.020656,4,344.0,193.64833462432225,16653.75677769171,79.4,36.14968879534096,0.006885333333333334,0.011922283058765772,0,0,1.0,17,1,benign,0
0.026313,4,0.0,152.0161137080531,0.0,0.0,0.0,0.008771,0.015188353564491445,0,0,3.0,6,1,benign,0
1e-06,2,0.0,2000000.0,0.0,0.0,0.0,1e-06,0.0,0,1,0.0,6,1,syn_flood,1
1e-06,2,2944.0,2000000.0,2944000000.0,1472.0,0.0,1e-06,0.0,0,0,0.0,17,6,slowloris_low_rate,1
0.000141,4,0.0,28368.79432624113,0.0,0.0,0.0,4.7e-05,7.882258559575422e-05,0,0,3.0,6,1,benign,0
2e-06,2,2944.0,1000000.0,1472000000.0,1472.0,0.0,2e-06,0.0,0,0,0.0,17,6,slowloris_low_rate,1
1e-06,2,2944.0,2000000.0,2944000000.0,1472.0,0.0,1e-06,0.0,0,0,0.0,17,6,slowloris_low_rate,1
0.134756,6,132.0,44.524919113063625,979.5482204873996,23.28571428571429,16.007438746973087,0.0269512,0.05999840397210579,0,0,1.0,6,1,benign,0
1e-06,2,2944.0,2000000.0,2944000000.0,1472.0,0.0,1e-06,0.0,0,0,0.0,17,6,slowloris_low_rate,1
0.104177,4,1438.0,38.39619109784309,13803.430699674587,353.6,32.3156308928048,0.03472566666666667,0.06014488694256008,0,0,0.0,17,8,pulsed_mixed_flood,1
1e-06,2,0.0,2000000.0,0.0,0.0,0.0,1e-06,0.0,0,1,0.0,6,1,syn_flood,1
2e-06,2,2738.0,1000000.0,1369000000.0,1369.0,0.0,2e-06,0.0,0,0,0.0,17,8,pulsed_mixed_flood,1
4.313124,21,6082.0,4.868860714414887,1410.1148030986355,276.45454545454555,421.18661481837785,0.21565620000000002,0.9129463532734117,0,1,0.0,6,1,http_get_flood,1
1.1e-05,12,4992.0,1090909.0909090908,453818181.8181818,417.8461538461538,54.076868366314365,1e-06,0.0,0,0,0.0,17,4,icmp_flood,1
1e-06,2,995.0,2000000.0,995000000.0,653.0,538.6678011539209,1e-06,0.0,0,0,0.0,6,1,benign,0
1e-06,2,0.0,2000000.0,0.0,0.0,0.0,1e-06,0.0,0,1,0.0,6,1,syn_flood,1
0.36355,63,16698.0,173.29115664970433,45930.4084720121,260.90625000000006,561.8384425400891,0.005863709677419355,0.021418812133865088,0,1,0.0,6,1,benign,0
0.020567,4,256.0,194.4863130257208,12447.124033646132,58.8,28.48157299026864,0.006855666666666666,0.01186916683400033,0,0,1.0,17,1,benign,0
0.106911,4,1438.0,37.414297873932526,13450.440085678743,353.6,32.3156308928048,0.035637,0.06172422860595343,0,0,0.0,17,8,pulsed_mixed_flood,1
0.055204,3,0.0,54.343888124048966,0.0,0.0,0.0,0.027602,0.039032294321497414,0,0,2.0,6,1,benign,0
3e-06,2,0.0,666666.6666666665,0.0,0.0,0.0,3e-06,0.0,1,0,0.0,6,1,benign,0
0.000199,3,0.0,15075.376884422109,0.0,0.0,0.0,9.95e-05,0.00013788582233137677,0,0,2.0,6,1,benign,0
0.020682,4,424.0,193.40489314379656,20500.918673242435,92.0,76.68115805072324,0.006894,0.011938160201639111,0,0,1.0,17,1,benign,0
4.9e-05,2,0.0,40816.32653061225,0.0,0.0,0.0,4.9e-05,0.0,0,1,0.0,6,0,udp_flood,1
2e-06,2,2944.0,1000000.0,1472000000.0,1472.0,0.0,2e-06,0.0,0,0,0.0,17,3,dns_amplification,1
0.054701,2,0.0,36.56240288111735,0.0,0.0,0.0,0.054701,0.0,0,0,1.0,6,1,benign,0
0.069702,4,694.0,57.387162491750594,9956.672692318729,145.2,155.005483773962,0.023234,0.04023813833914288,0,0,1.0,17,1,benign,0
0.020596,4,172.0,194.21246844047383,8351.136142940377,41.4,8.763560920082657,0.0068653333333333335,0.011885909991806824,0,0,1.0,17,1,benign,0
0.02087,4,402.0,191.662673694298,19262.09870627696,89.6,59.70175876806311,0.006956666666666666,0.012044970001346344,0,0,1.0,17,1,benign,0
7.040368,25,9800.0,3.550950745756472,1391.972692336537,376.9230769230769,480.8829315396356,0.29334866666666676,1.3949611714757253,0,1,0.0,6,1,benign,0
0.020603,4,224.0,194.1464835218172,10872.203077221764,50.6,29.57701810527897,0.006867666666666666,0.011890817479607251,0,0,1.0,17,1,benign,0
0.02067,4,132.0,193.5171746492501,6386.066763425254,31.4,8.763560920082657,0.00689,0.011931231998414915,0,0,1.0,17,1,benign,0
0.020612,4,320.0,194.0617116242965,15524.936929943724,70.4,52.58136552049595,0.006870666666666666,0.011896013632025366,0,0,1.0,17,1,benign,0
5e-05,2,802.0,40000.0,16040000.0,401.0,0.0,5e-05,0.0,0,0,0.0,17,8,pulsed_mixed_flood,1
3e-06,3,0.0,1000000.0,0.0,0.0,0.0,1.5e-06,2.1213203435596424e-06,0,0,0.0,6,1,benign,0
0.000259,6,74.0,23166.02316602317,285714.2857142857,10.571428571428571,18.054151349547865,5.18e-05,6.349173174516506e-05,0,0,5.0,6,1,benign,0
0.024805,2,0.0,80.62890546260834,0.0,0.0,0.0,0.024805,0.0,0,0,1.0,6,1,benign,0
0.017389,8,3232.0,460.0609580769452,185864.62706308585,408.0,63.49803146555018,0.002484142857142857,0.003240721598068936,0,0,0.0,17,4,icmp_flood,1
0.000354,4,0.0,11299.435028248588,0.0,0.0,0.0,0.000118,0.00011865496196956956,0,0,3.0,6,1,benign,0
0.000298,58,24944.0,194630.8724832215,83704697.98657718,430.2372881355933,52.56599759220615,5.2280701754385995e-06,1.2360677200385516e-05,0,0,0.0,17,4,icmp_flood,1
1e-06,2,2944.0,2000000.0,2944000000.0,1472.0,0.0,1e-06,0.0,0,0,0.0,17,6,slowloris_low_rate,1
0.000155,3,0.0,19354.83870967742,0.0,0.0,0.0,7.75e-05,0.00010677312395916868,0,0,2.0,6,1,benign,0
0.020631,2,0.0,96.94149580728028,0.0,0.0,0.0,0.020631,0.0,0,0,1.0,6,1,benign,0
2e-06,2,802.0,1000000.0,401000000.0,401.0,0.0,2e-06,0.0,0,0,0.0,17,8,pulsed_mixed_flood,1
0.000225,2,0.0,8888.888888888889,0.0,0.0,0.0,0.000225,0.0,0,0,1.0,6,1,http_get_flood,1
0.020802,4,536.0,192.2892029612537,25766.753196808,117.6,89.82649943084725,0.006934,0.012006576239711304,0,0,1.0,17,1,benign,0
1e-06,2,766.0,2000000.0,766000000.0,383.0,0.0,1e-06,0.0,0,0,0.0,17,0,udp_flood,1
1e-06,2,2944.0,2000000.0,2944000000.0,1472.0,0.0,1e-06,0.0,0,0,0.0,17,3,dns_amplification,1
0.000151,2,0.0,13245.033112582782,0.0,0.0,0.0,0.000151,0.0,0,0,1.0,6,1,http_get_flood,1
0.741305,28,15260.0,37.7712277672483,20585.31913315032,526.2068965517242,808.3726765771178,0.027455740740740742,0.054898041068170256,0,1,0.0,6,1,benign,0
0.054648,2,0.0,36.59786268481921,0.0,0.0,0.0,0.054648,0.0,0,0,1.0,6,1,benign,0
0.104429,4,1398.0,38.303536373995726,13387.08596271151,345.6,21.36117974270148,0.03480966666666667,0.060290379210395866,0,0,0.0,17,8,pulsed_mixed_flood,1
1e-06,2,2896.0,2000000.0,2896000000.0,1448.0,0.0,1e-06,0.0,0,0,0.0,17,3,dns_amplification,1
26.235852,8,928.0,0.3049262512991764,35.37144515070446,107.66666666666669,117.16014680769224,3.747978857142857,9.89788668166229,0,0,1.0,17,1,benign,0
1e-06,2,880.0,2000000.0,880000000.0,440.0,0.0,1e-06,0.0,0,0,0.0,17,4,icmp_flood,1
4.5e-05,2,0.0,44444.444444444445,0.0,0.0,0.0,4.5e-05,0.0,0,1,0.0,6,0,udp_flood,1
0.54969,27,15222.0,49.11859411668395,27691.97183867271,543.6428571428573,859.7803860110512,0.021141923076923082,0.04430505315101028,0,1,0.0,6,1,benign,0
0.000859,48,21120.0,55878.92898719441,24586728.75436554,440.0,0.0,1.827659574468085e-05,2.690539151372709e-05,0,0,0.0,17,4,icmp_flood,1
0.001312,200,88000.0,152439.0243902439,67073170.73170732,440.0,0.0,6.592964824120604e-06,1.5532635917292348e-05,0,0,0.0,17,4,icmp_flood,1
0.05558,13,1350.0,233.8970852824757,24289.31270241094,96.42857142857142,165.0192130006099,0.004631666666666666,0.010236811056479483,0,1,0.0,6,1,benign,0
0.225218,32,7482.0,142.08455807262297,33221.14573435516,226.72727272727272,417.6803706729041,0.007265096774193546,0.018357291247811842,0,1,1.0,6,1,benign,0
0.0001,12,5280.0,120000.0,52800000.0,440.0,0.0,9.09090909090909e-06,1.731735860606083e-05,0,0,0.0,17,4,icmp_flood,1
0.020813,4,402.0,192.1875750732715,19314.85129486379,89.6,59.70175876806311,0.006937666666666666,0.012012927051028544,0,0,1.0,17,1,benign,0
1e-06,2,0.0,2000000.0,0.0,0.0,0.0,1e-06,0.0,0,1,0.0,6,0,udp_flood,1
0.000106,4,0.0,37735.84905660377,0.0,0.0,0.0,3.533333333333333e-05,6.0335174925853436e-05,0,1,1.0,6,1,syn_flood,1
0.054892,8,2706.0,145.74072724622894,49296.800991036944,300.6666666666667,596.6169206450652,0.007841714285714283,0.016520307116942325,0,0,1.0,6,1,benign,0
2e-06,3,0.0,1500000.0,0.0,0.0,0.0,1e-06,0.0,0,0,0.0,6,1,benign,0
1e-06,2,0.0,2000000.0,0.0,0.0,0.0,1e-06,0.0,0,1,0.0,6,0,udp_flood,1
0.00067,112,49280.0,167164.1791044776,73552238.80597015,440.0,0.0,6.036036036036036e-06,1.3768163492722108e-05,0,0,0.0,17,4,icmp_flood,1
7.268259,10,0.0,1.375845302155578,0.0,0.0,0.0,0.8075843333333335,1.448386920429241,0,1,4.0,6,1,benign,0
0.109294,4,1438.0,36.598532398850814,13157.172397386865,353.6,32.3156308928048,0.03643133333333333,0.0630991882700034,0,0,0.0,17,8,pulsed_mixed_flood,1
0.242984,6,2054.0,24.692983900174493,8453.23148849307,339.42857142857144,23.957303290487022,0.0485968,0.06687562348643936,0,0,0.0,17,8,pulsed_mixed_flood,1
0.105723,4,1398.0,37.83471902991781,13223.234300956274,345.6,21.36117974270148,0.035241,0.06103747045872724,0,0,0.0,17,8,pulsed_mixed_flood,1
0.020591,4,256.0,194.25962799281243,12432.616191539992,61.2,15.336231610144653,0.006863666666666666,0.011883889276383104,0,0,1.0,17,1,benign,0
2e-06,2,2944.0,1000000.0,1472000000.0,1472.0,0.0,2e-06,0.0,0,0,0.0,17,6,slowloris_low_rate,1
0.033055,4,0.0,121.0104371502042,0.0,0.0,0.0,0.011018333333333331,0.019080849072652232,0,0,3.0,6,1,benign,0
1e-06,2,0.0,2000000.0,0.0,0.0,0.0,1e-06,0.0,0,1,0.0,6,0,udp_flood,1
0.020651,4,236.0,193.69522057043244,11428.018013655515,56.2,15.336231610144653,0.006883666666666666,0.011920262343309954,0,0,1.0,17,1,benign,0
1e-06,2,2944.0,2000000.0,2944000000.0,1472.0,0.0,1e-06,0.0,0,0,0.0,17,6,slowloris_low_rate,1
0.020742,4,230.0,192.84543438434096,11088.612477099605,53.6,21.36117974270148,0.006914,0.011890621682653939,0,0,1.0,17,1,benign,0
0.00016,3,0.0,18750.0,0.0,0.0,0.0,8e-05,0.00010889444430272828,0,0,2.0,6,1,benign,0
1e-06,2,2944.0,2000000.0,2944000000.0,1472.0,0.0,1e-06,0.0,0,0,0.0,17,6,slowloris_low_rate,1
0.021007,4,62.0,190.41271956966725,2951.3971533298427,12.4,16.97939928266015,0.007002333333333334,0.012124933044488672,0,0,3.0,6,1,benign,0
1e-06,2,2944.0,2000000.0,2944000000.0,1472.0,0.0,1e-06,0.0,0,0,0.0,17,6,slowloris_low_rate,1
0.020609,4,220.0,194.08996069678292,10674.947838323063,52.2,15.336231610144653,0.006869666666666666,0.01189428158121933,0,0,1.0,17,1,benign,0
0.020699,4,230.0,193.24605053384224,11111.647905695929,53.6,21.36117974270148,0.006899666666666666,0.011947109120340929,0,0,1.0,17,1,benign,0
0.020797,4,438.0,192.33543299514355,21060.72991296821,98.0,62.9880941130941,0.006932333333333334,0.01200282343173194,0,0,1.0,17,1,benign,0
0.04585,4,314.0,87.24100327153762,6848.418756815703,71.8,36.69741135284613,0.015283333333333333,0.026468045740729206,0,0,1.0,17,1,benign,0
1e-06,2,2944.0,2000000.0,2944000000.0,1472.0,0.0,1e-06,0.0,0,0,0.0,17,6,slowloris_low_rate,1
0.204275,27,11352.0,132.17476441072083,55572.14539224085,405.4285714285714,730.0802304248094,0.00785673076923077,0.01883620049491445,0,1,1.0,6,1,benign,0
0.001224,40,17600.0,32679.738562091497,14379084.967320263,440.0,0.0,3.1384615384615366e-05,0.0001026713241841002,0,0,0.0,17,4,icmp_flood,1
0.020786,4,438.0,192.43721735783703,21071.87530068316,98.0,62.9880941130941,0.006928666666666666,0.011995606542952855,0,0,1.0,17,1,benign,0
1e-06,2,0.0,2000000.0,0.0,0.0,0.0,1e-06,0.0,0,1,0.0,6,0,udp_flood,1
5.523049,21,6180.0,3.8022476353188246,1118.9471612509683,280.90909090909093,423.3985974166332,0.27615245,1.1189565676297897,0,1,0.0,6,1,http_get_flood,1
0.02068,4,320.0,193.4235976789168,15473.887814313348,70.4,52.58136552049595,0.006893333333333334,0.011937005501101744,0,0,1.0,17,1,benign,0
9.8e-05,4,0.0,40816.32653061225,0.0,0.0,0.0,3.266666666666666e-05,2.7428695436227606e-05,0,1,1.0,6,0,udp_flood,1
0.047209,4,200.0,84.72960664280116,4236.480332140058,48.4,8.763560920082657,0.01573633333333333,0.027254396807365484,0,0,1.0,17,1,benign,0
0.106703,4,1398.0,37.48723091197061,13101.787203733727,345.6,21.36117974270148,0.03556766666666667,0.061603273722533054,0,0,0.0,17,8,pulsed_mixed_flood,1
0.000125,3,0.0,24000.0,0.0,0.0,0.0,6.25e-05,8.555992052357226e-05,0,0,2.0,6,1,http_get_flood,1
1e-06,2,0.0,2000000.0,0.0,0.0,0.0,1e-06,0.0,0,1,0.0,6,1,syn_flood,1
0.000298,4,0.0,13422.818791946307,0.0,0.0,0.0,9.933333333333331e-05,8.821186617078982e-05,0,0,3.0,6,1,benign,0
1e-06,2,750.0,2000000.0,750000000.0,375.0,0.0,1e-06,0.0,0,0,0.0,17,8,pulsed_mixed_flood,1
1e-06,2,0.0,2000000.0,0.0,0.0,0.0,1e-06,0.0,0,1,0.0,6,1,syn_flood,1
0.020622,4,290.0,193.96760740956265,14062.65153719329,66.6,32.3156308928048,0.006874,0.011901787134712164,0,0,1.0,17,1,benign,0
1e-06,2,2832.0,2000000.0,2832000000.0,1416.0,0.0,1e-06,0.0,0,0,0.0,17,3,dns_amplification,1
0.020608,4,220.0,194.0993788819876,10675.465838509315,51.8,17.527121840165314,0.006869333333333334,0.0118928381950371,0,0,1.0,17,1,benign,0
0.118462,57,15374.0,481.1669564923773,129780.01384410194,265.0689655172415,675.0681281296393,0.0021153928571428565,0.006589944336028041,0,1,1.0,6,1,benign,0
1e-06,2,0.0,2000000.0,0.0,0.0,0.0,1e-06,0.0,0,0,0.0,6,1,benign,0
0.020836,4,484.0,191.9754271453254,23229.02668458437,106.2,81.06293851076458,0.006945333333333334,0.012024474056412337,0,0,1.0,17,1,benign,0
0.020642,4,290.0,193.77967251235344,14049.026257145624,66.6,32.3156308928048,0.006880666666666666,0.011912468104189554,0,0,1.0,17,1,benign,0
5.062174,7,0.0,1.3828050952021798,0.0,0.0,0.0,0.8436956666666667,2.046937404187111,0,1,0.0,6,1,benign,0
1e-06,2,0.0,2000000.0,0.0,0.0,0.0,1e-06,0.0,0,1,0.0,6,1,syn_flood,1
0.064716,4,366.0,61.80851721367205,5655.479325050993,81.4,55.31997830802178,0.021572,0.037358603868453126,0,0,1.0,17,1,benign,0
2e-06,2,750.0,1000000.0,375000000.0,375.0,0.0,2e-06,0.0,0,0,0.0,17,8,pulsed_mixed_flood,1
0.108815,4,1398.0,36.75963791756652,12847.493452189496,345.6,21.36117974270148,0.036271666666666674,0.06282263749106157,0,0,0.0,17,8,pulsed_mixed_flood,1
0.064342,20,28182.0,310.8389543377576,438003.1705573343,1342.0,946.6751818865856,0.0033864210526315802,0.011141796365815972,0,0,5.0,6,1,benign,0
116.751724,60,9406.0,0.5139110408339667,80.56412083473816,167.67213114754097,284.1477151829938,1.9788427796610168,10.58272750805264,0,0,1.0,6,1,benign,0
0.020576,4,486.0,194.4012441679626,23619.751166407463,103.4,99.13778290843506,0.006858666666666666,0.011874362986423031,0,0,1.0,17,1,benign,0
4.4e-05,2,2944.0,45454.545454545456,66909090.90909091,1472.0,0.0,4.4e-05,0.0,0,0,0.0,17,3,dns_amplification,1
7.265055,10,0.0,1.376452070906552,0.0,0.0,0.0,0.8072283333333334,1.4483011991496282,0,1,4.0,6,1,benign,0
0.020638,4,204.0,193.8172303517783,9884.678747940692,49.4,8.763560920082657,0.006879333333333334,0.011910158703112792,0,0,1.0,17,1,benign,0
0.020551,4,496.0,194.63773052406208,24135.078584983698,115.8,44.913249715423625,0.006850333333333334,0.01185992922969329,0,0,1.0,17,1,benign,0
0.020712,4,156.0,193.1247585940517,7531.865585168018,37.4,8.763560920082657,0.006904,0.01195288262303282,0,0,1.0,17,1,benign,0
0.02088,4,188.0,191.5708812260536,9003.831417624522,44.2,15.336231610144653,0.00696,0.012053341569871817,0,0,1.0,17,1,benign,0
1e-06,2,0.0,2000000.0,0.0,0.0,0.0,1e-06,0.0,0,1,0.0,6,0,udp_flood,1
2e-06,2,2944.0,1000000.0,1472000000.0,1472.0,0.0,2e-06,0.0,0,0,0.0,17,6,slowloris_low_rate,1
5e-05,2,0.0,40000.0,0.0,0.0,0.0,5e-05,0.0,0,1,0.0,6,1,syn_flood,1
0.000147,2,0.0,13605.442176870749,0.0,0.0,0.0,0.000147,0.0,0,0,1.0,6,1,http_get_flood,1
0.020619,4,496.0,193.9958290896746,24055.48280711965,115.8,44.913249715423625,0.006873,0.011900055083906123,0,0,1.0,17,1,benign,0
0.000737,4,1760.0,5427.408412483039,2388059.7014925373,440.0,0.0,0.0002456666666666667,0.0004237750975851852,0,0,0.0,17,4,icmp_flood,1
0.020601,4,232.0,194.16533178001063,11261.589243240618,56.4,8.763560920082657,0.006867,0.01189139482987593,0,0,1.0,17,1,benign,0
0.020578,4,456.0,194.3823500826125,22159.587909417827,101.2,70.10848736066126,0.006859333333333334,0.011859063214829968,0,0,1.0,17,1,benign,0
0.000363,5,76.0,13774.104683195594,209366.391184573,19.0,20.81345718519632,9.075e-05,0.00010333561825430764,0,0,0.0,6,1,benign,0
0.108179,4,1398.0,36.97575314987197,12923.025725880254,345.6,21.36117974270148,0.03605966666666667,0.06245544271985696,0,0,0.0,17,8,pulsed_mixed_flood,1
4.3e-05,2,766.0,46511.62790697674,17813953.48837209,383.0,0.0,4.3e-05,0.0,0,0,0.0,17,8,pulsed_mixed_flood,1
2e-06,2,2944.0,1000000.0,1472000000.0,1472.0,0.0,2e-06,0.0,0,0,0.0,17,6,slowloris_low_rate,1
7.148904,10,0.0,1.3988158184807071,0.0,0.0,0.0,0.7943226666666665,1.411939346941734,0,1,4.0,6,1,benign,0
1e-06,2,0.0,2000000.0,0.0,0.0,0.0,1e-06,0.0,0,1,0.0,6,0,udp_flood,1
0.020813,4,204.0,192.1875750732715,9801.566328736846,49.4,8.763560920082657,0.006937666666666666,0.012011195000220975,0,0,1.0,17,1,benign,0
0.020578,4,212.0,194.3823500826125,10302.264554378464,51.4,8.763560920082657,0.006859333333333334,0.011876383722890285,0,0,1.0,17,1,benign,0
4.8e-05,2,766.0,41666.66666666666,15958333.333333332,383.0,0.0,4.8e-05,0.0,0,0,0.0,17,8,pulsed_mixed_flood,1
1e-06,2,0.0,2000000.0,0.0,0.0,0.0,1e-06,0.0,0,1,0.0,6,1,syn_flood,1
0.283112,28,12942.0,98.90078838057023,45713.357257905,446.2758620689655,656.6613552417869,0.01048562962962963,0.02083068714134573,0,1,0.0,6,1,benign,0
0.1094,4,1398.0,36.56307129798903,12778.793418647168,345.6,21.36117974270148,0.03646666666666667,0.06311882274197875,0,0,0.0,17,8,pulsed_mixed_flood,1
0.054671,2,0.0,36.58246602403468,0.0,0.0,0.0,0.054671,0.0,0,0,1.0,6,1,benign,0
2e-06,2,2944.0,1000000.0,1472000000.0,1472.0,0.0,2e-06,0.0,0,0,0.0,17,6,slowloris_low_rate,1
0.000106,4,0.0,37735.84905660377,0.0,0.0,0.0,3.533333333333333e-05,6.0335174925853436e-05,0,1,1.0,6,1,syn_flood,1
0.020181,10,3824.0,495.5155839651157,189485.15930826025,387.6363636363636,116.50173623364824,0.002242333333333333,0.006724,0,0,0.0,17,4,icmp_flood,1
0.020871,4,402.0,191.65349048919552,19261.17579416415,89.6,59.70175876806311,0.006957,0.012044681315833972,0,0,1.0,17,1,benign,0
0.020592,4,308.0,194.25019425019423,14957.264957264955,72.2,26.290682760247968,0.006864,0.011883600590730068,0,0,1.0,17,1,benign,0
0.020646,4,424.0,193.74212922600012,20536.665697956018,92.0,76.68115805072324,0.006882,0.011916509556073875,0,0,1.0,17,1,benign,0
1e-06,2,0.0,2000000.0,0.0,0.0,0.0,1e-06,0.0,0,1,0.0,6,1,syn_flood,1
0.020718,4,512.0,193.06882903755192,24712.81011680664,115.2,70.10848736066126,0.006906,0.01195894481131174,0,0,1.0,17,1,benign,0
0.020745,4,320.0,192.8175463967221,15425.403711737768,70.4,52.58136552049595,0.006915,0.01189235371993282,0,0,1.0,17,1,benign,0
0.000271,4,123.0,14760.147601476016,453874.5387453875,33.8,19.979989989987484,9.033333333333334e-05,0.0001538646591434607,0,0,0.0,6,1,benign,0
0.020813,4,572.0,192.1875750732715,27482.823235477823,125.0,98.5900603509299,0.006937666666666666,0.012012061036030967,0,0,1.0,17,1,benign,0
0.000249,3,0.0,12048.192771084336,0.0,0.0,0.0,0.0001245,0.00017324116139070416,0,0,2.0,6,1,benign,0
1e-06,2,766.0,2000000.0,766000000.0,383.0,0.0,1e-06,0.0,0,0,0.0,17,8,pulsed_mixed_flood,1
53.756468,10,307.0,0.186024126436283,5.710940681593888,32.09090909090909,21.082953044839545,5.972940888888887,17.900724391825616,0,0,0.0,6,1,benign,0
1e-06,2,2944.0,2000000.0,2944000000.0,1472.0,0.0,1e-06,0.0,0,0,0.0,17,3,dns_amplification,1
1e-06,2,0.0,2000000.0,0.0,0.0,0.0,1e-06,0.0,0,1,0.0,6,0,udp_flood,1
29.184044,8,0.0,0.2741223937299437,0.0,0.0,0.0,4.169149142857143,7.2213384842540425,0,1,0.0,6,0,udp_flood,1
5.8e-05,3,0.0,51724.13793103449,0.0,0.0,0.0,2.9e-05,3.959797974644665e-05,0,0,2.0,6,1,http_get_flood,1
2e-06,2,2944.0,1000000.0,1472000000.0,1472.0,0.0,2e-06,0.0,0,0,0.0,17,6,slowloris_low_rate,1
116.800505,40,2622.0,0.3424642727358071,22.44853307783216,63.95121951219512,131.9361495609737,2.994884743589744,12.952344555526055,0,1,0.0,6,1,benign,0
0.046044,4,184.0,86.87342541916428,3996.177569281557,43.2,15.336231610144653,0.015348,0.026578319642144424,0,0,1.0,17,1,benign,0
0.000185,3,0.0,16216.216216216217,0.0,0.0,0.0,9.25e-05,0.00011950104602052652,0,0,2.0,6,1,benign,0
4.9e-05,4,0.0,81632.6530612245,0.0,0.0,0.0,1.633333333333333e-05,2.6558112382722783e-05,0,1,1.0,6,0,udp_flood,1
1e-06,2,0.0,2000000.0,0.0,0.0,0.0,1e-06,0.0,0,1,0.0,6,1,syn_flood,1
27.538552,8,0.0,0.2905018390218919,0.0,0.0,0.0,3.9340788571428567,6.859372441867366,0,1,0.0,6,0,udp_flood,1
7.179515,10,0.0,1.3928517455566287,0.0,0.0,0.0,0.7977238888888889,1.4205244336533291,0,1,4.0,6,1,benign,0
7.266562,10,0.0,1.3761666108401744,0.0,0.0,0.0,0.8073957777777779,1.448296156835488,0,1,4.0,6,1,benign,0
0.107351,4,1398.0,37.26094773220557,13022.701232405849,345.6,21.36117974270148,0.03578366666666667,0.06197739669696794,0,0,0.0,17,8,pulsed_mixed_flood,1
4.5e-05,2,0.0,44444.444444444445,0.0,0.0,0.0,4.5e-05,0.0,0,1,0.0,6,0,udp_flood,1
1e-06,2,31.0,2000000.0,31000000.0,20.666666666666664,17.8978583448784,1e-06,0.0,0,0,0.0,6,1,benign,0
0.001099,200,88000.0,181983.62147406733,80072793.44858964,440.0,0.0,5.522613065326637e-06,1.348692749811551e-05,0,0,0.0,17,4,icmp_flood,1
0.585771,28,16552.0,47.800249585588894,28256.7761121667,570.7586206896552,874.9038173737573,0.021695222222222223,0.0477338724495053,0,1,0.0,6,1,benign,0
4.9e-05,2,750.0,40816.32653061225,15306122.448979592,375.0,0.0,4.9e-05,0.0,0,0,0.0,17,8,pulsed_mixed_flood,1
0.020586,4,196.0,194.3068104537064,9521.033712231614,47.4,8.763560920082657,0.006862,0.011881002525039711,0,0,1.0,17,1,benign,0
2.283712,8,400.0,3.503068688170837,175.1534344085419,47.22222222222222,25.737996123327942,0.32624457142857144,0.8450564074547247,0,0,1.0,17,1,benign,0
0.005108,8,2944.0,1566.170712607675,576350.8222396241,376.0,126.99606293110035,0.0007297142857142858,0.000973721677257883,0,0,0.0,17,4,icmp_flood,1
0.020751,4,286.0,192.76179461230785,13782.468314780011,64.6,37.79285646785646,0.006917,0.011976265402870797,0,0,1.0,17,1,benign,0
0.00015,3,0.0,20000.0,0.0,0.0,0.0,7.5e-05,0.00010182337649086284,0,0,2.0,6,1,benign,0
2e-06,3,0.0,1500000.0,0.0,0.0,0.0,1e-06,1.4142135623730952e-06,0,0,0.0,6,1,benign,0
0.0001,16,7040.0,160000.0,70400000.0,440.0,0.0,6.6666666666666675e-06,1.402888177331051e-05,0,0,0.0,17,4,icmp_flood,1
0.020618,4,200.0,194.00523814142983,9700.26190707149,48.4,8.763560920082657,0.006872666666666666,0.011899477733637445,0,0,1.0,17,1,benign,0
0.000195,3,0.0,15384.615384615385,0.0,0.0,0.0,9.75e-05,0.0001336431816442575,0,0,2.0,6,1,benign,0
0.001466,34,14816.0,23192.36016371077,10106412.005457023,435.8857142857144,16.9562957743298,4.442424242424241e-05,8.413977593231035e-05,0,0,0.0,17,4,icmp_flood,1
0.020792,4,208.0,192.3816852635629,10003.847633705269,48.8,17.527121840165314,0.006930666666666666,0.011999070644567992,0,0,1.0,17,1,benign,0
0.020768,4,496.0,192.60400616332825,23882.8967642527,106.0,98.5900603509299,0.006922666666666666,0.01198608027393999,0,0,1.0,17,1,benign,0
4e-06,3,0.0,750000.0,0.0,0.0,0.0,2e-06,0.0,0,0,0.0,6,1,benign,0
0.161111,4,410.0,24.82760332938161,2544.8293412616144,91.4,60.79720388307344,0.05370366666666667,0.09301314909373476,0,0,1.0,17,1,benign,0
2e-06,2,2944.0,1000000.0,1472000000.0,1472.0,0.0,2e-06,0.0,0,0,0.0,17,3,dns_amplification,1
1e-06,2,750.0,2000000.0,750000000.0,375.0,0.0,1e-06,0.0,0,0,0.0,17,8,pulsed_mixed_flood,1
0.475933,9,736.0,18.910224758526933,1546.4361580306472,73.6,155.16242385892846,0.059491625,0.14629265404849814,0,1,0.0,6,1,benign,0
2e-06,2,0.0,1000000.0,0.0,0.0,0.0,2e-06,0.0,0,0,0.0,6,1,benign,0
0.020767,4,196.0,192.61328068570327,9438.050753599458,47.4,8.763560920082657,0.006922333333333334,0.011985502923671301,0,0,1.0,17,1,benign,0
1e-06,2,2944.0,2000000.0,2944000000.0,1472.0,0.0,1e-06,0.0,0,0,0.0,17,6,slowloris_low_rate,1
1e-06,2,750.0,2000000.0,750000000.0,375.0,0.0,1e-06,0.0,0,0,0.0,17,8,pulsed_mixed_flood,1
0.020693,4,232.0,193.3020828299425,11211.520804136666,56.4,8.763560920082657,0.006897666666666666,0.01194191296791822,0,0,1.0,17,1,benign,0
5.894703,7,0.0,1.1875068175614616,0.0,0.0,0.0,0.9824505,2.392749955830132,0,1,0.0,6,1,benign,0
5e-05,2,802.0,40000.0,16040000.0,401.0,0.0,5e-05,0.0,0,0,0.0,17,8,pulsed_mixed_flood,1
0.020688,4,280.0,193.34880123743235,13534.416086620262,64.6,29.57701810527897,0.006896,0.01193902621657227,0,0,1.0,17,1,benign,0
0.000109,3,0.0,27522.935779816507,0.0,0.0,0.0,5.45e-05,7.42462120245875e-05,0,0,2.0,6,1,benign,0
0.006102,4,1760.0,655.5227794165847,288430.0229432973,440.0,0.0,0.002034,0.0035212592917875283,0,0,0.0,17,4,icmp_flood,1
1e-06,2,802.0,2000000.0,802000000.0,401.0,0.0,1e-06,0.0,0,0,0.0,17,8,pulsed_mixed_flood,1
0.109175,4,1438.0,36.63842454774446,13171.513624914129,353.6,32.3156308928048,0.03639166666666667,0.06298891894082112,0,0,0.0,17,8,pulsed_mixed_flood,1
0.02067,4,352.0,193.5171746492501,17029.51136913401,76.4,63.53581667059927,0.00689,0.01192949994760887,0,0,1.0,17,1,benign,0
7.1e-05,4,0.0,56338.02816901408,0.0,0.0,0.0,2.3666666666666665e-05,4.012895878705718e-05,0,1,1.0,6,1,syn_flood,1
1e-06,2,2944.0,2000000.0,2944000000.0,1472.0,0.0,1e-06,0.0,0,0,0.0,17,6,slowloris_low_rate,1
5.0908,7,0.0,1.3750294649171055,0.0,0.0,0.0,0.8484666666666667,2.0582530648299464,0,1,0.0,6,1,benign,0
0.000694,26,10864.0,37463.97694524496,15654178.674351584,418.6666666666666,76.86151382644181,2.7760000000000002e-05,5.351034167959187e-05,0,0,0.0,17,4,icmp_flood,1
0.020652,4,320.0,193.6858415649816,15494.867325198527,70.4,52.58136552049595,0.006884,0.01191910764277259,0,0,1.0,17,1,benign,0
0.353752,2,0.0,5.6536782830909775,0.0,0.0,0.0,0.353752,0.0,0,0,1.0,6,1,benign,0
0.020806,4,572.0,192.25223493223103,27492.069595309044,120.6,122.6898528811572,0.006935333333333334,0.012007153548336646,0,0,1.0,17,1,benign,0
1e-06,2,2944.0,2000000.0,2944000000.0,1472.0,0.0,1e-06,0.0,0,0,0.0,17,3,dns_amplification,1
1e-06,2,0.0,2000000.0,0.0,0.0,0.0,1e-06,0.0,0,1,0.0,6,0,udp_flood,1
1e-06,2,2896.0,2000000.0,2896000000.0,1448.0,0.0,1e-06,0.0,0,0,0.0,17,3,dns_amplification,1
2e-06,2,808.0,1000000.0,404000000.0,404.0,0.0,2e-06,0.0,0,0,0.0,17,8,pulsed_mixed_flood,1
0.000103,4,0.0,38834.951456310686,0.0,0.0,0.0,3.4333333333333325e-05,2.804163571073081e-05,0,1,1.0,6,0,udp_flood,1
0.05498,8,1694.0,145.50745725718443,30811.204074208803,188.22222222222223,373.49189341195137,0.007854285714285713,0.01386065303553294,0,0,1.0,6,1,benign,0
2e-06,2,0.0,1000000.0,0.0,0.0,0.0,2e-06,0.0,1,0,0.0,6,1,benign,0
0.234494,27,11338.0,115.14153880269858,48350.91729425913,404.9285714285714,729.8953211894017,0.009019,0.023393291698262562,0,1,1.0,6,1,benign,0
0.028033,2,0.0,71.3444868547783,0.0,0.0,0.0,0.028033,0.0,0,0,1.0,6,1,benign,0
0.020632,4,204.0,193.87359441644043,9887.553315238463,49.4,8.763560920082657,0.006877333333333334,0.011907560637398968,0,0,1.0,17,1,benign,0
1e-06,2,2944.0,2000000.0,2944000000.0,1472.0,0.0,1e-06,0.0,0,0,0.0,17,6,slowloris_low_rate,1
0.020855,4,548.0,191.8005274514505,26276.67226084872,124.2,70.10848736066126,0.006951666666666666,0.012037175803872494,0,0,1.0,17,1,benign,0
3.147593,83,10008.0,26.369355885592576,3179.572454253139,119.14285714285714,290.1501540169775,0.03838528048780487,0.13005712056538796,0,1,1.0,6,1,benign,0
2e-06,2,2944.0,1000000.0,1472000000.0,1472.0,0.0,2e-06,0.0,0,0,0.0,17,3,dns_amplification,1
0.215524,6,2088.0,27.83912696497838,9688.016183812477,344.1428571428572,33.61759743263722,0.043104800000000006,0.059047354984791654,0,0,0.0,17,8,pulsed_mixed_flood,1
1e-06,2,2944.0,2000000.0,2944000000.0,1472.0,0.0,1e-06,0.0,0,0,0.0,17,6,slowloris_low_rate,1
4.7e-05,2,2944.0,42553.191489361714,62638297.87234042,1472.0,0.0,4.7e-05,0.0,0,0,0.0,17,3,dns_amplification,1
12.739036,6,0.0,0.4709932525506639,0.0,0.0,0.0,2.5478072000000003,5.697002451932347,0,1,0.0,6,0,udp_flood,1
0.000102,5,62.0,49019.60784313727,607843.1372549019,10.333333333333334,16.00833116432399,2.55e-05,4.766899761200496e-05,0,0,0.0,6,1,benign,0
0.00011,16,7040.0,145454.54545454544,64000000.0,440.0,0.0,7.333333333333334e-06,1.3875294934660287e-05,0,0,0.0,17,4,icmp_flood,1
0.984233,20,7242.0,20.320391614587194,7358.013803642024,360.1428571428572,30.703885282298888,0.05180173684210528,0.0561144251070397,0,0,0.0,17,8,pulsed_mixed_flood,1
2e-06,2,802.0,1000000.0,401000000.0,401.0,0.0,2e-06,0.0,0,0,0.0,17,8,pulsed_mixed_flood,1
0.000314,5,154.0,15923.566878980891,490445.8598726115,33.333333333333336,17.90716802475106,7.85e-05,0.0001229484987030478,0,0,0.0,6,1,benign,0
1e-06,2,2944.0,2000000.0,2944000000.0,1472.0,0.0,1e-06,0.0,0,0,0.0,17,6,slowloris_low_rate,1
1e-06,2,2944.0,2000000.0,2944000000.0,1472.0,0.0,1e-06,0.0,0,0,0.0,17,3,dns_amplification,1
5.1e-05,4,0.0,78431.37254901961,0.0,0.0,0.0,1.7e-05,2.7712812921102038e-05,0,1,1.0,6,1,syn_flood,1
1e-06,2,0.0,2000000.0,0.0,0.0,0.0,1e-06,0.0,0,1,0.0,6,1,syn_flood,1
1e-06,2,2944.0,2000000.0,2944000000.0,1472.0,0.0,1e-06,0.0,0,0,0.0,17,3,dns_amplification,1
0.021024,2,0.0,95.12937595129377,0.0,0.0,0.0,0.021024,0.0,0,0,1.0,6,1,benign,0
0.000177,2,0.0,11299.435028248588,0.0,0.0,0.0,0.000177,0.0,0,0,1.0,6,1,http_get_flood,1
0.020751,4,328.0,192.76179461230785,15806.467158209243,74.2,42.72235948540296,0.006917,0.011975399283531219,0,0,1.0,17,1,benign,0
0.020557,4,196.0,194.58092134066257,9534.465145692466,47.4,8.763560920082657,0.0068523333333333335,0.01186425936724806,0,0,1.0,17,1,benign,0
0.000804,18,7632.0,22388.059701492533,9492537.313432837,424.8421052631578,45.40345454049203,4.7294117647058834e-05,0.00012039402222799641,0,0,0.0,17,4,icmp_flood,1
0.217359,6,2088.0,27.60410196955268,9606.227485404332,344.1428571428572,33.61759743263722,0.043471800000000005,0.05954137911318481,0,0,0.0,17,8,pulsed_mixed_flood,1
7.267575,10,0.0,1.375974792141808,0.0,0.0,0.0,0.8075083333333335,1.4483221579722863,0,1,4.0,6,1,benign,0
0.020721,4,288.0,193.04087640557887,13898.94310120168,64.2,42.72235948540296,0.006907,0.01195807877545553,0,0,1.0,17,1,benign,0
1e-06,2,31.0,2000000.0,31000000.0,20.666666666666664,17.8978583448784,1e-06,0.0,0,0,0.0,6,1,benign,0
0.020577,4,132.0,194.39179666618068,6414.929289983962,31.4,8.763560920082657,0.006859,0.011874940336692223,0,0,1.0,17,1,benign,0
1e-06,2,0.0,2000000.0,0.0,0.0,0.0,1e-06,0.0,0,1,0.0,6,0,udp_flood,1
1e-06,2,0.0,2000000.0,0.0,0.0,0.0,1e-06,0.0,0,1,0.0,6,1,syn_flood,1
0.002688,24,10560.0,8928.57142857143,3928571.4285714286,440.0,0.0,0.00011686956521739129,0.0003510794140087275,0,0,0.0,17,4,icmp_flood,1
0.217744,6,2088.0,27.55529429054302,9589.242413108972,344.1428571428572,33.61759743263722,0.043548800000000006,0.059643675165100274,0,0,0.0,17,8,pulsed_mixed_flood,1
0.020652,4,486.0,193.6858415649816,23532.829750145265,103.4,99.13778290843506,0.006884,0.011918241606881444,0,0,1.0,17,1,benign,0
0.020563,4,644.0,194.5241453095365,31318.387394835387,137.0,131.45341380123986,0.006854333333333334,0.011867723468860123,0,0,1.0,17,1,benign,0
117.774243,75,13390.0,0.6368115649870915,113.69209140236208,176.18421052631584,409.7938249258625,1.5915438243243245,9.569534660690339,0,1,1.0,6,1,benign,0
0.02069,4,192.0,193.330111164814,9279.845335911068,46.4,8.763560920082657,0.006896666666666666,0.01194018091711065,0,0,1.0,17,1,benign,0
0.049197,4,300.0,81.30577067707381,6097.932800780536,69.4,30.672463220289305,0.016399,0.02839957107070457,0,0,1.0,17,1,benign,0
0.000177,3,0.0,16949.15254237288,0.0,0.0,0.0,8.85e-05,0.00012374368670764582,0,0,2.0,6,1,benign,0
0.020806,4,204.0,192.25223493223103,9804.863981543784,49.4,8.763560920082657,0.006935333333333334,0.012008019584150141,0,0,1.0,17,1,benign,0
0.000116,4,0.0,34482.758620689645,0.0,0.0,0.0,3.8666666666666674e-05,6.610849668033099e-05,0,1,1.0,6,1,syn_flood,1
0.054997,3,0.0,54.54842991435897,0.0,0.0,0.0,0.0274985,0.038884509004229434,0,0,2.0,6,1,benign,0
1e-06,2,2896.0,2000000.0,2896000000.0,1448.0,0.0,1e-06,0.0,0,0,0.0,17,3,dns_amplification,1
1e-06,2,2928.0,2000000.0,2928000000.0,1464.0,0.0,1e-06,0.0,0,0,0.0,17,3,dns_amplification,1
0.000163,3,0.0,18404.907975460126,0.0,0.0,0.0,8.15e-05,0.00011242997820866104,0,0,2.0,6,1,benign,0
0.020601,4,184.0,194.16533178001063,8931.605261880492,43.2,15.336231610144653,0.006867,0.011888796743152774,0,0,1.0,17,1,benign,0
1e-06,2,750.0,2000000.0,750000000.0,375.0,0.0,1e-06,0.0,0,0,0.0,17,0,udp_flood,1
0.000217,3,0.0,13824.884792626728,0.0,0.0,0.0,0.0001085,0.00015061374439273462,0,0,2.0,6,1,benign,0
1e-06,2,0.0,2000000.0,0.0,0.0,0.0,1e-06,0.0,0,1,0.0,6,1,syn_flood,1
0.000104,3,0.0,28846.153846153848,0.0,0.0,0.0,5.2e-05,6.929646455628165e-05,0,0,2.0,6,1,http_get_flood,1
0.105409,4,1438.0,37.947423844263774,13642.098872012828,353.6,32.3156308928048,0.03513633333333333,0.06085791452500926,0,0,0.0,17,8,pulsed_mixed_flood,1
0.020674,4,316.0,193.47973299796843,15284.898906839508,69.4,52.58136552049595,0.0068913333333333335,0.011930943312803616,0,0,1.0,17,1,benign,0
0.054687,3,0.0,54.85764441274892,0.0,0.0,0.0,0.0273435,0.03866672011562398,0,0,2.0,6,1,benign,0
0.000455,56,24640.0,123076.92307692306,54153846.15384615,440.0,0.0,8.272727272727274e-06,1.965673435205364e-05,0,0,0.0,17,4,icmp_flood,1
0.107276,4,1398.0,37.2869980237891,13031.805809314292,345.6,21.36117974270148,0.035758666666666675,0.06193409542677872,0,0,0.0,17,8,pulsed_mixed_flood,1
0.213199,6,2088.0,28.142721119705065,9793.666949657363,344.1428571428572,33.61759743263722,0.042639800000000005,0.05843614127575503,0,0,0.0,17,8,pulsed_mixed_flood,1
1e-06,2,2944.0,2000000.0,2944000000.0,1472.0,0.0,1e-06,0.0,0,0,0.0,17,6,slowloris_low_rate,1
5.052047,7,0.0,1.3855769750360596,0.0,0.0,0.0,0.8420078333333333,2.042779684653577,0,1,0.0,6,1,benign,0
0.000139,3,0.0,21582.73381294964,0.0,0.0,0.0,6.95e-05,9.6873629022557e-05,0,0,2.0,6,1,benign,0
7e-05,4,0.0,57142.857142857145,0.0,0.0,0.0,2.3333333333333336e-05,3.868246803570492e-05,0,1,1.0,6,1,syn_flood,1
7.325763,10,0.0,1.3650455249507798,0.0,0.0,0.0,0.8139736666666665,1.4578138048246254,0,1,4.0,6,1,benign,0
1e-06,2,2944.0,2000000.0,2944000000.0,1472.0,0.0,1e-06,0.0,0,0,0.0,17,6,slowloris_low_rate,1
2e-06,2,1193.0,1000000.0,596500000.0,785.0,652.9831544534667,2e-06,0.0,0,0,0.0,6,1,benign,0
0.020795,4,402.0,192.3539312334696,19331.57008896369,89.6,59.70175876806311,0.006931666666666666,0.012001668731194563,0,0,1.0,17,1,benign,0
0.020494,4,196.0,195.1790768029668,9563.774763345373,47.4,8.763560920082657,0.006831333333333334,0.011827020264349484,0,0,1.0,17,1,benign,0
2e-06,2,2944.0,1000000.0,1472000000.0,1472.0,0.0,2e-06,0.0,0,0,0.0,17,6,slowloris_low_rate,1
0.042583,16,4940.0,375.7367963741399,116008.7358805157,306.5882352941176,33.79544870158076,0.002838866666666667,0.0032475454437965613,0,0,0.0,17,8,pulsed_mixed_flood,1
60.219381,221,363344.0,3.669914840207341,6033.6721162909325,1636.6846846846845,1297.1003092835824,0.2737244590909091,4.048542641036707,0,1,2.0,6,1,benign,0
0.020563,4,224.0,194.5241453095365,10893.352137334045,53.2,15.336231610144653,0.006854333333333334,0.011868589525859142,0,0,1.0,17,1,benign,0
7.312712,10,0.0,1.3674817222393003,0.0,0.0,0.0,0.8125235555555556,1.457127044172977,0,1,4.0,6,1,benign,0
1e-06,2,750.0,2000000.0,750000000.0,375.0,0.0,1e-06,0.0,0,0,0.0,17,8,pulsed_mixed_flood,1
1e-06,2,2944.0,2000000.0,2944000000.0,1472.0,0.0,1e-06,0.0,0,0,0.0,17,3,dns_amplification,1
0.020585,4,236.0,194.31624969638088,11464.658732086473,56.2,15.336231610144653,0.006861666666666666,0.011882157225577068,0,0,1.0,17,1,benign,0
1e-06,2,750.0,2000000.0,750000000.0,375.0,0.0,1e-06,0.0,0,0,0.0,17,0,udp_flood,1
33.006708,6,0.0,0.1817812306516602,0.0,0.0,0.0,6.6013416,9.624940646477246,0,1,0.0,6,0,udp_flood,1
0.020573,4,262.0,194.4295921839304,12735.13828804744,57.4,44.36552715791847,0.006857666666666666,0.011873496971546897,0,0,1.0,17,1,benign,0
1e-06,3,0.0,3000000.0,0.0,0.0,0.0,5e-07,7.071067811865476e-07,0,0,2.0,6,1,benign,0
0.04106,2,0.0,48.70920603994155,0.0,0.0,0.0,0.04106,0.0,0,0,1.0,6,1,benign,0
0.020864,4,226.0,191.7177914110429,10832.055214723929,51.4,27.933850432763467,0.006954666666666666,0.012044103965564785,0,0,1.0,17,1,benign,0
0.108993,4,1438.0,36.69960456176084,13193.507839953025,353.6,32.3156308928048,0.036331,0.06292627186636755,0,0,0.0,17,8,pulsed_mixed_flood,1
0.020659,4,256.0,193.6202139503364,12391.693692821533,61.2,15.336231610144653,0.006886333333333334,0.011922283058765772,0,0,1.0,17,1,benign,0
0.020832,4,572.0,192.0122887864824,27457.75729646697,120.6,122.6898528811572,0.006944,0.012022164655335578,0,0,1.0,17,1,benign,0
0.000191,3,0.0,15706.806282722511,0.0,0.0,0.0,9.55e-05,0.0001308147545195113,0,0,2.0,6,1,benign,0
0.041586,2,0.0,48.09310825758669,0.0,0.0,0.0,0.041586,0.0,0,0,1.0,6,1,benign,0
0.020515,4,368.0,194.9792834511333,17938.094077504265,86.4,30.672463220289305,0.006838333333333334,0.011839144620002465,0,0,1.0,17,1,benign,0
1e-06,2,802.0,2000000.0,802000000.0,401.0,0.0,1e-06,0.0,0,0,0.0,17,8,pulsed_mixed_flood,1
0.0206,4,176.0,194.17475728155335,8543.68932038835,42.4,8.763560920082657,0.006866666666666666,0.011888219392883584,0,0,1.0,17,1,benign,0
5.067226,21,6648.0,4.144279335478623,1311.9604296315183,302.1818181818182,435.6269304242135,0.2533613,1.0584692291140418,0,1,0.0,6,1,http_get_flood,1
1e-06,2,2896.0,2000000.0,2896000000.0,1448.0,0.0,1e-06,0.0,0,0,0.0,17,3,dns_amplification,1
0.663534,32,16158.0,48.22661687268474,24351.427357151253,489.6363636363635,817.8301633813487,0.02140432258064517,0.0422971324507837,0,1,0.0,6,1,benign,0
1e-06,2,0.0,2000000.0,0.0,0.0,0.0,1e-06,0.0,0,1,0.0,6,0,udp_flood,1
112.691224,14,0.0,0.1242332765859389,0.0,0.0,0.0,8.668555692307692,9.801178643664372,0,1,0.0,6,1,syn_flood,1
0.055422,4,0.0,72.17350510627548,0.0,0.0,0.0,0.018474,0.020950059641919882,0,0,3.0,6,1,benign,0
0.360464,4,462.0,11.09680855785876,1281.6813884326868,102.2,72.8471001481871,0.12015466666666665,0.20810965730675102,0,0,1.0,17,1,benign,0
0.000111,3,0.0,27027.027027027027,0.0,0.0,0.0,5.55e-05,7.56604255869606e-05,0,0,2.0,6,1,http_get_flood,1
0.000151,3,0.0,19867.54966887417,0.0,0.0,0.0,7.55e-05,0.0001025304832720494,0,0,2.0,6,1,benign,0
4.7e-05,2,2928.0,42553.191489361714,62297872.34042554,1464.0,0.0,4.7e-05,0.0,0,0,0.0,17,3,dns_amplification,1
1e-06,2,802.0,2000000.0,802000000.0,401.0,0.0,1e-06,0.0,0,0,0.0,17,8,pulsed_mixed_flood,1
0.110719,4,1544.0,36.12749392606509,13945.212655461122,386.6,3.286335345030997,0.036906333333333326,0.06392191240359861,0,0,0.0,17,8,pulsed_mixed_flood,1
0.108512,4,1438.0,36.86228251253318,13251.990563255677,353.6,32.3156308928048,0.03617066666666667,0.0626477003594971,0,0,0.0,17,8,pulsed_mixed_flood,1
0.020858,4,224.0,191.7729408380477,10739.284686930674,50.6,29.57701810527897,0.006952666666666666,0.012037175762334507,0,0,1.0,17,1,benign,0
1e-06,2,2944.0,2000000.0,2944000000.0,1472.0,0.0,1e-06,0.0,0,0,0.0,17,3,dns_amplification,1
0.114802,9,962.0,78.39584676225152,8379.644953920664,96.2,202.807407272132,0.01435025,0.02624289857547861,0,1,0.0,6,1,benign,0
0.001964,24,10560.0,12219.959266802443,5376782.077393075,440.0,0.0,8.539130434782608e-05,0.00013361230860911617,0,0,0.0,17,4,icmp_flood,1
0.00095,66,29040.0,69473.68421052633,30568421.05263158,440.0,0.0,1.461538461538462e-05,2.2072814379126758e-05,0,0,0.0,17,4,icmp_flood,1
0.020737,4,286.0,192.89193229493185,13791.773159087625,65.4,33.411076007815126,0.006912333333333334,0.011968182415610708,0,0,1.0,17,1,benign,0
0.0004,84,36672.0,210000.0,91680000.0,436.6117647058824,21.956718311068183,4.819277108433735e-06,1.1738143554463852e-05,0,0,0.0,17,4,icmp_flood,1
0.020675,4,152.0,193.4703748488513,7351.874244256349,36.4,8.763560920082657,0.006891666666666666,0.011931520663072804,0,0,1.0,17,1,benign,0
0.105899,4,1438.0,37.77183920528051,13578.976194298342,353.6,32.3156308928048,0.035299666666666674,0.06113908410610461,0,0,0.0,17,8,pulsed_mixed_flood,1
0.131587,4,264.0,30.39813963385441,2006.277215834391,64.4,8.763560920082657,0.04386233333333333,0.0759674597464818,0,0,1.0,17,1,benign,0
118.074789,62,7236.0,0.5250909235162808,61.28319229941626,114.85714285714285,254.23794145559003,1.9356522786885244,10.579829267691192,0,1,0.0,6,1,benign,0
0.106621,4,1398.0,37.51606156385703,13111.863516568032,345.6,21.36117974270148,0.03554033333333333,0.06155593100045953,0,0,0.0,17,8,pulsed_mixed_flood,1
0.108931,4,1398.0,36.72049278901323,12833.812229760124,345.6,21.36117974270148,0.036310333333333326,0.06289047614967892,0,0,0.0,17,8,pulsed_mixed_flood,1
117.110756,50,5168.0,0.4269462661482605,44.12916606908421,101.3333333333333,159.7210902375346,2.390015428571429,11.673856049208577,0,1,0.0,6,1,benign,0
0.020687,4,280.0,193.3581476289457,13535.0703340262,63.6,35.05424368033063,0.006895666666666666,0.01194018091711065,0,0,1.0,17,1,benign,0
115.102286,59,2630.0,0.512587560598058,22.84924210801513,43.83333333333334,172.8740274839777,1.9845221724137936,3.961909551887814,0,1,0.0,6,1,benign,0
0.047436,4,644.0,84.32414200185515,13576.186862298677,135.4,140.21697472132252,0.015812,0.02738199121685638,0,0,1.0,17,1,benign,0
0.085473,33,52560.0,386.0868344389457,614931.030851848,1545.8823529411768,946.9508247673842,0.0026710312500000007,0.009628167183923043,0,0,10.0,6,1,benign,0
2e-06,2,2944.0,1000000.0,1472000000.0,1472.0,0.0,2e-06,0.0,0,0,0.0,17,6,slowloris_low_rate,1
7.2e-05,3,0.0,41666.66666666666,0.0,0.0,0.0,3.6e-05,4.9497474683058326e-05,0,0,2.0,6,1,benign,0
2e-06,2,2944.0,1000000.0,1472000000.0,1472.0,0.0,2e-06,0.0,0,0,0.0,17,6,slowloris_low_rate,1
0.055046,2,0.0,36.33324855575337,0.0,0.0,0.0,0.055046,0.0,0,0,1.0,6,1,benign,0
1e-06,2,2944.0,2000000.0,2944000000.0,1472.0,0.0,1e-06,0.0,0,0,0.0,17,6,slowloris_low_rate,1
60.725975,54,13082.0,0.8892405597439975,215.42675930686988,237.85454545454544,627.5767156346178,1.1457731132075473,3.1951246599922642,0,1,1.0,6,1,benign,0
2e-06,2,31.0,1000000.0,15500000.0,20.666666666666664,17.8978583448784,2e-06,0.0,0,0,0.0,6,1,benign,0
1e-06,2,31.0,2000000.0,31000000.0,20.666666666666664,17.8978583448784,1e-06,0.0,0,0,0.0,6,1,benign,0
0.055798,13,1366.0,232.9832610487831,24481.164199433668,97.57142857142856,167.4550292263174,0.004649833333333333,0.0102960515541668,0,1,0.0,6,1,benign,0
1e-06,2,53.0,2000000.0,53000000.0,35.33333333333333,30.59956426705017,1e-06,0.0,0,0,0.0,6,1,benign,0
1e-06,2,0.0,2000000.0,0.0,0.0,0.0,1e-06,0.0,0,1,0.0,6,0,udp_flood,1
0.020667,4,228.0,193.5452653989452,11032.080127739877,50.6,35.05424368033063,0.006889,0.011928633911726858,0,0,1.0,17,1,benign,0
0.001008,28,12320.0,27777.777777777777,12222222.222222222,440.0,0.0,3.733333333333334e-05,6.29780181430852e-05,0,0,0.0,17,4,icmp_flood,1
0.000193,3,0.0,15544.041450777202,0.0,0.0,0.0,9.65e-05,0.00013222896808188435,0,0,2.0,6,1,benign,0
3e-06,2,0.0,666666.6666666665,0.0,0.0,0.0,3e-06,0.0,1,0,1.0,6,1,benign,0
0.000161,3,0.0,18633.540372670806,0.0,0.0,0.0,8.05e-05,0.00010960155108391488,0,0,2.0,6,1,benign,0
0.020649,4,338.0,193.7139813066008,16368.831420407769,76.0,46.55641738793912,0.006883,0.011917375591966548,0,0,1.0,17,1,benign,0
2e-06,2,0.0,1000000.0,0.0,0.0,0.0,2e-06,0.0,0,1,0.0,6,0,udp_flood,1
0.105658,4,1438.0,37.85799466202276,13609.94908099718,353.6,32.3156308928048,0.03521933333333333,0.06099994269122991,0,0,0.0,17,8,pulsed_mixed_flood,1
0.106572,4,1398.0,37.53331081334685,13117.892129264725,345.6,21.36117974270148,0.035524,0.061527640837269235,0,0,0.0,17,8,pulsed_mixed_flood,1
0.020606,4,184.0,194.1182179947588,8929.438027758906,43.2,15.336231610144653,0.006868666666666666,0.011891683494498723,0,0,1.0,17,1,benign,0
116.007833,80,17009.0,0.6896086059981829,146.61940974278866,209.9876543209877,635.9010829882893,1.4684535822784812,3.502192708531291,0,1,1.0,6,1,benign,0
0.020843,4,504.0,191.91095331766056,24180.780118025235,107.4,101.87639569596092,0.006947666666666666,0.012029381544091671,0,0,1.0,17,1,benign,0
0.046352,4,290.0,86.29616845012082,6256.472212633758,66.6,32.3156308928048,0.015450666666666668,0.026756143525054822,0,0,1.0,17,1,benign,0
0.020646,4,268.0,193.74212922600012,12980.722658142013,60.0,38.34057902536164,0.006882,0.01191477750526631,0,0,1.0,17,1,benign,0
8.9e-05,3,0.0,33707.865168539334,0.0,0.0,0.0,4.45e-05,5.868986283848344e-05,0,0,2.0,6,1,benign,0
0.027177,4,368.0,147.18327997939434,13540.86175810428,85.2,37.24513391035129,0.009059,0.015686318146716265,0,0,1.0,17,1,benign,0
3e-06,3,0.0,1000000.0,0.0,0.0,0.0,1.5e-06,7.071067811865476e-07,0,0,0.0,6,1,benign,0
2e-06,2,2944.0,1000000.0,1472000000.0,1472.0,0.0,2e-06,0.0,0,0,0.0,17,6,slowloris_low_rate,1
0.054933,2,0.0,36.40798791254801,0.0,0.0,0.0,0.054933,0.0,0,0,1.0,6,1,benign,0
0.000492,4,102.0,8130.081300813006,207317.0731707317,28.2,17.049926686059383,0.000164,0.00027972665228755014,0,0,0.0,6,1,benign,0
21.884921,56,5220.0,2.5588394858724874,238.520394933114,91.57894736842104,138.1423886751354,0.3979076545454545,2.9123511503887367,0,1,1.0,6,1,benign,0
0.001299,4,123.0,3079.2917628945343,94688.22170900692,33.8,19.979989989987484,0.000433,0.0007473800907168988,0,0,0.0,6,1,benign,0
7.6e-05,2,2944.0,26315.78947368421,38736842.10526316,1472.0,0.0,7.6e-05,0.0,0,0,0.0,17,6,slowloris_low_rate,1
0.07352,4,204.0,54.4069640914037,2774.755168661589,49.4,8.763560920082657,0.024506666666666663,0.04244419371755498,0,0,1.0,17,1,benign,0
0.020597,4,222.0,194.2030392775647,10778.26867990484,49.4,33.411076007815126,0.006865666666666666,0.011887353377995178,0,0,1.0,17,1,benign,0
0.020648,4,200.0,193.72336303758237,9686.168151879116,48.4,8.763560920082657,0.006882666666666666,0.011916798241697864,0,0,1.0,17,1,benign,0
0.214348,6,2088.0,27.99186369828503,9741.168567003191,344.1428571428572,33.61759743263722,0.0428696,0.058736693014673554,0,0,0.0,17,8,pulsed_mixed_flood,1
0.000867,4,123.0,4613.610149942329,141868.51211072665,33.8,19.979989989987484,0.000289,0.0004962328082664427,0,0,0.0,6,1,benign,0
22.889954,4,0.0,0.1747491497798554,0.0,0.0,0.0,7.629984666666666,13.21547866841426,0,1,0.0,6,0,udp_flood,1
3e-05,2,2944.0,66666.66666666669,98133333.33333331,1472.0,0.0,3e-05,0.0,0,0,0.0,17,6,slowloris_low_rate,1
1e-06,2,2944.0,2000000.0,2944000000.0,1472.0,0.0,1e-06,0.0,0,0,0.0,17,6,slowloris_low_rate,1
1e-06,2,2944.0,2000000.0,2944000000.0,1472.0,0.0,1e-06,0.0,0,0,0.0,17,6,slowloris_low_rate,1
114.217934,56,0.0,0.4902907804303307,0.0,0.0,0.0,2.0766897090909096,3.9311822955465052,0,0,0.0,17,1,benign,0
0.000242,2,2896.0,8264.462809917355,11966942.14876033,1448.0,0.0,0.000242,0.0,0,0,0.0,17,3,dns_amplification,1
0.020602,4,338.0,194.1559071934764,16406.174157848753,76.0,46.55641738793912,0.006867333333333334,0.011881581137766696,0,0,1.0,17,1,benign,0
1e-06,2,2944.0,2000000.0,2944000000.0,1472.0,0.0,1e-06,0.0,0,0,0.0,17,3,dns_amplification,1
2e-06,2,2944.0,1000000.0,1472000000.0,1472.0,0.0,2e-06,0.0,0,0,0.0,17,6,slowloris_low_rate,1
0.020664,4,350.0,193.57336430507164,16937.669376693768,77.6,54.22453319301145,0.006888,0.011925169810111722,0,0,1.0,17,1,benign,0
0.020863,4,402.0,191.7269807793702,19268.561568326702,89.6,59.70175876806311,0.006954333333333334,0.012040062513680455,0,0,1.0,17,1,benign,0
4.8e-05,2,0.0,41666.66666666666,0.0,0.0,0.0,4.8e-05,0.0,0,1,0.0,6,0,udp_flood,1
0.020662,4,172.0,193.5921014422612,8324.460362017231,41.4,8.763560920082657,0.006887333333333334,0.01192401510957334,0,0,1.0,17,1,benign,0
0.000397,5,76.0,12594.458438287153,191435.76826196472,19.0,20.81345718519632,9.925e-05,0.00013815058209552843,0,0,0.0,6,1,benign,0
0.000159,24,10272.0,150943.3962264151,64603773.58490566,428.48,39.87179454200676,6.913043478260869e-06,1.542993855958504e-05,0,0,0.0,17,4,icmp_flood,1
1e-06,2,2896.0,2000000.0,2896000000.0,1448.0,0.0,1e-06,0.0,0,0,0.0,17,3,dns_amplification,1
0.020727,4,222.0,192.9849954166064,10710.667245621651,49.4,33.411076007815126,0.006909,0.011960676862117796,0,0,1.0,17,1,benign,0
0.00018,2,0.0,11111.111111111111,0.0,0.0,0.0,0.00018,0.0,0,0,1.0,6,1,http_get_flood,1
0.000245,3,0.0,12244.897959183674,0.0,0.0,0.0,0.0001225,0.00017041273426595795,0,0,2.0,6,1,benign,0
0.054543,4,236.0,73.33663348184002,4326.861375428561,56.2,15.336231610144653,0.018181,0.031485219579987046,0,0,1.0,17,1,benign,0
1e-06,2,31.0,2000000.0,31000000.0,20.666666666666664,17.8978583448784,1e-06,0.0,0,0,0.0,6,1,benign,0
0.000156,44,19072.0,282051.2820512821,122256410.25641026,433.6,30.01090710815895,3.6279069767441853e-06,8.283728329608575e-06,0,0,0.0,17,4,icmp_flood,1
0.233201,51,21916.0,218.69546013953632,93979.01381211916,421.46153846153845,861.2574587522653,0.004664020000000002,0.015128003655189553,0,1,0.0,6,1,benign,0
0.045944,4,188.0,87.06251088281387,4091.938011492253,44.2,15.336231610144653,0.015314666666666667,0.02652318269614966,0,0,1.0,17,1,benign,0
1e-06,2,2944.0,2000000.0,2944000000.0,1472.0,0.0,1e-06,0.0,0,0,0.0,17,6,slowloris_low_rate,1
1e-06,2,2944.0,2000000.0,2944000000.0,1472.0,0.0,1e-06,0.0,0,0,0.0,17,6,slowloris_low_rate,1
111.32374,18,5400.0,0.1616905792061962,48.50717376185888,300.0,0.0,6.548455294117647,4.037780339527768,0,0,0.0,17,1,benign,0
1e-06,2,0.0,2000000.0,0.0,0.0,0.0,1e-06,0.0,0,1,0.0,6,1,syn_flood,1
1e-06,2,2928.0,2000000.0,2928000000.0,1464.0,0.0,1e-06,0.0,0,0,0.0,17,6,slowloris_low_rate,1
7.2e-05,5,0.0,69444.44444444444,0.0,0.0,0.0,1.8e-05,3.267006785014891e-05,0,0,4.0,6,1,http_get_flood,1
0.02063,4,196.0,193.8923897237034,9500.727096461464,47.4,8.763560920082657,0.006876666666666666,0.011906405936861608,0,0,1.0,17,1,benign,0
1e-06,2,802.0,2000000.0,802000000.0,401.0,0.0,1e-06,0.0,0,0,0.0,17,8,pulsed_mixed_flood,1
0.048557,3,252.0,61.78305908519884,5189.776963156703,74.75,55.5,0.0242785,0.03433215554695045,0,0,0.0,17,1,benign,0
118.412634,257,121046.0,2.170376515735644,1022.23889386668,472.2015503875968,770.1294032438817,0.46254935156250004,5.152609797898977,0,0,1.0,6,1,benign,0
0.000177,2,0.0,11299.435028248588,0.0,0.0,0.0,0.000177,0.0,0,0,1.0,6,1,http_get_flood,1
5.515499,7,0.0,1.2691508057566503,0.0,0.0,0.0,0.9192498333333337,2.231295037209505,0,1,0.0,6,1,benign,0
0.106928,4,1438.0,37.408349543618144,13448.30166093072,353.6,32.3156308928048,0.03564266666666667,0.061693344651861215,0,0,0.0,17,8,pulsed_mixed_flood,1
10.269516,7,0.0,0.6816290076377505,0.0,0.0,0.0,1.711586,4.192426129047666,0,1,0.0,6,1,http_get_flood,1
1e-06,2,0.0,2000000.0,0.0,0.0,0.0,1e-06,0.0,0,1,0.0,6,0,udp_flood,1
4.9e-05,2,750.0,40816.32653061225,15306122.448979592,375.0,0.0,4.9e-05,0.0,0,0,0.0,17,8,pulsed_mixed_flood,1
7.170612,10,0.0,1.3945811040954383,0.0,0.0,0.0,0.7967346666666665,1.4196408066142117,0,1,4.0,6,1,benign,0
1e-06,2,0.0,2000000.0,0.0,0.0,0.0,1e-06,0.0,0,1,0.0,6,0,udp_flood,1
1e-06,2,31.0,2000000.0,31000000.0,20.666666666666664,17.8978583448784,1e-06,0.0,0,0,0.0,6,1,benign,0
1e-06,2,0.0,2000000.0,0.0,0.0,0.0,1e-06,0.0,0,1,0.0,6,1,syn_flood,1
0.020622,4,62.0,193.96760740956265,3006.4979148482203,12.4,16.97939928266015,0.006874,0.011902653149613324,0,0,3.0,6,1,benign,0
4.8e-05,2,0.0,41666.66666666666,0.0,0.0,0.0,4.8e-05,0.0,0,1,0.0,6,1,syn_flood,1
1e-06,2,0.0,2000000.0,0.0,0.0,0.0,1e-06,0.0,0,1,0.0,6,1,syn_flood,1
0.045868,4,180.0,87.20676724513822,3924.30452603122,42.2,15.336231610144653,0.015289333333333332,0.02647670599476705,0,0,1.0,17,1,benign,0
0.000164,6,74.0,36585.365853658535,451219.512195122,10.571428571428571,18.054151349547865,3.28e-05,7.055636045035203e-05,0,0,5.0,6,1,benign,0
0.020716,4,694.0,193.0874686232864,33500.675806140185,145.2,155.005483773962,0.006905333333333334,0.011955192024109579,0,0,1.0,17,1,benign,0
61.570707,36,1482.0,0.5846936271171939,24.069887649657808,41.2972972972973,45.80869935871284,1.7591630571428567,9.922156667663383,0,0,1.0,6,1,benign,0
1e-06,2,2944.0,2000000.0,2944000000.0,1472.0,0.0,1e-06,0.0,0,0,0.0,17,6,slowloris_low_rate,1
1e-06,2,0.0,2000000.0,0.0,0.0,0.0,1e-06,0.0,0,1,0.0,6,0,udp_flood,1
9.8e-05,4,0.0,40816.32653061225,0.0,0.0,0.0,3.266666666666666e-05,2.7428695436227606e-05,0,1,1.0,6,0,udp_flood,1
4.8e-05,2,0.0,41666.66666666666,0.0,0.0,0.0,4.8e-05,0.0,0,1,0.0,6,0,udp_flood,1
1e-06,2,766.0,2000000.0,766000000.0,383.0,0.0,1e-06,0.0,0,0,0.0,17,8,pulsed_mixed_flood,1
9.015551,6,0.0,0.6655167277074912,0.0,0.0,0.0,1.8031101999999999,2.686703227621112,0,1,0.0,6,1,benign,0
1e-06,2,2944.0,2000000.0,2944000000.0,1472.0,0.0,1e-06,0.0,0,0,0.0,17,6,slowloris_low_rate,1
0.020786,4,156.0,192.43721735783703,7505.051476955645,37.4,8.763560920082657,0.006928666666666666,0.01199647257877637,0,0,1.0,17,1,benign,0
1e-06,2,2944.0,2000000.0,2944000000.0,1472.0,0.0,1e-06,0.0,0,0,0.0,17,6,slowloris_low_rate,1
1e-06,2,766.0,2000000.0,766000000.0,383.0,0.0,1e-06,0.0,0,0,0.0,17,8,pulsed_mixed_flood,1
0.066725,4,514.0,59.94754589733982,7703.259647808167,112.0,90.37422198835242,0.022241666666666663,0.03851850055925506,0,0,1.0,17,1,benign,0
0.222034,27,11374.0,121.602997739085,51226.38875127232,406.21428571428567,730.3658320850234,0.008539769230769231,0.021483461749555524,0,1,1.0,6,1,benign,0
0.000199,8,62.0,40201.005025125625,311557.7889447236,6.888888888888888,13.669715107167056,2.8428571428571432e-05,4.617667933368222e-05,0,0,0.0,6,1,benign,0
0.217818,6,2088.0,27.54593284301573,9585.984629369474,344.1428571428572,33.61759743263722,0.0435636,0.059634152352490095,0,0,0.0,17,8,pulsed_mixed_flood,1
0.020732,4,694.0,192.9384526336099,33474.82153193132,145.2,155.005483773962,0.006910666666666666,0.011965295664267279,0,0,1.0,17,1,benign,0
0.054644,2,0.0,36.600541688016975,0.0,0.0,0.0,0.054644,0.0,0,0,1.0,6,1,benign,0
8e-06,12,5280.0,1500000.0,660000000.0,440.0,0.0,7.272727272727272e-07,4.670993664969138e-07,0,0,0.0,17,4,icmp_flood,1
3e-06,3,0.0,1000000.0,0.0,0.0,0.0,1.5e-06,7.071067811865476e-07,0,0,0.0,6,1,benign,0
0.000217,3,0.0,13824.884792626728,0.0,0.0,0.0,0.0001085,0.00015061374439273462,0,0,2.0,6,1,benign,0
3e-06,3,62.0,1000000.0,20666666.666666668,23.25,15.5,1.5e-06,7.071067811865476e-07,0,0,0.0,6,1,benign,0
0.000119,3,0.0,25210.08403361344,0.0,0.0,0.0,5.95e-05,8.131727983645297e-05,0,0,2.0,6,1,benign,0
116.817452,65,4590.0,0.5564237097039233,39.29207426986167,69.54545454545452,193.4617578444167,1.825272687500001,3.81550150057546,0,1,0.0,6,1,benign,0
1e-06,2,2656.0,2000000.0,2656000000.0,1328.0,0.0,1e-06,0.0,0,0,0.0,17,6,slowloris_low_rate,1
1e-06,2,0.0,2000000.0,0.0,0.0,0.0,1e-06,0.0,0,1,0.0,6,1,syn_flood,1
60.736251,54,13068.0,0.8890901086403901,215.1598062909744,237.6,626.9412991601307,1.1459670000000002,3.198041858987832,0,1,1.0,6,1,benign,0
1e-06,2,0.0,2000000.0,0.0,0.0,0.0,1e-06,0.0,0,0,1.0,6,1,http_get_flood,1
0.000255,50,22000.0,196078.43137254895,86274509.80392157,440.0,0.0,5.204081632653063e-06,1.2754050977102551e-05,0,0,0.0,17,4,icmp_flood,1
2e-06,2,2944.0,1000000.0,1472000000.0,1472.0,0.0,2e-06,0.0,0,0,0.0,17,6,slowloris_low_rate,1
1e-06,2,2944.0,2000000.0,2944000000.0,1472.0,0.0,1e-06,0.0,0,0,0.0,17,3,dns_amplification,1
1e-06,2,2944.0,2000000.0,2944000000.0,1472.0,0.0,1e-06,0.0,0,0,0.0,17,3,dns_amplification,1
1e-06,2,0.0,2000000.0,0.0,0.0,0.0,1e-06,0.0,0,1,0.0,6,0,udp_flood,1
3.1e-05,2,2944.0,64516.12903225807,94967741.93548387,1472.0,0.0,3.1e-05,0.0,0,0,0.0,17,6,slowloris_low_rate,1
0.054653,4,84.0,73.18902896455822,1536.9696082557225,16.8,23.004347415216976,0.018217666666666663,0.031551326221465455,0,0,3.0,6,1,benign,0
0.100626,9,754.0,89.44010494305647,7493.093236340509,75.39999999999998,158.95715705113054,0.01257825,0.02333842445869656,0,1,0.0,6,1,benign,0
14.340798,12,0.0,0.8367735184611066,0.0,0.0,0.0,1.303708909090909,2.5572509355323523,0,1,5.0,6,1,benign,0
0.494433,45,12056.0,91.01334255601871,24383.48573011915,262.08695652173907,571.5267594041208,0.011237113636363635,0.026572686279393454,0,1,0.0,6,1,benign,0
3e-06,3,0.0,1000000.0,0.0,0.0,0.0,1.5e-06,7.071067811865476e-07,0,0,0.0,6,1,benign,0
1e-06,2,0.0,2000000.0,0.0,0.0,0.0,1e-06,0.0,0,1,0.0,6,0,udp_flood,1
60.71711,54,12464.0,0.8893703932878229,205.27986262850783,226.61818181818185,607.4577714604893,1.1456058490566035,3.1966956495450014,0,1,1.0,6,1,benign,0
0.000456,24,10560.0,52631.57894736842,23157894.736842103,440.0,0.0,1.982608695652174e-05,2.337957961732853e-05,0,0,0.0,17,4,icmp_flood,1
1e-06,2,2944.0,2000000.0,2944000000.0,1472.0,0.0,1e-06,0.0,0,0,0.0,17,3,dns_amplification,1
0.066185,4,172.0,60.4366548311551,2598.776157739669,41.4,8.763560920082657,0.022061666666666663,0.03820759744256806,0,0,1.0,17,1,benign,0
0.020609,4,236.0,194.08996069678292,11451.307681110196,57.4,8.763560920082657,0.006869666666666666,0.011893415545306292,0,0,1.0,17,1,benign,0
0.006938,65,28600.0,9368.6941481695,4122225.4251945806,440.0,0.0,0.00010840625,0.00017487562190002538,0,0,0.0,17,4,icmp_flood,1
1e-06,2,0.0,2000000.0,0.0,0.0,0.0,1e-06,0.0,0,1,0.0,6,1,syn_flood,1
0.040638,4,0.0,98.43004084846692,0.0,0.0,0.0,0.013546,0.023458896159026743,0,0,3.0,6,1,benign,0
1e-06,2,2944.0,2000000.0,2944000000.0,1472.0,0.0,1e-06,0.0,0,0,0.0,17,6,slowloris_low_rate,1
0.000128,4,0.0,31250.0,0.0,0.0,0.0,4.266666666666667e-05,7.21687836487032e-05,0,1,1.0,6,0,udp_flood,1
1e-06,2,2944.0,2000000.0,2944000000.0,1472.0,0.0,1e-06,0.0,0,0,0.0,17,3,dns_amplification,1
0.020878,4,264.0,191.5892326851231,12644.889357218124,64.4,8.763560920082657,0.006959333333333334,0.01205045481852587,0,0,1.0,17,1,benign,0
0.020877,4,410.0,191.5984097331992,19638.83699765292,91.4,60.79720388307344,0.006959,0.012049011453227189,0,0,1.0,17,1,benign,0
0.020578,4,208.0,194.3823500826125,10107.882204295847,50.4,8.763560920082657,0.006859333333333334,0.011875517686961412,0,0,1.0,17,1,benign,0
1e-06,2,768.0,2000000.0,768000000.0,384.0,0.0,1e-06,0.0,0,0,0.0,17,8,pulsed_mixed_flood,1
0.020918,4,240.0,191.2228702552825,11473.372215316953,54.2,31.767908335299637,0.006972666666666666,0.012071816778485882,0,0,1.0,17,1,benign,0
0.045027,4,220.0,88.83558753636706,4885.95731450019,50.2,26.290682760247968,0.015009,0.025991154437615887,0,0,1.0,17,1,benign,0
1e-06,2,31.0,2000000.0,31000000.0,20.666666666666664,17.8978583448784,1e-06,0.0,0,0,0.0,6,1,benign,0
0.020613,4,230.0,194.0522970940669,11158.007082908844,53.6,21.36117974270148,0.006871,0.011895724946383048,0,0,1.0,17,1,benign,0
0.104767,6,398.0,57.269941871009,3798.906144110264,67.28571428571429,51.71625884160056,0.0209534,0.028728295151296396,0,0,0.0,6,1,benign,0
5.1e-05,2,0.0,39215.68627450981,0.0,0.0,0.0,5.1e-05,0.0,0,1,0.0,6,1,syn_flood,1
0.004999,18,7920.0,3600.7201440288063,1584316.8633726744,440.0,0.0,0.0002940588235294118,0.00090985585881695,0,0,0.0,17,4,icmp_flood,1
1e-06,2,0.0,2000000.0,0.0,0.0,0.0,1e-06,0.0,0,1,0.0,6,1,syn_flood,1
0.218406,6,2088.0,27.471772753495785,9560.176918216534,344.1428571428572,33.61759743263722,0.043681199999999996,0.059813856682210356,0,0,0.0,17,8,pulsed_mixed_flood,1
1e-06,2,766.0,2000000.0,766000000.0,383.0,0.0,1e-06,0.0,0,0,0.0,17,8,pulsed_mixed_flood,1
1e-06,2,0.0,2000000.0,0.0,0.0,0.0,1e-06,0.0,0,1,0.0,6,1,syn_flood,1
1e-06,2,750.0,2000000.0,750000000.0,375.0,0.0,1e-06,0.0,0,0,0.0,17,8,pulsed_mixed_flood,1
15.182381,12,0.0,0.7903898604573288,0.0,0.0,0.0,1.3802164545454543,2.5603358581183198,0,1,5.0,6,1,benign,0
0.002798,122,53680.0,43602.573266619016,19185132.237312365,440.0,0.0,2.3123966942148758e-05,0.00013618147024270798,0,0,0.0,17,4,icmp_flood,1
1e-06,2,0.0,2000000.0,0.0,0.0,0.0,1e-06,0.0,0,1,0.0,6,1,syn_flood,1
102.352286,56,2474.0,0.547129939042104,24.17141909268152,43.40350877192983,164.6737965590851,1.8609506545454553,3.881329447759516,0,1,0.0,6,1,benign,0
0.021041,2,0.0,95.05251651537478,0.0,0.0,0.0,0.021041,0.0,0,0,1.0,6,1,benign,0
4.9e-05,2,0.0,40816.32653061225,0.0,0.0,0.0,4.9e-05,0.0,0,1,0.0,6,0,udp_flood,1
0.000109,3,0.0,27522.935779816507,0.0,0.0,0.0,5.45e-05,7.56604255869606e-05,0,0,2.0,6,1,benign,0
4.7e-05,2,0.0,42553.191489361714,0.0,0.0,0.0,4.7e-05,0.0,0,1,0.0,6,0,udp_flood,1
0.061745,2,0.0,32.3912867438659,0.0,0.0,0.0,0.061745,0.0,0,0,1.0,6,1,benign,0
1e-06,2,750.0,2000000.0,750000000.0,375.0,0.0,1e-06,0.0,0,0,0.0,17,8,pulsed_mixed_flood,1
0.020629,4,232.0,193.90178874400115,11246.303747152067,55.2,15.336231610144653,0.006876333333333334,0.011904962550690085,0,0,1.0,17,1,benign,0
0.000108,4,0.0,37037.03703703704,0.0,0.0,0.0,3.6e-05,6.062177826491071e-05,0,1,1.0,6,1,syn_flood,1
5.1e-05,2,802.0,39215.68627450981,15725490.19607843,401.0,0.0,5.1e-05,0.0,0,0,0.0,17,8,pulsed_mixed_flood,1
1e-06,2,2944.0,2000000.0,2944000000.0,1472.0,0.0,1e-06,0.0,0,0,0.0,17,6,slowloris_low_rate,1
0.05594,4,320.0,71.50518412584913,5720.414730067931,70.4,52.58136552049595,0.018646666666666666,0.0322952420076601,0,0,1.0,17,1,benign,0
1e-06,2,974.0,2000000.0,974000000.0,487.0,0.0,1e-06,0.0,0,0,0.0,17,8,pulsed_mixed_flood,1
1e-06,2,750.0,2000000.0,750000000.0,375.0,0.0,1e-06,0.0,0,0,0.0,17,8,pulsed_mixed_flood,1
0.000133,2,0.0,15037.593984962405,0.0,0.0,0.0,0.000133,0.0,0,0,1.0,6,1,http_get_flood,1
47.095173,10,0.0,0.2123359861105086,0.0,0.0,0.0,5.232797,8.324932659384654,0,1,0.0,6,0,udp_flood,1
112.936309,39,0.0,0.3453273827109048,0.0,0.0,0.0,2.9720081315789475,4.436270330729443,0,0,0.0,17,1,benign,0
0.004708,200,88000.0,42480.883602378926,18691588.785046726,440.0,0.0,2.3658291457286436e-05,4.651049429853892e-05,0,0,0.0,17,4,icmp_flood,1
0.002794,4,1760.0,1431.6392269148175,629921.2598425196,440.0,0.0,0.0009313333333333332,0.0015708425552337618,0,0,0.0,17,4,icmp_flood,1
0.020762,4,290.0,192.65966669877665,13967.825835661304,66.6,32.3156308928048,0.006920666666666666,0.011985214238107441,0,0,1.0,17,1,benign,0
0.020593,4,314.0,194.2407614237848,15247.899771767105,71.8,36.69741135284613,0.006864333333333334,0.011884177940999255,0,0,1.0,17,1,benign,0
1e-06,2,750.0,2000000.0,750000000.0,375.0,0.0,1e-06,0.0,0,0,0.0,17,8,pulsed_mixed_flood,1
15.417947,25,2574.0,1.6214869593208487,166.94829733167458,99.0,177.52385755159787,0.6424144583333334,2.194390327500774,0,1,1.0,6,1,benign,0
1e-06,2,0.0,2000000.0,0.0,0.0,0.0,1e-06,0.0,0,1,0.0,6,1,syn_flood,1
1e-06,2,0.0,2000000.0,0.0,0.0,0.0,1e-06,0.0,0,1,0.0,6,1,syn_flood,1
9.9e-05,3,0.0,30303.030303030304,0.0,0.0,0.0,4.95e-05,6.576093065034892e-05,0,0,2.0,6,1,http_get_flood,1
0.000146,3,0.0,20547.945205479453,0.0,0.0,0.0,7.3e-05,0.00010040916292848976,0,0,2.0,6,1,http_get_flood,1
0.020854,4,232.0,191.80972475304495,11124.964035676609,55.2,15.336231610144653,0.006951333333333334,0.012036598453605293,0,0,1.0,17,1,benign,0
2e-06,2,2944.0,1000000.0,1472000000.0,1472.0,0.0,2e-06,0.0,0,0,0.0,17,6,slowloris_low_rate,1
1e-06,2,31.0,2000000.0,31000000.0,20.666666666666664,17.8978583448784,1e-06,0.0,0,0,0.0,6,1,benign,0
1e-06,2,2944.0,2000000.0,2944000000.0,1472.0,0.0,1e-06,0.0,0,0,0.0,17,6,slowloris_low_rate,1
1e-06,2,2944.0,2000000.0,2944000000.0,1472.0,0.0,1e-06,0.0,0,0,0.0,17,6,slowloris_low_rate,1
116.859927,66,35408.0,0.5647787200825479,302.99522607095247,528.4776119402985,952.4965657809556,1.797845030769231,10.1337281975821,0,1,0.0,6,1,benign,0
1e-06,2,2944.0,2000000.0,2944000000.0,1472.0,0.0,1e-06,0.0,0,0,0.0,17,6,slowloris_low_rate,1
0.020625,4,156.0,193.939393939394,7563.636363636364,37.4,8.763560920082657,0.006875,0.011902653149613324,0,0,1.0,17,1,benign,0
109.955308,57,45172.0,0.5183924363160348,410.8214584783848,778.8275862068966,1051.9583765018067,1.9634876428571428,14.670364969562371,0,1,0.0,6,1,benign,0
0.000114,3,0.0,26315.78947368421,0.0,0.0,0.0,5.7e-05,7.636753236814713e-05,0,0,2.0,6,1,http_get_flood,1
1e-06,2,2944.0,2000000.0,2944000000.0,1472.0,0.0,1e-06,0.0,0,0,0.0,17,6,slowloris_low_rate,1
0.000102,4,0.0,39215.68627450981,0.0,0.0,0.0,3.4e-05,5.715767664977295e-05,0,1,1.0,6,1,syn_flood,1
0.000692,4,1472.0,5780.346820809248,2127167.630057804,382.4,78.87204828074394,0.0002306666666666667,0.0003977943354716521,0,0,0.0,17,4,icmp_flood,1
0.215647,27,11386.0,125.20461680431444,52799.25062718238,406.6428571428571,730.5335044049663,0.008294115384615384,0.020356250851916564,0,1,1.0,6,1,benign,0
15.140018,19,1018.0,1.2549522728440614,67.23902177659234,50.90000000000001,106.5867079695657,0.8411121111111112,2.516759531577505,0,1,0.0,6,1,benign,0
1e-06,2,2944.0,2000000.0,2944000000.0,1472.0,0.0,1e-06,0.0,0,0,0.0,17,6,slowloris_low_rate,1
1.491521,76,10040.0,50.95469658154328,6731.383601035453,130.38961038961045,373.7052791707783,0.019886946666666665,0.06269592170621398,0,1,1.0,6,1,benign,0
1e-06,2,750.0,2000000.0,750000000.0,375.0,0.0,1e-06,0.0,0,0,0.0,17,0,udp_flood,1
0.000134,3,0.0,22388.059701492533,0.0,0.0,0.0,6.7e-05,9.19238815542512e-05,0,0,2.0,6,1,benign,0
1e-06,2,0.0,2000000.0,0.0,0.0,0.0,1e-06,0.0,0,1,0.0,6,1,syn_flood,1
4.6e-05,2,610.0,43478.260869565216,13260869.56521739,305.0,0.0,4.6e-05,0.0,0,0,0.0,17,3,dns_amplification,1
0.026401,3,0.0,113.63205939168972,0.0,0.0,0.0,0.0132005,0.01866691191654367,0,0,2.0,6,1,benign,0
0.000161,3,0.0,18633.540372670806,0.0,0.0,0.0,8.05e-05,0.00011101576464628796,0,0,2.0,6,1,benign,0
0.000302,4,0.0,13245.033112582782,0.0,0.0,0.0,0.00010066666666666668,9.124326459160334e-05,0,0,3.0,6,1,benign,0
0.02081,12,294.0,576.6458433445459,14127.823161941376,22.61538461538462,38.95411501912317,0.0018918181818181811,0.004295994455726912,0,0,3.0,6,1,benign,0
54.129569,10,307.0,0.1847419106551541,5.671576657113231,32.09090909090909,21.082953044839545,6.014396555555556,18.01952057429894,0,0,0.0,6,1,benign,0
0.020645,4,282.0,193.7515136837007,13659.481714700896,64.4,33.411076007815126,0.006881666666666666,0.011914200154997116,0,0,1.0,17,1,benign,0
0.020607,4,288.0,194.1087979812685,13975.833454651332,66.0,32.863353450309965,0.006869,0.011892260844767912,0,0,1.0,17,1,benign,0
0.020634,4,220.0,193.85480275273815,10662.0141514006,52.2,15.336231610144653,0.006878,0.01190871533793633,0,0,1.0,17,1,benign,0
0.000102,4,0.0,39215.68627450981,0.0,0.0,0.0,3.4e-05,5.715767664977295e-05,0,1,1.0,6,1,syn_flood,1
0.294106,17,3948.0,57.80228897064325,13423.73157977056,219.3333333333333,363.9292109576192,0.018381625,0.07323004219478506,0,1,0.0,6,1,http_get_flood,1
1e-06,2,0.0,2000000.0,0.0,0.0,0.0,1e-06,0.0,0,1,0.0,6,0,udp_flood,1
0.020582,4,260.0,194.34457292780095,12632.397240307064,59.4,30.672463220289305,0.006860666666666666,0.011878693123964999,0,0,1.0,17,1,benign,0
0.079018,28,14701.0,354.3496418537548,186046.2173175732,506.9310344827587,810.1022391840637,0.0029265925925925926,0.007127176225057155,0,1,1.0,6,1,benign,0
0.215748,6,2088.0,27.810223037988766,9677.95761722009,344.1428571428572,33.61759743263722,0.043149599999999996,0.05910513754996261,0,0,0.0,17,8,pulsed_mixed_flood,1
0.041596,4,0.0,96.1630926050582,0.0,0.0,0.0,0.013865333333333332,0.02401199771641946,0,0,3.0,6,1,benign,0
0.020591,4,268.0,194.25962799281243,13015.395075518429,60.0,38.34057902536164,0.006863666666666666,0.011884755291268444,0,0,1.0,17,1,benign,0
0.020855,4,256.0,191.8005274514505,12275.233756892832,58.8,28.48157299026864,0.006951666666666666,0.012038907813142076,0,0,1.0,17,1,benign,0
1e-06,2,0.0,2000000.0,0.0,0.0,0.0,1e-06,0.0,0,1,0.0,6,0,udp_flood,1
4.9e-05,2,2944.0,40816.32653061225,60081632.65306122,1472.0,0.0,4.9e-05,0.0,0,0,0.0,17,3,dns_amplification,1
0.020632,4,496.0,193.87359441644043,24040.325707638614,111.2,70.10848736066126,0.006877333333333334,0.011906694601497651,0,0,1.0,17,1,benign,0
0.020888,4,410.0,191.4975105323631,19628.49482956721,91.4,60.79720388307344,0.0069626666666666665,0.012054496270410192,0,0,1.0,17,1,benign,0
1e-06,2,2944.0,2000000.0,2944000000.0,1472.0,0.0,1e-06,0.0,0,0,0.0,17,6,slowloris_low_rate,1
0.000332,3,0.0,9036.144578313251,0.0,0.0,0.0,0.000166,0.0002319310242291876,0,0,2.0,6,1,benign,0
0.020687,4,156.0,193.3581476289457,7540.9677575288815,37.4,8.763560920082657,0.006895666666666666,0.011939314902176477,0,0,1.0,17,1,benign,0
0.054624,4,196.0,73.22788517867605,3588.1663737551257,47.4,8.763560920082657,0.018208,0.03153544905340655,0,0,1.0,17,1,benign,0
0.105028,4,1438.0,38.08508207335186,13691.587005369996,353.6,32.3156308928048,0.03500933333333333,0.06063534599829817,0,0,0.0,17,8,pulsed_mixed_flood,1
1e-06,2,2944.0,2000000.0,2944000000.0,1472.0,0.0,1e-06,0.0,0,0,0.0,17,3,dns_amplification,1
0.000103,4,0.0,38834.951456310686,0.0,0.0,0.0,3.4333333333333325e-05,5.773502691896257e-05,0,1,1.0,6,1,syn_flood,1
0.000256,52,22736.0,203125.0,88812500.0,437.2830188679245,13.851377824399009,5.019607843137255e-06,1.2602365168615661e-05,0,0,0.0,17,4,icmp_flood,1
0.046506,4,284.0,86.01040725927838,6106.738915408765,65.4,30.672463220289305,0.015502,0.026848519568125163,0,0,1.0,17,1,benign,0
2e-06,2,2656.0,1000000.0,1328000000.0,1328.0,0.0,2e-06,0.0,0,0,0.0,17,6,slowloris_low_rate,1
116.841241,49,9974.0,0.4193724714033121,85.36369448523746,199.48000000000008,497.8508193900527,2.434192520833333,11.708303098255616,0,1,0.0,6,1,benign,0
0.210667,27,11384.0,128.16435417032568,54037.889180555096,406.5714285714286,730.5053262954567,0.008102576923076922,0.02000352216020584,0,1,1.0,6,1,benign,0
0.020646,4,272.0,193.74212922600012,13174.464787368011,61.6,35.05424368033063,0.006882,0.011916509598032471,0,0,1.0,17,1,benign,0
1e-06,2,2816.0,2000000.0,2816000000.0,1408.0,0.0,1e-06,0.0,0,0,0.0,17,6,slowloris_low_rate,1
0.044878,4,132.0,89.13053166362137,2941.307544899505,31.4,8.763560920082657,0.014959333333333331,0.025905129228269323,0,0,1.0,17,1,benign,0
0.020625,4,316.0,193.939393939394,15321.212121212118,69.4,52.58136552049595,0.006875,0.011902653149613324,0,0,1.0,17,1,benign,0
0.001031,4,123.0,3879.728419010669,119301.64888457808,33.8,19.979989989987484,0.00034366666666666665,0.0005917840259193664,0,0,0.0,6,1,benign,0
0.054641,2,0.0,36.60255119781849,0.0,0.0,0.0,0.054641,0.0,0,0,1.0,6,1,benign,0
0.020656,4,152.0,193.64833462432225,7358.636715724246,36.4,8.763560920082657,0.006885333333333334,0.011920551007958203,0,0,1.0,17,1,benign,0
0.106179,4,1438.0,37.67223273905386,13543.167669689865,353.6,32.3156308928048,0.035393,0.0613007421814777,0,0,0.0,17,8,pulsed_mixed_flood,1
1e-06,2,0.0,2000000.0,0.0,0.0,0.0,1e-06,0.0,0,1,0.0,6,0,udp_flood,1
0.020943,4,232.0,190.9946044024256,11077.687055340686,55.2,15.336231610144653,0.006981,0.012086250535215625,0,0,1.0,17,1,benign,0
2e-06,2,750.0,1000000.0,375000000.0,375.0,0.0,2e-06,0.0,0,0,0.0,17,0,udp_flood,1
0.218484,6,2088.0,27.461965178228148,9556.763882023395,344.1428571428572,33.61759743263722,0.0436968,0.059835629859641325,0,0,0.0,17,8,pulsed_mixed_flood,1
7.289051,10,0.0,1.3719207068245236,0.0,0.0,0.0,0.8098945555555555,1.4493866512231226,0,1,4.0,6,1,benign,0
0.05891,3,0.0,50.925140044135134,0.0,0.0,0.0,0.029455,0.04165141783901239,0,0,2.0,6,1,benign,0
0.020812,4,264.0,192.1968095329617,12684.989429175475,64.4,8.763560920082657,0.0069373333333333335,0.012010617649951785,0,0,1.0,17,1,benign,0
0.020697,4,694.0,193.2647243561869,33531.429675798434,145.2,155.005483773962,0.006899,0.011945088404863313,0,0,1.0,17,1,benign,0
2e-06,2,1040.0,1000000.0,520000000.0,520.0,0.0,2e-06,0.0,0,0,0.0,17,0,udp_flood,1
54.531862,11,338.0,0.2017169338541933,6.198211240247033,32.0,20.10427362979868,5.4531862,17.211457949956856,0,0,0.0,6,1,benign,0
0.00165,200,88000.0,121212.12121212124,53333333.33333334,440.0,0.0,8.291457286432161e-06,2.076967188204505e-05,0,0,0.0,17,4,icmp_flood,1
0.059261,2,0.0,33.7490086228717,0.0,0.0,0.0,0.059261,0.0,0,0,1.0,6,1,benign,0
0.020658,4,226.0,193.62958660083265,10940.071642947045,51.4,27.933850432763467,0.006886,0.011922571828259202,0,0,1.0,17,1,benign,0
0.108934,4,1398.0,36.71948152092092,12833.458791561863,345.6,21.36117974270148,0.03631133333333333,0.06289134217309512,0,0,0.0,17,8,pulsed_mixed_flood,1
0.063301,12,5280.0,189.5704649215652,83411.0045654887,440.0,0.0,0.005754636363636364,0.012805917766975759,0,0,0.0,17,4,icmp_flood,1
0.045199,4,230.0,88.49753313126396,5088.608155047677,53.6,21.36117974270148,0.015066333333333333,0.026093922766294325,0,0,1.0,17,1,benign,0
0.000307,4,0.0,13029.31596091205,0.0,0.0,0.0,0.00010233333333333332,8.715694655811052e-05,0,0,3.0,6,1,benign,0
0.000169,3,0.0,17751.47928994083,0.0,0.0,0.0,8.45e-05,0.00011525840533340723,0,0,2.0,6,1,benign,0
4.7e-05,2,76.0,42553.191489361714,1617021.2765957448,38.0,0.0,4.7e-05,0.0,0,0,0.0,17,3,dns_amplification,1
4.690316,15,3508.0,3.1980787648422835,747.9240204711152,219.25,405.0556340389141,0.33502257142857145,1.2531871074597523,0,1,0.0,6,1,http_get_flood,1
1e-06,2,2944.0,2000000.0,2944000000.0,1472.0,0.0,1e-06,0.0,0,0,0.0,17,6,slowloris_low_rate,1
5.4e-05,2,0.0,37037.03703703704,0.0,0.0,0.0,5.4e-05,0.0,0,1,0.0,6,1,syn_flood,1
2e-06,3,0.0,1500000.0,0.0,0.0,0.0,1e-06,0.0,0,0,2.0,6,1,http_get_flood,1
3e-06,3,0.0,1000000.0,0.0,0.0,0.0,1.5e-06,7.071067811865476e-07,0,0,0.0,6,1,benign,0
0.000936,174,76272.0,185897.4358974359,81487179.48717949,438.35428571428565,15.3499474494054,5.410404624277457e-06,1.2969970072152697e-05,0,0,0.0,17,4,icmp_flood,1
4.8e-05,2,0.0,41666.66666666666,0.0,0.0,0.0,4.8e-05,0.0,0,1,0.0,6,1,syn_flood,1
0.021225,4,260.0,188.45700824499409,12249.705535924615,59.4,30.672463220289305,0.007075,0.012252527412742239,0,0,1.0,17,1,benign,0
0.05442,17,2528.0,312.38515251745685,46453.509739066525,140.44444444444449,221.09200167037795,0.00340125,0.008353674229543149,0,1,0.0,6,1,benign,0
1e-06,2,2944.0,2000000.0,2944000000.0,1472.0,0.0,1e-06,0.0,0,0,0.0,17,3,dns_amplification,1
1e-06,2,750.0,2000000.0,750000000.0,375.0,0.0,1e-06,0.0,0,0,0.0,17,8,pulsed_mixed_flood,1
1e-06,2,0.0,2000000.0,0.0,0.0,0.0,1e-06,0.0,0,1,0.0,6,1,syn_flood,1
0.024809,3,0.0,120.9238582772381,0.0,0.0,0.0,0.0124045,0.01753978370733231,0,0,2.0,6,1,benign,0
0.005991,12,5280.0,2003.00450676014,881321.9829744617,440.0,0.0,0.0005446363636363637,0.0006237838203620341,0,0,0.0,17,4,icmp_flood,1
0.000503,82,36080.0,163021.86878727635,71729622.26640159,440.0,0.0,6.209876543209875e-06,1.5054663770226414e-05,0,0,0.0,17,4,icmp_flood,1
4.9e-05,2,0.0,40816.32653061225,0.0,0.0,0.0,4.9e-05,0.0,0,1,0.0,6,0,udp_flood,1
1e-06,2,0.0,2000000.0,0.0,0.0,0.0,1e-06,0.0,0,1,0.0,6,1,syn_flood,1
0.020905,4,580.0,191.34178426213825,27744.558718010045,122.6,122.6898528811572,0.006968333333333334,0.011989053354345093,0,0,1.0,17,1,benign,0
0.020692,4,424.0,193.31142470520007,20491.011018751207,96.4,52.58136552049595,0.006897333333333334,0.011941335617649028,0,0,1.0,17,1,benign,0
0.988025,20,7242.0,20.242402773209182,7329.774044179044,360.1428571428572,30.703885282298888,0.05200131578947368,0.05631471499237579,0,0,0.0,17,8,pulsed_mixed_flood,1
110.521103,116,44818.0,1.0495733108997294,405.51531593020746,383.05982905982887,750.2772509453937,0.9610530695652176,2.872510672614582,0,1,1.0,6,1,benign,0
0.176186,4,410.0,22.703279488722146,2327.08614759402,91.4,60.79720388307344,0.05872866666666668,0.10171583837502068,0,0,1.0,17,1,benign,0
0.00096,42,18480.0,43750.0,19250000.0,440.0,0.0,2.3414634146341463e-05,7.994059532232549e-05,0,0,0.0,17,4,icmp_flood,1
14.341209,12,0.0,0.8367495376435836,0.0,0.0,0.0,1.3037462727272726,2.557233228926376,0,1,5.0,6,1,benign,0
0.000231,3,0.0,12987.012987012988,0.0,0.0,0.0,0.0001155,0.0001590990257669732,0,0,2.0,6,1,benign,0
0.000101,3,0.0,29702.970297029704,0.0,0.0,0.0,5.05e-05,6.85893577750951e-05,0,0,2.0,6,1,http_get_flood,1
0.020602,4,222.0,194.1559071934764,10775.652849237938,49.4,33.411076007815126,0.006867333333333334,0.011891972180144608,0,0,1.0,17,1,benign,0
1e-06,2,750.0,2000000.0,750000000.0,375.0,0.0,1e-06,0.0,0,0,0.0,17,8,pulsed_mixed_flood,1
1e-06,2,2896.0,2000000.0,2896000000.0,1448.0,0.0,1e-06,0.0,0,0,0.0,17,3,dns_amplification,1
0.027995,200,88000.0,7144.132880871584,3143418.467583497,440.0,0.0,0.00014067839195979907,0.0007143136545355877,0,0,0.0,17,4,icmp_flood,1
0.106417,4,1398.0,37.58797936419933,13136.998787787668,345.6,21.36117974270148,0.03547233333333333,0.061436419494737285,0,0,0.0,17,0,udp_flood,1
4.9e-05,2,0.0,40816.32653061225,0.0,0.0,0.0,4.9e-05,0.0,0,1,0.0,6,0,udp_flood,1
2e-06,2,750.0,1000000.0,375000000.0,375.0,0.0,2e-06,0.0,0,0,0.0,17,8,pulsed_mixed_flood,1
0.020824,4,62.0,192.0860545524395,2977.3338455628127,12.4,16.97939928266015,0.006941333333333334,0.012019277945589463,0,0,3.0,6,1,benign,0
1e-06,2,0.0,2000000.0,0.0,0.0,0.0,1e-06,0.0,0,1,0.0,6,1,syn_flood,1
0.000191,2,0.0,10471.204188481675,0.0,0.0,0.0,0.000191,0.0,0,0,1.0,6,1,http_get_flood,1
1e-06,2,2944.0,2000000.0,2944000000.0,1472.0,0.0,1e-06,0.0,0,0,0.0,17,3,dns_amplification,1
0.000849,168,73920.0,197879.85865724375,87067137.80918728,440.0,0.0,5.08383233532934e-06,1.2547458425337564e-05,0,0,0.0,17,4,icmp_flood,1
1e-06,2,2944.0,2000000.0,2944000000.0,1472.0,0.0,1e-06,0.0,0,0,0.0,17,6,slowloris_low_rate,1
0.088045,35,16284.0,397.5239934124596,184950.8773922426,452.33333333333337,732.7462238534081,0.0025895588235294122,0.006636470946041055,0,1,1.0,6,1,benign,0
1e-06,2,2944.0,2000000.0,2944000000.0,1472.0,0.0,1e-06,0.0,0,0,0.0,17,3,dns_amplification,1
5.356579,21,5900.0,3.9204126364980336,1101.4492645399237,268.1818181818182,418.03413353042936,0.26782894999999995,1.1176444169825013,0,1,0.0,6,1,http_get_flood,1
0.1076,4,1398.0,37.17472118959108,12992.56505576208,345.6,21.36117974270148,0.03586666666666667,0.06211942486318858,0,0,0.0,17,8,pulsed_mixed_flood,1
1e-06,2,0.0,2000000.0,0.0,0.0,0.0,1e-06,0.0,0,1,0.0,6,1,syn_flood,1
1e-06,2,2944.0,2000000.0,2944000000.0,1472.0,0.0,1e-06,0.0,0,0,0.0,17,3,dns_amplification,1
0.020689,4,588.0,193.3394557494321,28420.899995166517,134.2,70.10848736066126,0.006896333333333334,0.011938737551907792,0,0,1.0,17,1,benign,0
0.020691,4,152.0,193.32076748344693,7346.189164370981,36.4,8.763560920082657,0.006897,0.011940758267379841,0,0,1.0,17,1,benign,0
1e-06,2,2944.0,2000000.0,2944000000.0,1472.0,0.0,1e-06,0.0,0,0,0.0,17,3,dns_amplification,1
0.020925,4,204.0,191.15890083632016,9749.10394265233,49.4,8.763560920082657,0.006975,0.012041237311838017,0,0,1.0,17,1,benign,0
1e-06,2,2864.0,2000000.0,2864000000.0,1432.0,0.0,1e-06,0.0,0,0,0.0,17,3,dns_amplification,1
2e-06,2,340.0,1000000.0,170000000.0,170.0,0.0,2e-06,0.0,0,0,0.0,17,3,dns_amplification,1
0.108858,4,1398.0,36.74511749251318,12842.418563633357,345.6,21.36117974270148,0.036286,0.0628474635526367,0,0,0.0,17,8,pulsed_mixed_flood,1
0.495386,27,22590.0,54.502953252615136,45600.804221354665,806.7857142857142,1072.676899237944,0.019053307692307692,0.06684492656635611,0,1,1.0,6,1,benign,0
0.089645,4,536.0,44.62044731998438,5979.139940877906,117.6,89.82649943084725,0.029881666666666664,0.051752234756900425,0,0,1.0,17,1,benign,0
0.000361,36,15840.0,99722.99168975068,43878116.343490295,440.0,0.0,1.0314285714285716e-05,1.9036762312108934e-05,0,0,0.0,17,4,icmp_flood,1
0.21839,6,2088.0,27.4737854297358,9560.877329548057,344.1428571428572,33.61759743263722,0.043678,0.05980995314744862,0,0,0.0,17,8,pulsed_mixed_flood,1
2e-06,2,2944.0,1000000.0,1472000000.0,1472.0,0.0,2e-06,0.0,0,0,0.0,17,6,slowloris_low_rate,1
0.14035,31,7502.0,220.876380477378,53452.08407552547,234.43750000000003,528.6498894780564,0.004678333333333333,0.012538217761854278,0,1,0.0,6,1,benign,0
0.000158,3,0.0,18987.3417721519,0.0,0.0,0.0,7.9e-05,0.00010748023074035523,0,0,2.0,6,1,benign,0
0.997063,4,0.0,4.01178260551239,0.0,0.0,0.0,0.33235433333333325,0.5754865901976634,0,0,1.0,6,1,benign,0
1e-06,2,2944.0,2000000.0,2944000000.0,1472.0,0.0,1e-06,0.0,0,0,0.0,17,3,dns_amplification,1
119.534417,57,9220.0,0.4768501108764349,77.13259688211805,158.96551724137927,403.6872580338034,2.1345431607142857,11.154536791783169,0,1,0.0,6,1,benign,0
0.046379,4,196.0,86.24593027016539,4226.050583238104,46.2,15.336231610144653,0.015459666666666668,0.026733637637503308,0,0,1.0,17,1,benign,0
0.001039,174,76272.0,167468.71992300288,73409047.16073148,438.35428571428565,15.3499474494054,6.0057803468208095e-06,1.57979602413945e-05,0,0,0.0,17,4,icmp_flood,1
105.774285,59,12454.0,0.5577915274964987,117.74128277019317,207.5666666666667,461.137479653566,1.823694568965517,9.61911012666935,0,1,1.0,6,1,benign,0
0.000204,3,0.0,14705.882352941177,0.0,0.0,0.0,0.000102,0.00014142135623730948,0,0,2.0,6,1,benign,0
1e-06,2,766.0,2000000.0,766000000.0,383.0,0.0,1e-06,0.0,0,0,0.0,17,8,pulsed_mixed_flood,1
0.066401,4,180.0,60.24005662565322,2710.802548154395,42.2,15.336231610144653,0.022133666666666663,0.038331439072037635,0,0,1.0,17,1,benign,0
30.018489,1854,5312294.0,61.76193611877,176967.40165702548,2863.7703504043093,4352.319146086383,0.016199940097139775,0.6335433894359694,0,1,3.0,6,1,benign,0
0.107221,4,1438.0,37.30612473302804,13411.551841523582,353.6,32.3156308928048,0.035740333333333325,0.061900609111165725,0,0,0.0,17,8,pulsed_mixed_flood,1
46.491512,12,0.0,0.2581116312156077,0.0,0.0,0.0,4.226501090909091,5.942666326699463,0,1,0.0,6,0,udp_flood,1
0.000295,4,0.0,13559.322033898305,0.0,0.0,0.0,9.833333333333332e-05,9.500175436976591e-05,0,0,3.0,6,1,benign,0
0.020898,4,132.0,191.4058761603981,6316.393913293138,31.4,8.763560920082657,0.006966,0.012061135808869743,0,0,1.0,17,1,benign,0
1e-06,2,2944.0,2000000.0,2944000000.0,1472.0,0.0,1e-06,0.0,0,0,0.0,17,6,slowloris_low_rate,1
1e-06,2,2896.0,2000000.0,2896000000.0,1448.0,0.0,1e-06,0.0,0,0,0.0,17,3,dns_amplification,1
1e-06,2,0.0,2000000.0,0.0,0.0,0.0,1e-06,0.0,0,1,0.0,6,0,udp_flood,1
1e-06,2,0.0,2000000.0,0.0,0.0,0.0,1e-06,0.0,0,1,0.0,6,1,syn_flood,1
1e-06,2,304.0,2000000.0,304000000.0,152.0,0.0,1e-06,0.0,0,0,0.0,17,4,icmp_flood,1
1e-06,2,0.0,2000000.0,0.0,0.0,0.0,1e-06,0.0,0,0,0.0,6,4,icmp_flood,1
63.825522,1423,1479906.0,22.295156473612547,23186.743384566445,1039.259831460674,1087.898084218402,0.04488433333333333,1.546389468177128,0,1,1.0,6,1,benign,0
1e-06,2,0.0,2000000.0,0.0,0.0,0.0,1e-06,0.0,0,1,0.0,6,1,syn_flood,1
1e-06,2,0.0,2000000.0,0.0,0.0,0.0,1e-06,0.0,0,1,0.0,6,1,syn_flood,1
4.9e-05,2,0.0,40816.32653061225,0.0,0.0,0.0,4.9e-05,0.0,0,1,0.0,6,0,udp_flood,1
0.000362,4,0.0,11049.723756906076,0.0,0.0,0.0,0.00012066666666666665,0.0001216812776614929,0,0,3.0,6,1,http_get_flood,1
3e-06,2,2944.0,666666.6666666665,981333333.3333333,1472.0,0.0,3e-06,0.0,0,0,0.0,17,6,slowloris_low_rate,1
9.8e-05,3,0.0,30612.244897959183,0.0,0.0,0.0,4.9e-05,6.646803743153547e-05,0,0,2.0,6,1,benign,0
2e-06,2,766.0,1000000.0,383000000.0,383.0,0.0,2e-06,0.0,0,0,0.0,17,8,pulsed_mixed_flood,1
0.000154,3,0.0,19480.519480519484,0.0,0.0,0.0,7.7e-05,0.00010465180361560905,0,0,2.0,6,1,benign,0
1e-06,2,2944.0,2000000.0,2944000000.0,1472.0,0.0,1e-06,0.0,0,0,0.0,17,6,slowloris_low_rate,1
0.02093,4,278.0,191.11323459149543,13282.369804108934,63.4,33.411076007815126,0.006976666666666666,0.01208047703252373,0,0,1.0,17,1,benign,0
1e-06,2,2944.0,2000000.0,2944000000.0,1472.0,0.0,1e-06,0.0,0,0,0.0,17,6,slowloris_low_rate,1
0.060995,4,236.0,65.57914583162554,3869.169604065907,56.2,15.336231610144653,0.020331666666666665,0.035211149545752315,0,0,1.0,17,1,benign,0
2e-06,2,2944.0,1000000.0,1472000000.0,1472.0,0.0,2e-06,0.0,0,0,0.0,17,6,slowloris_low_rate,1
0.000254,4,1826.0,15748.031496062991,7188976.377952756,450.6,32.3156308928048,8.466666666666666e-05,0.00014404975992112355,0,0,0.0,17,8,pulsed_mixed_flood,1
2e-06,2,2944.0,1000000.0,1472000000.0,1472.0,0.0,2e-06,0.0,0,0,0.0,17,3,dns_amplification,1
0.020795,4,300.0,192.3539312334696,14426.54484251022,67.4,41.62691437039263,0.006931666666666666,0.012000802695375562,0,0,1.0,17,1,benign,0
0.045791,4,264.0,87.35341005874517,5765.3250638771815,60.4,30.672463220289305,0.015263666666666668,0.026435714125654583,0,0,1.0,17,1,benign,0
0.005514,200,88000.0,36271.309394269134,15959376.13347842,440.0,0.0,2.7708542713567842e-05,3.997834612608058e-05,0,0,0.0,17,4,icmp_flood,1
0.068432,2,0.0,29.226093055880288,0.0,0.0,0.0,0.068432,0.0,0,0,1.0,6,1,benign,0
2e-06,2,2944.0,1000000.0,1472000000.0,1472.0,0.0,2e-06,0.0,0,0,0.0,17,6,slowloris_low_rate,1
0.021438,6,62.0,279.876854184159,2892.060826569643,8.857142857142858,15.126451130702266,0.004287600000000001,0.009529872653923556,0,0,5.0,6,1,benign,0
0.000149,3,0.0,20134.228187919463,0.0,0.0,0.0,7.45e-05,0.0001025304832720494,0,0,2.0,6,1,benign,0
0.020587,4,200.0,194.297372128042,9714.8686064021,48.4,8.763560920082657,0.006862333333333334,0.011881579875308393,0,0,1.0,17,1,benign,0
0.020671,4,280.0,193.50781287794496,13545.546901456148,64.6,29.57701810527897,0.006890333333333334,0.011930943312803616,0,0,1.0,17,1,benign,0
1e-06,2,0.0,2000000.0,0.0,0.0,0.0,1e-06,0.0,0,1,0.0,6,1,syn_flood,1
54.129511,10,307.0,0.1847421086068928,5.6715827342316105,32.09090909090909,21.082953044839545,6.01439011111111,18.019514125133362,0,0,0.0,6,1,benign,0
1e-06,2,2944.0,2000000.0,2944000000.0,1472.0,0.0,1e-06,0.0,0,0,0.0,17,6,slowloris_low_rate,1
0.02059,4,328.0,194.26906265177269,15930.06313744536,74.2,42.72235948540296,0.006863333333333334,0.011883312010266048,0,0,1.0,17,1,benign,0
1e-06,2,2064.0,2000000.0,2064000000.0,1032.0,0.0,1e-06,0.0,0,0,0.0,17,3,dns_amplification,1
1e-06,2,2944.0,2000000.0,2944000000.0,1472.0,0.0,1e-06,0.0,0,0,0.0,17,3,dns_amplification,1
0.00044,50,21712.0,113636.36363636365,49345454.54545455,434.35294117647067,28.22964649400468,8.979591836734695e-06,1.7977404563226917e-05,0,0,0.0,17,4,icmp_flood,1
0.062381,4,244.0,64.12208845642103,3911.447395841683,55.0,32.863353450309965,0.020793666666666665,0.03601049098989533,0,0,1.0,17,1,benign,0
1e-06,2,0.0,2000000.0,0.0,0.0,0.0,1e-06,0.0,0,1,0.0,6,0,udp_flood,1
4e-06,2,750.0,500000.0,187500000.0,375.0,0.0,4e-06,0.0,0,0,0.0,17,8,pulsed_mixed_flood,1
2e-06,2,750.0,1000000.0,375000000.0,375.0,0.0,2e-06,0.0,0,0,0.0,17,8,pulsed_mixed_flood,1
0.001382,158,69520.0,114327.06222865412,50303907.38060781,440.0,0.0,8.802547770700636e-06,1.8389461687596028e-05,0,0,0.0,17,4,icmp_flood,1
0.000184,3,0.0,16304.347826086956,0.0,0.0,0.0,9.2e-05,0.00012727922061357857,0,0,2.0,6,1,benign,0
1e-06,2,802.0,2000000.0,802000000.0,401.0,0.0,1e-06,0.0,0,0,0.0,17,8,pulsed_mixed_flood,1
3e-06,2,0.0,666666.6666666665,0.0,0.0,0.0,3e-06,0.0,1,0,0.0,6,1,benign,0
0.052728,3,0.0,56.895766954938566,0.0,0.0,0.0,0.026364,0.037281497931279536,0,0,2.0,6,1,benign,0
1e-06,2,0.0,2000000.0,0.0,0.0,0.0,1e-06,0.0,0,1,0.0,6,1,syn_flood,1
0.000116,3,0.0,25862.068965517246,0.0,0.0,0.0,5.8e-05,7.91959594928933e-05,0,0,2.0,6,1,benign,0
1e-06,2,0.0,2000000.0,0.0,0.0,0.0,1e-06,0.0,0,1,0.0,6,1,syn_flood,1
45.565256,21,10.0,0.4608774720809206,0.2194654628956764,0.5000000000000001,0.511766315719159,2.2782628,4.1407669996895065,0,0,0.0,6,1,benign,0
5.1e-05,2,2944.0,39215.68627450981,57725490.19607844,1472.0,0.0,5.1e-05,0.0,0,0,0.0,17,3,dns_amplification,1
110.993355,62,2744.0,0.558591998593069,24.722200711925503,43.55555555555557,115.22513415578491,1.819563196721312,3.815006171518332,0,1,0.0,6,1,benign,0
0.020883,4,62.0,191.54336062826223,2968.922089738065,12.4,16.97939928266015,0.006961,0.012054207605645424,0,0,3.0,6,1,benign,0
1e-06,2,31.0,2000000.0,31000000.0,20.666666666666664,17.8978583448784,1e-06,0.0,0,0,0.0,6,1,benign,0
2e-06,2,2944.0,1000000.0,1472000000.0,1472.0,0.0,2e-06,0.0,0,0,0.0,17,6,slowloris_low_rate,1
0.000158,3,0.0,18987.3417721519,0.0,0.0,0.0,7.9e-05,0.00010889444430272828,0,0,2.0,6,1,benign,0
0.214739,6,2088.0,27.940895691979566,9723.431700808893,344.1428571428572,33.61759743263722,0.0429478,0.058828259239926524,0,0,0.0,17,8,pulsed_mixed_flood,1
0.012409,53,23320.0,4271.09356112499,1879281.166894996,440.0,0.0,0.00023863461538461546,0.001001346407884006,0,0,0.0,17,4,icmp_flood,1
0.020886,4,402.0,191.51584793641675,19247.34271760988,89.6,59.70175876806311,0.006962,0.012054207605645424,0,0,1.0,17,1,benign,0
0.020664,4,196.0,193.57336430507164,9485.09485094851,47.4,8.763560920082657,0.006888,0.011925169810111722,0,0,1.0,17,1,benign,0
0.074732,33,22984.0,441.57790504736914,307552.32029117376,675.9999999999999,931.0246554688596,0.002335375,0.006407357558861279,0,1,1.0,6,1,benign,0
1e-06,2,2944.0,2000000.0,2944000000.0,1472.0,0.0,1e-06,0.0,0,0,0.0,17,6,slowloris_low_rate,1
0.000197,3,0.0,15228.426395939086,0.0,0.0,0.0,9.85e-05,0.0001364716087690037,0,0,2.0,6,1,benign,0
4.504731,15,3230.0,3.3298325693587483,717.0239466019169,201.875,386.2753551548429,0.3217665,1.2035969278595882,0,1,0.0,6,1,http_get_flood,1
1e-06,2,2944.0,2000000.0,2944000000.0,1472.0,0.0,1e-06,0.0,0,0,0.0,17,6,slowloris_low_rate,1
1e-06,2,0.0,2000000.0,0.0,0.0,0.0,1e-06,0.0,0,1,0.0,6,1,syn_flood,1
0.000631,28,12320.0,44374.00950871632,19524564.183835182,440.0,0.0,2.337037037037037e-05,3.591351593454235e-05,0,0,0.0,17,4,icmp_flood,1
0.00014,3,0.0,21428.57142857143,0.0,0.0,0.0,7e-05,9.475230867899736e-05,0,0,2.0,6,1,http_get_flood,1
0.10909,4,1438.0,36.66697222476853,13181.776514804287,353.6,32.3156308928048,0.03636333333333333,0.06298140881508871,0,0,0.0,17,0,udp_flood,1
0.000394,3,0.0,7614.213197969543,0.0,0.0,0.0,0.000197,0.00027577164466275353,0,0,0.0,6,1,benign,0
0.000206,3,0.0,14563.106796116504,0.0,0.0,0.0,0.000103,0.0001428355697996826,0,0,2.0,6,1,benign,0
0.02077,4,300.0,192.5854597977853,14443.909484833895,69.4,30.672463220289305,0.006923333333333334,0.011986368938645822,0,0,1.0,17,1,benign,0
0.026341,3,0.0,113.89089252496107,0.0,0.0,0.0,0.0131705,0.01862165708254773,0,0,2.0,6,1,benign,0
1e-06,2,0.0,2000000.0,0.0,0.0,0.0,1e-06,0.0,0,1,0.0,6,0,udp_flood,1
0.020523,4,204.0,194.9032792476733,9940.06724163134,49.4,8.763560920082657,0.006841,0.011843763422155984,0,0,1.0,17,1,benign,0
0.000974,50,21712.0,51334.702258726895,22291581.10882957,434.35294117647067,28.22964649400468,1.987755102040816e-05,2.9244395939693324e-05,0,0,0.0,17,4,icmp_flood,1
0.299794,93,55590.0,310.21301293554905,185427.3267643782,591.3829787234041,980.2914544262534,0.0032586304347826094,0.012603845289501973,0,1,1.0,6,1,benign,0
0.106223,4,1398.0,37.656628037242406,13160.99149901622,345.6,21.36117974270148,0.03540766666666667,0.06132614559332205,0,0,0.0,17,8,pulsed_mixed_flood,1
0.044605,4,290.0,89.67604528640287,6501.513283264208,66.6,32.3156308928048,0.014868333333333332,0.02574751260478056,0,0,1.0,17,1,benign,0
1e-06,2,750.0,2000000.0,750000000.0,375.0,0.0,1e-06,0.0,0,0,0.0,17,8,pulsed_mixed_flood,1
0.055358,4,316.0,72.25694569890531,5708.298710213519,69.4,52.58136552049595,0.018452666666666666,0.03195662607869194,0,0,1.0,17,1,benign,0
1e-06,2,2944.0,2000000.0,2944000000.0,1472.0,0.0,1e-06,0.0,0,0,0.0,17,3,dns_amplification,1
5.390597,21,6020.0,3.895672408825961,1116.7594238634422,273.6363636363636,420.0331671092909,0.26952984999999996,1.11780207738934,0,1,0.0,6,1,http_get_flood,1
1e-06,2,0.0,2000000.0,0.0,0.0,0.0,1e-06,0.0,0,1,0.0,6,1,syn_flood,1
2e-06,2,2944.0,1000000.0,1472000000.0,1472.0,0.0,2e-06,0.0,0,0,0.0,17,6,slowloris_low_rate,1
0.106296,4,1398.0,37.63076691502973,13151.95303680289,345.6,21.36117974270148,0.035432,0.061366560112165326,0,0,0.0,17,0,udp_flood,1
0.020618,4,192.0,194.00523814142983,9312.251430788629,46.4,8.763560920082657,0.006872666666666666,0.011898611697728998,0,0,1.0,17,1,benign,0
1e-06,2,31.0,2000000.0,31000000.0,20.666666666666664,17.8978583448784,1e-06,0.0,0,0,0.0,6,1,benign,0
0.05501,3,0.0,54.53553899291038,0.0,0.0,0.0,0.027505,0.03889511560594723,0,0,2.0,6,1,benign,0
0.057478,4,280.0,69.59184383590242,4871.42906851317,63.8,33.9587985653203,0.019159333333333337,0.03318060864922964,0,0,1.0,17,1,benign,0
2e-06,2,1034.0,1000000.0,517000000.0,517.0,0.0,2e-06,0.0,0,0,0.0,17,3,dns_amplification,1
0.000202,3,0.0,14851.485148514852,0.0,0.0,0.0,0.000101,0.0001385929291125633,0,0,2.0,6,1,benign,0
61.733031,60,10472.0,0.9719270061435992,169.6336601389295,171.672131147541,501.506288472088,1.046322559322034,3.0327191289857662,0,1,0.0,6,1,benign,0
0.020637,4,496.0,193.8266220865436,24034.501138731408,111.2,70.10848736066126,0.006879,0.011909581352843599,0,0,1.0,17,1,benign,0
3e-06,2,0.0,666666.6666666665,0.0,0.0,0.0,3e-06,0.0,0,0,0.0,6,1,benign,0
0.000294,3,0.0,10204.081632653062,0.0,0.0,0.0,0.000147,0.0002050609665440988,0,0,2.0,6,1,benign,0
0.028141,2,0.0,71.0706797910522,0.0,0.0,0.0,0.028141,0.0,0,0,1.0,6,1,benign,0
1e-06,2,2944.0,2000000.0,2944000000.0,1472.0,0.0,1e-06,0.0,0,0,0.0,17,3,dns_amplification,1
1e-06,2,750.0,2000000.0,750000000.0,375.0,0.0,1e-06,0.0,0,0,0.0,17,8,pulsed_mixed_flood,1
1e-06,2,0.0,2000000.0,0.0,0.0,0.0,1e-06,0.0,0,1,0.0,6,0,udp_flood,1
0.000655,26,11152.0,39694.65648854962,17025954.198473282,429.33333333333326,38.4307569132209,2.62e-05,0.00011002764804054176,0,0,0.0,17,4,icmp_flood,1
0.00019,3,0.0,15789.473684210525,0.0,0.0,0.0,9.5e-05,0.00013010764773832475,0,0,2.0,6,1,benign,0
0.020617,4,580.0,194.014648105932,28132.12397536014,124.2,113.92629196107455,0.006872333333333334,0.011898900383368764,0,0,1.0,17,1,benign,0
0.000178,3,0.0,16853.932584269663,0.0,0.0,0.0,8.9e-05,0.00012586500705120545,0,0,2.0,6,1,benign,0
0.02062,4,260.0,193.98642095053347,12609.117361784676,59.4,30.672463220289305,0.006873333333333334,0.011898900383368764,0,0,1.0,17,1,benign,0
5.308037,21,6104.0,3.9562648112663874,1149.95430514143,277.45454545454544,421.6248306676184,0.26540185,1.1175476948605054,0,1,0.0,6,1,http_get_flood,1
4.8e-05,2,0.0,41666.66666666666,0.0,0.0,0.0,4.8e-05,0.0,0,1,0.0,6,1,syn_flood,1
0.020592,4,290.0,194.25019425019423,14083.139083139084,66.6,32.3156308928048,0.006864,0.011883600590730068,0,0,1.0,17,1,benign,0
1e-06,2,0.0,2000000.0,0.0,0.0,0.0,1e-06,0.0,0,1,0.0,6,0,udp_flood,1
4.7e-05,2,0.0,42553.191489361714,0.0,0.0,0.0,4.7e-05,0.0,0,1,0.0,6,1,syn_flood,1
1e-06,2,2944.0,2000000.0,2944000000.0,1472.0,0.0,1e-06,0.0,0,0,0.0,17,6,slowloris_low_rate,1
9.989617,7,0.0,0.7007275654311872,0.0,0.0,0.0,1.6649361666666664,4.078135305633613,0,1,0.0,6,1,http_get_flood,1
0.020741,4,156.0,192.85473217299068,7521.334554746638,37.4,8.763560920082657,0.006913666666666666,0.011969625780839321,0,0,1.0,17,1,benign,0
2e-06,2,802.0,1000000.0,401000000.0,401.0,0.0,2e-06,0.0,0,0,0.0,17,8,pulsed_mixed_flood,1
1e-06,2,0.0,2000000.0,0.0,0.0,0.0,1e-06,0.0,0,1,0.0,6,1,syn_flood,1
0.001019,38,16720.0,37291.46221786065,16408243.375858689,440.0,0.0,2.754054054054055e-05,4.525888162964665e-05,0,0,0.0,17,4,icmp_flood,1
0.020625,4,196.0,193.939393939394,9503.030303030302,47.4,8.763560920082657,0.006875,0.011903519185518206,0,0,1.0,17,1,benign,0
0.000193,3,0.0,15544.041450777202,0.0,0.0,0.0,9.65e-05,0.0001336431816442575,0,0,2.0,6,1,benign,0
0.020788,4,200.0,192.41870309794112,9620.935154897055,48.4,8.763560920082657,0.006929333333333334,0.01200022534510637,0,0,1.0,17,1,benign,0
1e-06,2,2928.0,2000000.0,2928000000.0,1464.0,0.0,1e-06,0.0,0,0,0.0,17,6,slowloris_low_rate,1
1e-06,2,0.0,2000000.0,0.0,0.0,0.0,1e-06,0.0,0,1,0.0,6,1,syn_flood,1
39.000529,6,0.0,0.1538440670894489,0.0,0.0,0.0,7.8001058,10.68945107963104,0,1,0.0,6,0,udp_flood,1
0.001048,190,83600.0,181297.7099236641,79770992.36641221,440.0,0.0,5.544973544973546e-06,1.4250955123807865e-05,0,0,0.0,17,4,icmp_flood,1
0.106963,4,1398.0,37.396108934865325,13069.940072735431,345.6,21.36117974270148,0.03565433333333333,0.06171268607290832,0,0,0.0,17,8,pulsed_mixed_flood,1
1e-06,2,804.0,2000000.0,804000000.0,402.0,0.0,1e-06,0.0,0,0,0.0,17,8,pulsed_mixed_flood,1
1e-06,2,2944.0,2000000.0,2944000000.0,1472.0,0.0,1e-06,0.0,0,0,0.0,17,6,slowloris_low_rate,1
0.002633,52,22880.0,19749.33535890619,8689707.557918724,440.0,0.0,5.162745098039215e-05,0.00010809106545581161,0,0,0.0,17,4,icmp_flood,1
0.020642,4,204.0,193.77967251235344,9882.763298130028,49.4,8.763560920082657,0.006880666666666666,0.011912468104189554,0,0,1.0,17,1,benign,0
7.125202,10,0.0,1.4034689823530615,0.0,0.0,0.0,0.7916891111111112,1.4021435567888052,0,1,4.0,6,1,benign,0
0.000209,5,0.0,23923.44497607656,0.0,0.0,0.0,5.225e-05,5.919107477764982e-05,0,0,0.0,6,1,benign,0
1e-06,2,2944.0,2000000.0,2944000000.0,1472.0,0.0,1e-06,0.0,0,0,0.0,17,6,slowloris_low_rate,1
0.108695,4,1398.0,36.80022080132481,12861.67717006302,345.6,21.36117974270148,0.03623166666666667,0.0627533554587588,0,0,0.0,17,8,pulsed_mixed_flood,1
0.000751,130,57200.0,173102.52996005325,76165113.18242343,440.0,0.0,5.82170542635659e-06,1.2982830977633446e-05,0,0,0.0,17,4,icmp_flood,1
1e-06,2,2944.0,2000000.0,2944000000.0,1472.0,0.0,1e-06,0.0,0,0,0.0,17,3,dns_amplification,1
15.658187,44,14854.0,2.8100315828390605,948.6411166248048,330.0888888888888,699.1888424265202,0.3641438837209303,1.677868073659366,0,1,1.0,6,1,benign,0
1e-06,2,0.0,2000000.0,0.0,0.0,0.0,1e-06,0.0,0,1,0.0,6,1,syn_flood,1
0.000254,3,0.0,11811.023622047243,0.0,0.0,0.0,0.000127,0.0001767766952966369,0,0,2.0,6,1,benign,0
0.020783,4,410.0,192.4649954289564,19727.662031468026,91.4,60.79720388307344,0.006927666666666666,0.011995606542952855,0,0,1.0,17,1,benign,0
0.000563,14,6160.0,24866.78507992895,10941385.435168738,440.0,0.0,4.3307692307692304e-05,4.963598260567397e-05,0,0,0.0,17,4,icmp_flood,1
4.226124,15,3338.0,3.549351604448899,789.8490437100284,208.62500000000003,392.9970101667441,0.301866,1.1291254261331918,0,1,0.0,6,1,http_get_flood,1
0.020685,4,196.0,193.376843123036,9475.465313028766,47.4,8.763560920082657,0.006895,0.011937294165764702,0,0,1.0,17,1,benign,0
1e-06,2,2944.0,2000000.0,2944000000.0,1472.0,0.0,1e-06,0.0,0,0,0.0,17,6,slowloris_low_rate,1
0.020871,2,0.0,95.82674524459776,0.0,0.0,0.0,0.020871,0.0,0,0,1.0,6,1,benign,0
0.020743,4,224.0,192.836137492166,10798.823699561295,50.6,29.57701810527897,0.006914333333333334,0.0119707804813777,0,0,1.0,17,1,benign,0
1e-06,2,0.0,2000000.0,0.0,0.0,0.0,1e-06,0.0,0,1,0.0,6,1,syn_flood,1
0.020767,4,264.0,192.61328068570327,12712.476525256416,64.4,8.763560920082657,0.006922333333333334,0.011985502923671301,0,0,1.0,17,1,benign,0
6.015988,18,2232.0,2.9920272447351954,371.01137834716417,124.05263157894736,1.025978352085153,0.35388164705882347,0.9987529394210152,0,0,0.0,17,1,benign,0
0.020582,4,244.0,194.34457292780095,11855.01894859586,55.8,28.48157299026864,0.006860666666666666,0.011876095079331985,0,0,1.0,17,1,benign,0
1e-06,2,2944.0,2000000.0,2944000000.0,1472.0,0.0,1e-06,0.0,0,0,0.0,17,6,slowloris_low_rate,1
0.012943,102,44880.0,7880.707718457854,3467511.3961214563,440.0,0.0,0.0001281485148514852,0.000657566048182821,0,0,0.0,17,4,icmp_flood,1
1e-06,2,802.0,2000000.0,802000000.0,401.0,0.0,1e-06,0.0,0,0,0.0,17,8,pulsed_mixed_flood,1
17.628058,6,0.0,0.3403664771241393,0.0,0.0,0.0,3.5256116,7.883465832662485,0,1,0.0,6,0,udp_flood,1
1e-06,2,2944.0,2000000.0,2944000000.0,1472.0,0.0,1e-06,0.0,0,0,0.0,17,6,slowloris_low_rate,1
0.020565,4,288.0,194.5052273279844,14004.37636761488,66.0,32.863353450309965,0.006855,0.011868012133461949,0,0,1.0,17,1,benign,0
0.001635,82,36080.0,50152.90519877676,22067278.287461773,440.0,0.0,2.018518518518519e-05,7.993061226950397e-05,0,0,0.0,17,4,icmp_flood,1
1e-06,2,0.0,2000000.0,0.0,0.0,0.0,1e-06,0.0,0,1,0.0,6,1,syn_flood,1
0.00015,3,0.0,20000.0,0.0,0.0,0.0,7.5e-05,0.00010182337649086284,0,0,2.0,6,1,benign,0
7.9e-05,3,0.0,37974.6835443038,0.0,0.0,0.0,3.95e-05,5.1618795026617964e-05,0,0,2.0,6,1,benign,0
0.020618,4,222.0,194.00523814142983,10767.290716849357,49.4,33.411076007815126,0.006872666666666666,0.011899477733637445,0,0,1.0,17,1,benign,0
0.000124,3,0.0,24193.548387096773,0.0,0.0,0.0,6.2e-05,8.62670273047588e-05,0,0,2.0,6,1,benign,0
4.9e-05,2,2944.0,40816.32653061225,60081632.65306122,1472.0,0.0,4.9e-05,0.0,0,0,0.0,17,6,slowloris_low_rate,1
33.49484,6,0.0,0.1791320692978381,0.0,0.0,0.0,6.698968,9.644394871821873,0,1,0.0,6,0,udp_flood,1
1e-06,2,0.0,2000000.0,0.0,0.0,0.0,1e-06,0.0,0,1,0.0,6,1,syn_flood,1
0.001967,46,19808.0,23385.86680223691,10070157.60040671,430.80851063829766,44.070417119933005,4.3711111111111084e-05,6.0446679065942167e-05,0,0,0.0,17,4,icmp_flood,1
2e-06,2,2944.0,1000000.0,1472000000.0,1472.0,0.0,2e-06,0.0,0,0,0.0,17,3,dns_amplification,1
4.9e-05,2,0.0,40816.32653061225,0.0,0.0,0.0,4.9e-05,0.0,0,1,0.0,6,0,udp_flood,1
0.001921,62,27280.0,32274.856845393024,14200937.01197293,440.0,0.0,3.1491803278688534e-05,8.846385758240853e-05,0,0,0.0,17,4,icmp_flood,1
1e-06,2,1136.0,2000000.0,1136000000.0,568.0,0.0,1e-06,0.0,0,0,0.0,17,3,dns_amplification,1
0.000302,70,30800.0,231788.07947019863,101986754.9668874,440.0,0.0,4.376811594202898e-06,1.1707339891351421e-05,0,0,0.0,17,4,icmp_flood,1
0.001539,4,123.0,2599.0903183885644,79922.02729044834,33.8,19.979989989987484,0.000513,0.0008842120786327226,0,0,0.0,6,1,benign,0
0.037887,200,88000.0,5278.855544118036,2322696.439411936,440.0,0.0,0.00019038693467336685,0.0011475323309325556,0,0,0.0,17,4,icmp_flood,1
1e-06,2,0.0,2000000.0,0.0,0.0,0.0,1e-06,0.0,0,1,0.0,6,0,udp_flood,1
1e-06,2,2896.0,2000000.0,2896000000.0,1448.0,0.0,1e-06,0.0,0,0,0.0,17,3,dns_amplification,1
0.000328,3,62.0,9146.341463414634,189024.3902439024,23.25,15.5,0.000164,0.0002276883835420683,0,0,0.0,6,1,benign,0
104.659898,20,0.0,0.1910951604405347,0.0,0.0,0.0,5.508415684210526,7.581708795272922,0,1,0.0,6,1,syn_flood,1
0.21675,6,2088.0,27.681660899653977,9633.217993079585,344.1428571428572,33.61759743263722,0.04335,0.059378117732882034,0,0,0.0,17,8,pulsed_mixed_flood,1
0.105488,4,1438.0,37.919005005308655,13631.882299408464,353.6,32.3156308928048,0.03516266666666667,0.060901793145467675,0,0,0.0,17,8,pulsed_mixed_flood,1
0.020715,4,484.0,193.0967897658701,23364.711561670287,105.2,86.54016408581623,0.006905,0.011954614673840392,0,0,1.0,17,1,benign,0
5.002555,15,3484.0,2.9984677829629063,696.4441170561843,217.75,403.2483932598698,0.35732535714285724,1.3366292943289277,0,1,0.0,6,1,http_get_flood,1
1e-06,2,2304.0,2000000.0,2304000000.0,1152.0,0.0,1e-06,0.0,0,0,0.0,17,6,slowloris_low_rate,1
1e-06,2,2944.0,2000000.0,2944000000.0,1472.0,0.0,1e-06,0.0,0,0,0.0,17,6,slowloris_low_rate,1
0.020828,4,328.0,192.04916458613403,15748.031496062991,74.2,42.72235948540296,0.006942666666666666,0.012021587305066389,0,0,1.0,17,1,benign,0
1e-06,2,2944.0,2000000.0,2944000000.0,1472.0,0.0,1e-06,0.0,0,0,0.0,17,3,dns_amplification,1
0.020771,4,264.0,192.57618795435943,12710.028404987725,64.4,8.763560920082657,0.006923666666666666,0.011987812324746052,0,0,1.0,17,1,benign,0
5.536635,21,5868.0,3.7929175392634695,1059.8495295427638,266.72727272727275,401.49342422631247,0.27683175,1.1191472594618341,0,1,0.0,6,1,http_get_flood,1
1e-06,2,31.0,2000000.0,31000000.0,20.666666666666664,17.8978583448784,1e-06,0.0,0,0,0.0,6,1,benign,0
115.498308,59,2306.0,0.5108299941502173,19.965660449328837,38.43333333333333,147.7161004348666,1.9913501379310343,3.9644934111422616,0,1,0.0,6,1,benign,0
0.02085,4,268.0,191.84652278177452,12853.717026378896,60.0,38.34057902536164,0.00695,0.012033422995972508,0,0,1.0,17,1,benign,0
0.055429,4,0.0,72.1643904815169,0.0,0.0,0.0,0.018476333333333327,0.02107507993658229,0,0,3.0,6,1,benign,0
1e-06,2,2944.0,2000000.0,2944000000.0,1472.0,0.0,1e-06,0.0,0,0,0.0,17,6,slowloris_low_rate,1
116.528414,79,34476.0,0.6779462389319055,295.859171309068,430.95,731.0276778773732,1.4939540256410255,9.228560041414458,0,1,1.0,6,1,benign,0
0.020693,4,184.0,193.3020828299425,8891.895810177355,43.2,15.336231610144653,0.006897666666666666,0.011942779003788581,0,0,1.0,17,1,benign,0
0.000928,40,17600.0,43103.44827586207,18965517.24137931,440.0,0.0,2.379487179487179e-05,9.6722658175778e-05,0,0,0.0,17,4,icmp_flood,1
0.055025,4,320.0,72.69422989550205,5815.538391640163,70.4,52.58136552049595,0.018341666666666666,0.03176350240973645,0,0,1.0,17,1,benign,0
0.000131,3,0.0,22900.763358778622,0.0,0.0,0.0,6.55e-05,8.980256121069154e-05,0,0,2.0,6,1,benign,0
0.020821,4,328.0,192.1137313289468,15753.325968973631,74.2,42.72235948540296,0.006940333333333334,0.012016679838180479,0,0,1.0,17,1,benign,0
20.272116,4,0.0,0.1973153665853135,0.0,0.0,0.0,6.757372,11.704110763617928,0,1,0.0,6,0,udp_flood,1
1e-06,2,31.0,2000000.0,31000000.0,20.666666666666664,17.8978583448784,1e-06,0.0,0,0,0.0,6,1,benign,0
0.02066,4,226.0,193.6108422071636,10939.012584704742,52.0,24.647515087732486,0.006886666666666666,0.011922860409034963,0,0,1.0,17,1,benign,0
0.020949,4,284.0,190.93990166595063,13556.733018282495,65.4,30.672463220289305,0.006983,0.0120931787384459,0,0,1.0,17,1,benign,0
0.054664,2,0.0,36.58715059271184,0.0,0.0,0.0,0.054664,0.0,0,0,1.0,6,1,benign,0
0.000221,5,62.0,22624.434389140268,280542.98642533936,10.333333333333334,16.00833116432399,5.525000000000001e-05,0.00010650312984446356,0,0,0.0,6,1,benign,0
3e-06,2,0.0,666666.6666666665,0.0,0.0,0.0,3e-06,0.0,0,1,0.0,6,1,syn_flood,1
1e-06,2,2944.0,2000000.0,2944000000.0,1472.0,0.0,1e-06,0.0,0,0,0.0,17,3,dns_amplification,1
5e-05,2,0.0,40000.0,0.0,0.0,0.0,5e-05,0.0,0,1,0.0,6,0,udp_flood,1
1e-06,2,2944.0,2000000.0,2944000000.0,1472.0,0.0,1e-06,0.0,0,0,0.0,17,6,slowloris_low_rate,1
0.000172,3,0.0,17441.860465116282,0.0,0.0,0.0,8.6e-05,0.00011879393923933998,0,0,2.0,6,1,benign,0
0.054625,2,0.0,36.61327231121282,0.0,0.0,0.0,0.054625,0.0,0,0,1.0,6,1,benign,0
116.687177,42,2928.0,0.3599367220958649,25.092731483254585,71.09302325581395,108.22437317982542,2.846028707317073,12.686354189831276,0,0,1.0,6,1,benign,0
0.020615,4,272.0,194.0334707737084,13194.276012612172,61.6,35.05424368033063,0.006871666666666666,0.011897745682831406,0,0,1.0,17,1,benign,0
0.107615,4,1398.0,37.16953956232867,12990.754077033873,345.6,21.36117974270148,0.03587166666666667,0.062129817168034,0,0,0.0,17,8,pulsed_mixed_flood,1
0.001605,186,81840.0,115887.85046728973,50990654.20560747,440.0,0.0,8.675675675675675e-06,1.76395893272313e-05,0,0,0.0,17,4,icmp_flood,1
0.000424,5,154.0,11792.452830188678,363207.5471698113,33.333333333333336,17.90716802475106,0.000106,0.00020800480763674667,0,0,0.0,6,1,benign,0
0.045354,4,262.0,88.19508753362439,5776.778233452397,61.4,22.456624857711805,0.015118,0.0261790819357746,0,0,1.0,17,1,benign,0
30.323991,6,0.0,0.1978631374742196,0.0,0.0,0.0,6.0647982,8.36917742003745,0,1,0.0,6,0,udp_flood,1
1e-06,2,726.0,2000000.0,726000000.0,363.0,0.0,1e-06,0.0,0,0,0.0,17,8,pulsed_mixed_flood,1
42.129866,8,0.0,0.1898890445082356,0.0,0.0,0.0,6.018552285714286,10.417413371446719,0,1,0.0,6,0,udp_flood,1
0.000226,3,0.0,13274.33628318584,0.0,0.0,0.0,0.000113,0.00015697770542341352,0,0,0.0,6,1,benign,0
1e-06,2,0.0,2000000.0,0.0,0.0,0.0,1e-06,0.0,0,1,0.0,6,1,syn_flood,1
15.481416,29,20228.0,1.873213664693204,1306.598827910832,674.2666666666665,1013.0825929952036,0.5529077142857143,2.0735524806872414,0,1,1.0,6,1,benign,0
1e-06,2,766.0,2000000.0,766000000.0,383.0,0.0,1e-06,0.0,0,0,0.0,17,8,pulsed_mixed_flood,1
1e-06,2,31.0,2000000.0,31000000.0,20.666666666666664,17.8978583448784,1e-06,0.0,0,0,0.0,6,1,benign,0
1e-06,2,2944.0,2000000.0,2944000000.0,1472.0,0.0,1e-06,0.0,0,0,0.0,17,3,dns_amplification,1
0.054827,2,0.0,36.47837744177139,0.0,0.0,0.0,0.054827,0.0,0,0,1.0,6,1,benign,0
2e-06,2,0.0,1000000.0,0.0,0.0,0.0,2e-06,0.0,0,1,0.0,6,0,udp_flood,1
0.020669,4,132.0,193.52653732643088,6386.375731772219,31.4,8.763560920082657,0.006889666666666666,0.011928922597340186,0,0,1.0,17,1,benign,0
0.020555,4,304.0,194.59985405010943,14789.588907808318,69.4,36.14968879534096,0.006851666666666666,0.011862238630770048,0,0,1.0,17,1,benign,0
1e-06,2,750.0,2000000.0,750000000.0,375.0,0.0,1e-06,0.0,0,0,0.0,17,8,pulsed_mixed_flood,1
1e-06,2,2944.0,2000000.0,2944000000.0,1472.0,0.0,1e-06,0.0,0,0,0.0,17,6,slowloris_low_rate,1
1e-06,2,2944.0,2000000.0,2944000000.0,1472.0,0.0,1e-06,0.0,0,0,0.0,17,3,dns_amplification,1
0.000105,4,0.0,38095.23809523808,0.0,0.0,0.0,3.5e-05,2.9715315916207252e-05,0,1,1.0,6,0,udp_flood,1
6e-06,8,2944.0,1333333.333333333,490666666.6666666,376.0,126.99606293110035,8.571428571428572e-07,3.779644730092273e-07,0,0,0.0,17,4,icmp_flood,1
0.106871,4,1438.0,37.42830141011125,13455.474356934998,353.6,32.3156308928048,0.03562366666666667,0.061700268567756934,0,0,0.0,17,8,pulsed_mixed_flood,1
0.020673,4,156.0,193.4890920524356,7546.074590044986,37.4,8.763560920082657,0.006891,0.011930365962534425,0,0,1.0,17,1,benign,0
0.000195,5,37.0,25641.02564102564,189743.5897435897,6.166666666666668,15.105186747162929,4.875e-05,5.984633099308039e-05,0,0,4.0,6,1,benign,0
0.054712,4,84.0,73.11010381634742,1535.3121801432958,16.8,23.004347415216976,0.018237333333333335,0.031584523842118205,0,0,3.0,6,1,benign,0
0.215491,6,2088.0,27.843390211192123,9689.499793494855,344.1428571428572,33.61759743263722,0.043098199999999996,0.059034458358656935,0,0,0.0,17,8,pulsed_mixed_flood,1
1e-06,2,0.0,2000000.0,0.0,0.0,0.0,1e-06,0.0,0,1,0.0,6,0,udp_flood,1
0.020634,4,320.0,193.85480275273815,15508.384220219055,70.4,52.58136552049595,0.006878,0.01190871533793633,0,0,1.0,17,1,benign,0
1e-06,2,2944.0,2000000.0,2944000000.0,1472.0,0.0,1e-06,0.0,0,0,0.0,17,6,slowloris_low_rate,1
7.220181,4,0.0,0.5540027320644731,0.0,0.0,0.0,2.406727,4.168571711897013,0,1,0.0,6,1,syn_flood,1
2e-06,2,2944.0,1000000.0,1472000000.0,1472.0,0.0,2e-06,0.0,0,0,0.0,17,3,dns_amplification,1
0.000113,3,0.0,26548.67256637168,0.0,0.0,0.0,5.65e-05,7.848885271170676e-05,0,0,2.0,6,1,http_get_flood,1
0.020633,4,220.0,193.8641981292105,10662.530897106575,50.2,26.290682760247968,0.0068776666666666665,0.011907271951766845,0,0,1.0,17,1,benign,0
2e-06,2,2944.0,1000000.0,1472000000.0,1472.0,0.0,2e-06,0.0,0,0,0.0,17,6,slowloris_low_rate,1
0.020555,4,312.0,194.59985405010943,15178.788615908536,69.6,46.00869483043395,0.006851666666666666,0.011862238630770048,0,0,1.0,17,1,benign,0
0.020779,4,200.0,192.5020453342317,9625.102266711585,48.4,8.763560920082657,0.006926333333333334,0.011995029192683663,0,0,1.0,17,1,benign,0
1e-06,2,0.0,2000000.0,0.0,0.0,0.0,1e-06,0.0,0,1,0.0,6,0,udp_flood,1
0.000102,4,0.0,39215.68627450981,0.0,0.0,0.0,3.4e-05,2.8618176042508373e-05,0,1,1.0,6,0,udp_flood,1
2e-06,2,802.0,1000000.0,401000000.0,401.0,0.0,2e-06,0.0,0,0,0.0,17,8,pulsed_mixed_flood,1
0.055627,2,0.0,35.9537634601902,0.0,0.0,0.0,0.055627,0.0,0,0,1.0,6,1,benign,0
5.484815,7,64.0,1.2762508853990515,11.668579523648472,8.125,14.12634317254722,0.9141358333333336,2.22907012992516,0,0,0.0,6,1,benign,0
1e-06,2,766.0,2000000.0,766000000.0,383.0,0.0,1e-06,0.0,0,0,0.0,17,8,pulsed_mixed_flood,1
0.0206,4,262.0,194.17475728155335,12718.446601941749,61.4,22.456624857711805,0.006866666666666666,0.011889085428801214,0,0,1.0,17,1,benign,0
0.001666,5,76.0,3001.200480192077,45618.24729891957,19.0,20.81345718519632,0.0004165,0.0007060375344130084,0,0,0.0,6,1,benign,0
1.4e-05,2,880.0,142857.14285714287,62857142.85714286,440.0,0.0,1.4e-05,0.0,0,0,0.0,17,4,icmp_flood,1
117.878512,90,8664.0,0.7634979308188078,73.4994008068239,95.20879120879124,201.7378671270395,1.324477662921348,8.70739564863679,0,1,1.0,6,1,benign,0
0.055035,18,6478.0,327.0645952575634,117706.91378213864,340.9473684210526,682.0080215953973,0.0032373529411764703,0.008127052078868885,0,1,1.0,6,1,benign,0
1e-06,2,2944.0,2000000.0,2944000000.0,1472.0,0.0,1e-06,0.0,0,0,0.0,17,3,dns_amplification,1
0.020742,4,328.0,192.84543438434096,15813.325619515956,74.2,42.72235948540296,0.006914,0.011970203131108508,0,0,1.0,17,1,benign,0
0.02061,4,132.0,194.0805434255216,6404.657933042213,31.4,8.763560920082657,0.00687,0.011894858931488004,0,0,1.0,17,1,benign,0
1e-06,2,766.0,2000000.0,766000000.0,383.0,0.0,1e-06,0.0,0,0,0.0,17,0,udp_flood,1
0.020574,4,196.0,194.4201419267036,9526.586954408478,47.4,8.763560920082657,0.006858,0.011874074321815576,0,0,1.0,17,1,benign,0
0.000141,34,14528.0,241134.7517730496,103035460.9929078,427.6571428571429,50.86888732298939,4.272727272727273e-06,1.069834311725631e-05,0,0,0.0,17,4,icmp_flood,1
0.02066,4,706.0,193.6108422071636,34172.31364956437,150.8,140.7646972788277,0.006886666666666666,0.011923726444922046,0,0,1.0,17,1,benign,0
2e-06,4,76.0,2000000.0,38000000.0,22.8,20.81345718519632,6.666666666666666e-07,5.773502691896258e-07,0,0,1.0,6,1,benign,0
1e-06,2,0.0,2000000.0,0.0,0.0,0.0,1e-06,0.0,0,1,0.0,6,1,syn_flood,1
0.02071,4,504.0,193.1434089811685,24336.06953162724,107.4,101.87639569596092,0.006903333333333334,0.011951727922494439,0,0,1.0,17,1,benign,0
0.024901,3,0.0,120.47708927352316,0.0,0.0,0.0,0.0124505,0.0176034233176391,0,0,2.0,6,1,benign,0
0.107458,4,1438.0,37.22384559548847,13381.972491578104,353.6,32.3156308928048,0.03581933333333333,0.062038307152382316,0,0,0.0,17,8,pulsed_mixed_flood,1
1e-06,2,0.0,2000000.0,0.0,0.0,0.0,1e-06,0.0,0,1,0.0,6,0,udp_flood,1
2e-06,2,2944.0,1000000.0,1472000000.0,1472.0,0.0,2e-06,0.0,0,0,0.0,17,6,slowloris_low_rate,1
0.14869,27,7397.0,181.58584975452283,49747.797430896506,264.17857142857144,560.1456856510091,0.005718846153846153,0.013013342133955622,0,1,0.0,6,1,benign,0
0.020566,4,184.0,194.49576971700864,8946.805406982397,43.2,15.336231610144653,0.006855333333333334,0.011868589483731136,0,0,1.0,17,1,benign,0
0.040152,2,0.0,49.81071926678622,0.0,0.0,0.0,0.040152,0.0,0,0,1.0,6,1,benign,0
0.020633,2,0.0,96.93209906460524,0.0,0.0,0.0,0.020633,0.0,0,0,1.0,6,1,benign,0
15.52191,60,50004.0,3.8655036654638506,3221.510754797573,819.7377049180327,1116.4628057939558,0.26308322033898307,1.4380305276306882,0,1,1.0,6,1,benign,0
0.00028,4,0.0,14285.714285714286,0.0,0.0,0.0,9.333333333333332e-05,8.433465084609845e-05,0,0,3.0,6,1,benign,0
1e-06,2,2944.0,2000000.0,2944000000.0,1472.0,0.0,1e-06,0.0,0,0,0.0,17,6,slowloris_low_rate,1
0.000165,3,0.0,18181.81818181818,0.0,0.0,0.0,8.25e-05,0.00011384419177103415,0,0,2.0,6,1,benign,0
0.000116,4,0.0,34482.758620689645,0.0,0.0,0.0,3.8666666666666674e-05,3.37243729865113e-05,0,1,1.0,6,1,syn_flood,1
1e-06,2,1984.0,2000000.0,1984000000.0,992.0,0.0,1e-06,0.0,0,0,0.0,17,6,slowloris_low_rate,1
0.000236,2,2944.0,8474.57627118644,12474576.27118644,1472.0,0.0,0.000236,0.0,0,0,0.0,17,3,dns_amplification,1
1.104229,38,24770.0,34.413151619817995,22431.94120060241,635.1282051282053,1005.1058645338696,0.029844027027027025,0.1599189223088247,0,1,1.0,6,1,benign,0
2e-06,2,2944.0,1000000.0,1472000000.0,1472.0,0.0,2e-06,0.0,0,0,0.0,17,6,slowloris_low_rate,1
0.020667,4,280.0,193.5452653989452,13548.168577926162,64.6,29.57701810527897,0.006889,0.01192690186091929,0,0,1.0,17,1,benign,0
14.340339,12,0.0,0.8368003015828287,0.0,0.0,0.0,1.3036671818181822,2.5572862482115215,0,1,5.0,6,1,benign,0
0.054852,3,0.0,54.692627433821926,0.0,0.0,0.0,0.027426,0.03878197852095738,0,0,2.0,6,1,benign,0
1e-06,2,0.0,2000000.0,0.0,0.0,0.0,1e-06,0.0,0,1,0.0,6,1,syn_flood,1
116.643842,244,181300.0,2.091837818579398,1554.3040840510034,740.0,938.0139290797024,0.4800158106995885,5.247683872737845,0,1,1.0,6,1,benign,0
0.032323,4,0.0,123.750889459518,0.0,0.0,0.0,0.010774333333333332,0.018658228676198964,0,0,3.0,6,1,benign,0
0.034768,5,76.0,143.81040036815463,2185.9180855959507,19.0,20.81345718519632,0.008692,0.017215736715768704,0,0,0.0,6,1,benign,0
118.518049,65,11622.0,0.5484396726780407,98.06101347483369,176.09090909090915,432.5710160379263,1.851844515625,10.249663355309684,0,1,1.0,6,1,benign,0
1e-06,2,2944.0,2000000.0,2944000000.0,1472.0,0.0,1e-06,0.0,0,0,0.0,17,6,slowloris_low_rate,1
0.055072,4,236.0,72.63219058686809,4285.299244625217,56.2,15.336231610144653,0.018357333333333337,0.03178977185091666,0,0,1.0,17,1,benign,0
1.454199,9,762.0,6.188974136277086,523.9998102047931,76.19999999999997,160.64370513655368,0.181774875,0.4920415459446018,0,1,0.0,6,1,benign,0
2e-06,2,2944.0,1000000.0,1472000000.0,1472.0,0.0,2e-06,0.0,0,0,0.0,17,6,slowloris_low_rate,1
117.258818,61,9248.0,0.5202167396911676,78.86826899449045,149.16129032258058,392.4194892282703,1.954313633333333,10.570577315403893,0,1,0.0,6,1,benign,0
0.000176,3,0.0,17045.454545454544,0.0,0.0,0.0,8.8e-05,0.0001216223663640862,0,0,2.0,6,1,benign,0
0.020668,4,256.0,193.5359009096188,12386.2976582156,61.2,15.336231610144653,0.006889333333333334,0.01192747921118848,0,0,1.0,17,1,benign,0
1e-06,2,0.0,2000000.0,0.0,0.0,0.0,1e-06,0.0,0,1,0.0,6,0,udp_flood,1
0.000363,6,2690.0,16528.92561983471,7410468.319559229,444.8571428571429,29.74574799546185,7.259999999999999e-05,0.00011479677695824044,0,0,0.0,17,8,pulsed_mixed_flood,1
4.32066,15,3334.0,3.4716918248600908,771.6413696055695,208.375,392.7346644576548,0.3086185714285714,1.1544105173122716,0,1,0.0,6,1,http_get_flood,1
0.020586,4,132.0,194.3068104537064,6412.124744972311,31.4,8.763560920082657,0.006862,0.011879270474233676,0,0,1.0,17,1,benign,0
0.02068,4,172.0,193.4235976789168,8317.214700193423,41.4,8.763560920082657,0.006893333333333334,0.011936139507115912,0,0,1.0,17,1,benign,0
0.000211,3,0.0,14218.009478672986,0.0,0.0,0.0,0.0001055,0.00014495689014324225,0,0,2.0,6,1,benign,0
1e-06,2,2944.0,2000000.0,2944000000.0,1472.0,0.0,1e-06,0.0,0,0,0.0,17,3,dns_amplification,1
1e-06,2,802.0,2000000.0,802000000.0,401.0,0.0,1e-06,0.0,0,0,0.0,17,0,udp_flood,1
0.000166,3,0.0,18072.289156626503,0.0,0.0,0.0,8.3e-05,5.232590180780453e-05,0,0,2.0,6,1,benign,0
0.005109,156,68640.0,30534.35114503817,13435114.503816796,440.0,0.0,3.2961290322580645e-05,7.147716771681543e-05,0,0,0.0,17,4,icmp_flood,1
0.00706,176,77440.0,24929.17847025496,10968838.52691218,440.0,0.0,4.034285714285712e-05,9.664419363936778e-05,0,0,0.0,17,4,icmp_flood,1
1e-06,2,0.0,2000000.0,0.0,0.0,0.0,1e-06,0.0,0,1,0.0,6,0,udp_flood,1
1e-06,2,1472.0,2000000.0,1472000000.0,736.0,0.0,1e-06,0.0,0,0,0.0,17,6,slowloris_low_rate,1
1e-06,2,31.0,2000000.0,31000000.0,20.666666666666664,17.8978583448784,1e-06,0.0,0,0,0.0,6,1,benign,0
5.1e-05,2,2944.0,39215.68627450981,57725490.19607844,1472.0,0.0,5.1e-05,0.0,0,0,0.0,17,6,slowloris_low_rate,1
0.000188,3,0.0,15957.44680851064,0.0,0.0,0.0,9.4e-05,0.00013010764773832475,0,0,2.0,6,1,benign,0
0.000175,3,0.0,17142.85714285714,0.0,0.0,0.0,8.75e-05,0.00011950104602052652,0,0,0.0,6,1,benign,0
0.108519,4,1438.0,36.85990471714632,13251.135745814096,353.6,32.3156308928048,0.036173,0.06265174181138143,0,0,0.0,17,8,pulsed_mixed_flood,1
0.001068,4,123.0,3745.3183520599255,115168.53932584268,33.8,19.979989989987484,0.000356,0.000612280164630539,0,0,0.0,6,1,benign,0
2e-06,2,2944.0,1000000.0,1472000000.0,1472.0,0.0,2e-06,0.0,0,0,0.0,17,3,dns_amplification,1
5e-05,2,0.0,40000.0,0.0,0.0,0.0,5e-05,0.0,0,1,0.0,6,1,syn_flood,1
0.00417,34,14528.0,8153.477218225418,3483932.8537170263,427.6571428571429,50.86888732298939,0.0001263636363636364,0.0006994288213509392,0,0,0.0,17,4,icmp_flood,1
0.000131,3,0.0,22900.763358778622,0.0,0.0,0.0,6.55e-05,8.980256121069154e-05,0,0,2.0,6,1,benign,0
0.020597,4,286.0,194.2030392775647,13885.517308345876,64.6,37.79285646785646,0.006865666666666666,0.011886487342076016,0,0,1.0,17,1,benign,0
0.000224,52,22304.0,232142.8571428572,99571428.57142857,429.13207547169816,55.40551129759604,4.392156862745097e-06,1.1550027586759348e-05,0,0,0.0,17,4,icmp_flood,1
1e-06,2,766.0,2000000.0,766000000.0,383.0,0.0,1e-06,0.0,0,0,0.0,17,8,pulsed_mixed_flood,1
1e-06,2,802.0,2000000.0,802000000.0,401.0,0.0,1e-06,0.0,0,0,0.0,17,8,pulsed_mixed_flood,1
0.000272,3,0.0,11029.411764705885,0.0,0.0,0.0,0.000136,0.00018950461735799478,0,0,2.0,6,1,benign,0
4.9e-05,2,0.0,40816.32653061225,0.0,0.0,0.0,4.9e-05,0.0,0,1,0.0,6,1,syn_flood,1
1e-06,2,2944.0,2000000.0,2944000000.0,1472.0,0.0,1e-06,0.0,0,0,0.0,17,3,dns_amplification,1
0.02067,4,256.0,193.5171746492501,12385.099177552009,58.8,28.48157299026864,0.00689,0.01193036600444429,0,0,1.0,17,1,benign,0
1e-06,2,2944.0,2000000.0,2944000000.0,1472.0,0.0,1e-06,0.0,0,0,0.0,17,6,slowloris_low_rate,1
0.020815,4,404.0,192.16910881575785,19409.079990391543,92.8,44.913249715423625,0.006938333333333334,0.01201581380237449,0,0,1.0,17,1,benign,0
0.020805,4,204.0,192.2614756068253,9805.33525594809,49.4,8.763560920082657,0.006935,0.011968493180012259,0,0,1.0,17,1,benign,0
0.110155,4,1438.0,36.31246879397214,13054.33253143298,353.6,32.3156308928048,0.036718333333333325,0.06359628685177567,0,0,0.0,17,8,pulsed_mixed_flood,1
1e-06,2,2944.0,2000000.0,2944000000.0,1472.0,0.0,1e-06,0.0,0,0,0.0,17,6,slowloris_low_rate,1
0.106814,4,1398.0,37.44827457074915,13088.171962476828,345.6,21.36117974270148,0.03560466666666667,0.06163445356562621,0,0,0.0,17,8,pulsed_mixed_flood,1
0.000114,3,0.0,26315.78947368421,0.0,0.0,0.0,5.7e-05,7.636753236814713e-05,0,0,2.0,6,1,http_get_flood,1
0.057258,4,0.0,69.85923364420692,0.0,0.0,0.0,0.019086,0.030203944328514448,0,0,3.0,6,1,benign,0
7.136167,10,0.0,1.4013124973112316,0.0,0.0,0.0,0.7929074444444445,1.411009283045926,0,1,4.0,6,1,benign,0
4.5175,15,3326.0,3.3204205866076366,736.2479247371332,207.875,392.2130161022196,0.3226785714285714,1.2069974979833678,0,1,0.0,6,1,http_get_flood,1
0.072985,4,204.0,54.80578201000206,2795.094882510105,49.4,8.763560920082657,0.024328333333333337,0.042132713244382135,0,0,1.0,17,1,benign,0
4.8e-05,2,0.0,41666.66666666666,0.0,0.0,0.0,4.8e-05,0.0,0,1,0.0,6,1,syn_flood,1
0.063054,9,1034.0,142.73479874393377,16398.642433469726,103.4,217.98634004094032,0.00788175,0.015183746608509659,0,1,0.0,6,1,benign,0
6.6e-05,8,3520.0,121212.1212121212,53333333.33333333,440.0,0.0,9.42857142857143e-06,1.9234146223640424e-05,0,0,0.0,17,4,icmp_flood,1
1e-06,2,0.0,2000000.0,0.0,0.0,0.0,1e-06,0.0,0,1,0.0,6,1,syn_flood,1
0.045241,4,282.0,88.41537543378794,6233.28396808205,64.4,33.411076007815126,0.015080333333333333,0.02611557340617536,0,0,1.0,17,1,benign,0
1e-06,2,2944.0,2000000.0,2944000000.0,1472.0,0.0,1e-06,0.0,0,0,0.0,17,3,dns_amplification,1
7e-05,3,0.0,42857.14285714286,0.0,0.0,0.0,3.5e-05,4.6669047558312137e-05,0,0,2.0,6,1,benign,0
9.9e-05,4,0.0,40404.04040404041,0.0,0.0,0.0,3.3e-05,5.5425625842204075e-05,0,1,1.0,6,0,udp_flood,1
0.108779,4,1398.0,36.77180338116733,12851.745281717978,345.6,21.36117974270148,0.03625966666666667,0.06280098685795737,0,0,0.0,17,8,pulsed_mixed_flood,1
0.054872,4,196.0,72.89692374981776,3571.9492637410704,47.4,8.763560920082657,0.018290666666666663,0.03167516781855044,0,0,1.0,17,1,benign,0
0.02054,4,188.0,194.7419668938656,9152.872444011686,45.4,8.763560920082657,0.006846666666666666,0.011853578376732206,0,0,1.0,17,1,benign,0
1e-06,2,2944.0,2000000.0,2944000000.0,1472.0,0.0,1e-06,0.0,0,0,0.0,17,6,slowloris_low_rate,1
4.9e-05,2,0.0,40816.32653061225,0.0,0.0,0.0,4.9e-05,0.0,0,1,0.0,6,1,syn_flood,1
0.000105,28,11744.0,266666.6666666666,111847619.04761904,420.1379310344828,74.26964585593836,3.88888888888889e-06,1.1008155484888787e-05,0,0,0.0,17,4,icmp_flood,1
0.00017,3,0.0,17647.05882352941,0.0,0.0,0.0,8.5e-05,0.0001159655121145938,0,0,2.0,6,1,benign,0
0.020557,4,286.0,194.58092134066257,13912.535875857371,65.4,33.411076007815126,0.0068523333333333335,0.01186425936724806,0,0,1.0,17,1,benign,0
1e-06,2,2944.0,2000000.0,2944000000.0,1472.0,0.0,1e-06,0.0,0,0,0.0,17,3,dns_amplification,1
0.000115,3,0.0,26086.956521739125,0.0,0.0,0.0,5.75e-05,7.848885271170676e-05,0,0,2.0,6,1,benign,0
0.150598,196,86240.0,1301.478107278981,572650.3672027517,440.0,0.0,0.0007722974358974354,0.005012580165052314,0,0,0.0,17,4,icmp_flood,1
2e-06,2,2944.0,1000000.0,1472000000.0,1472.0,0.0,2e-06,0.0,0,0,0.0,17,6,slowloris_low_rate,1
0.499583,4,0.0,8.006677569092624,0.0,0.0,0.0,0.16652766666666663,0.28843264748348674,0,0,0.0,6,1,benign,0
118.055829,69,12362.0,0.5844692344670249,104.71316922436756,176.6,425.61213887014907,1.7361151323529411,9.9797664911261,0,1,0.0,6,1,benign,0
0.0027,116,51040.0,42962.96296296296,18903703.703703698,440.0,0.0,2.3478260869565212e-05,0.00010986709258024724,0,0,0.0,17,4,icmp_flood,1
1e-06,2,0.0,2000000.0,0.0,0.0,0.0,1e-06,0.0,0,1,0.0,6,1,syn_flood,1
115.719211,59,2306.0,0.5098548416476846,19.92754686168747,38.43333333333333,147.7161004348666,1.9951588103448272,3.9660530543810255,0,1,0.0,6,1,benign,0
0.213876,27,11376.0,126.24137350614374,53189.698703921895,406.28571428571433,730.3935447132112,0.008226,0.0204625207068924,0,1,1.0,6,1,benign,0
0.045775,4,286.0,87.38394320043692,6247.951938831239,65.4,33.411076007815126,0.015258333333333332,0.026423878449866767,0,0,1.0,17,1,benign,0
15.2254,19,1158.0,1.2479146689085343,76.05711508400438,57.90000000000001,124.65991631973009,0.8458555555555555,2.553446198948468,0,1,0.0,6,1,benign,0
4.8e-05,2,0.0,41666.66666666666,0.0,0.0,0.0,4.8e-05,0.0,0,1,0.0,6,1,syn_flood,1
110.480967,161,84390.0,1.4572645802421331,763.8419746995877,520.9259259259256,854.5956405017903,0.69050604375,2.399812635019067,0,1,1.0,6,1,benign,0
4.74632,15,3502.0,3.160343171130476,737.8347856865952,218.87500000000003,404.6006879216428,0.33902285714285724,1.2681516396207309,0,1,0.0,6,1,http_get_flood,1
0.00021,3,0.0,14285.714285714284,0.0,0.0,0.0,0.000105,0.0001456639969244288,0,0,2.0,6,1,benign,0
116.596545,371,273366.0,3.1819124657595985,2344.546315673419,734.8548387096773,950.9243823920688,0.3151257972972973,4.259948298332334,0,1,0.0,6,1,benign,0
0.000238,3,0.0,12605.04201680672,0.0,0.0,0.0,0.000119,0.00016546298679765212,0,0,2.0,6,1,benign,0
14.340325,12,0.0,0.8368011185241617,0.0,0.0,0.0,1.303665909090909,2.557308558306973,0,1,5.0,6,1,benign,0
0.020602,4,240.0,194.1559071934764,11649.354431608584,58.4,8.763560920082657,0.006867333333333334,0.011890240129338571,0,0,1.0,17,1,benign,0
0.020524,4,160.0,194.89378288832583,7795.751315533033,38.4,8.763560920082657,0.006841333333333334,0.011846072865440819,0,0,1.0,17,1,benign,0
1e-06,2,750.0,2000000.0,750000000.0,375.0,0.0,1e-06,0.0,0,0,0.0,17,8,pulsed_mixed_flood,1
116.612729,81,18066.0,0.6946068469077676,154.92305303994732,220.3170731707316,465.4524648004978,1.4576591125,9.119422607464822,0,1,0.0,6,1,benign,0
3e-06,2,0.0,666666.6666666665,0.0,0.0,0.0,3e-06,0.0,0,0,0.0,6,1,benign,0
0.020696,4,172.0,193.27406262079631,8310.78469269424,41.4,8.763560920082657,0.006898666666666666,0.01194364501872579,0,0,1.0,17,1,benign,0
0.218027,27,11352.0,123.83787329092269,52066.94583698348,405.4285714285714,730.0802304248094,0.008385653846153848,0.02097352652072094,0,1,1.0,6,1,benign,0
2e-06,2,2944.0,1000000.0,1472000000.0,1472.0,0.0,2e-06,0.0,0,0,0.0,17,3,dns_amplification,1
2e-06,2,2944.0,1000000.0,1472000000.0,1472.0,0.0,2e-06,0.0,0,0,0.0,17,3,dns_amplification,1
1e-06,2,2944.0,2000000.0,2944000000.0,1472.0,0.0,1e-06,0.0,0,0,0.0,17,3,dns_amplification,1
0.053541,17,1868.0,317.51368110420054,34889.15037074392,103.77777777777776,151.2386332357131,0.0033463125000000003,0.008380459682847554,0,1,0.0,6,1,benign,0
0.000219,3,0.0,13698.6301369863,0.0,0.0,0.0,0.0001095,0.00014919953083036155,0,0,2.0,6,1,benign,0
1e-06,2,750.0,2000000.0,750000000.0,375.0,0.0,1e-06,0.0,0,0,0.0,17,8,pulsed_mixed_flood,1
0.024436,4,464.0,163.69291209690618,18988.37780324112,102.0,76.68115805072324,0.008145333333333334,0.014102935025494989,0,0,1.0,17,1,benign,0
2.751153,21,5928.0,7.633163259186238,2154.7329428788585,269.45454545454544,418.4714506132467,0.13755765000000003,0.4906160594053664,0,1,0.0,6,1,http_get_flood,1
0.020761,4,286.0,192.6689465825345,13775.82968065122,65.4,33.411076007815126,0.006920333333333334,0.01198377087286524,0,0,1.0,17,1,benign,0
0.203863,27,11378.0,132.44188499139128,55811.99138637224,406.3571428571428,730.4357509345954,0.007840884615384616,0.01892396521520143,0,1,1.0,6,1,benign,0
4.7e-05,2,0.0,42553.191489361714,0.0,0.0,0.0,4.7e-05,0.0,0,1,0.0,6,1,syn_flood,1
0.020828,4,282.0,192.04916458613403,13539.466103322453,65.0,30.124740662784134,0.006942666666666666,0.012023319355873956,0,0,1.0,17,1,benign,0
0.002058,6,2208.0,2915.4518950437323,1072886.2973760932,378.28571428571433,105.3972078784416,0.00041160000000000003,0.0008931740032043029,0,0,0.0,17,4,icmp_flood,1
4.9e-05,2,0.0,40816.32653061225,0.0,0.0,0.0,4.9e-05,0.0,0,1,0.0,6,1,syn_flood,1
0.108773,4,1398.0,36.77383174133287,12852.45419359584,345.6,21.36117974270148,0.036257666666666674,0.0627983887797556,0,0,0.0,17,8,pulsed_mixed_flood,1
4.21465,15,3320.0,3.559014390281518,787.7285183823094,207.5,391.8244504877152,0.30104642857142855,1.1260522515349953,0,1,0.0,6,1,http_get_flood,1
0.00025,10,4400.0,40000.0,17600000.0,440.0,0.0,2.7777777777777786e-05,4.3051648568253965e-05,0,0,0.0,17,4,icmp_flood,1
1e-06,2,0.0,2000000.0,0.0,0.0,0.0,1e-06,0.0,0,1,0.0,6,0,udp_flood,1
0.00016,3,0.0,18750.0,0.0,0.0,0.0,8e-05,0.00010889444430272828,0,0,2.0,6,1,benign,0
0.108815,4,1438.0,36.75963791756652,13215.08983136516,353.6,32.3156308928048,0.036271666666666674,0.06278193869524366,0,0,0.0,17,8,pulsed_mixed_flood,1
0.020853,4,410.0,191.8189229367477,19661.43960101664,91.4,60.79720388307344,0.006951,0.012034289010988559,0,0,1.0,17,1,benign,0
0.00275,4,1328.0,1454.5454545454547,482909.0909090909,353.6,118.30807242111588,0.0009166666666666669,0.001585981189463902,0,0,0.0,17,4,icmp_flood,1
0.021046,4,204.0,190.0598688586905,9693.053311793215,49.4,8.763560920082657,0.007015333333333334,0.012149181714557297,0,0,1.0,17,1,benign,0
0.020641,4,300.0,193.78906060752868,14534.179545564652,69.4,30.672463220289305,0.006880333333333334,0.011911890753920356,0,0,1.0,17,1,benign,0
0.020655,4,480.0,193.65770999757927,23238.92519970952,107.2,70.10848736066126,0.006885,0.011920839693578636,0,0,1.0,17,1,benign,0
1e-06,2,2944.0,2000000.0,2944000000.0,1472.0,0.0,1e-06,0.0,0,0,0.0,17,3,dns_amplification,1
5.583887,21,5946.0,3.760821091114487,1064.8496289412733,270.2727272727273,418.7557740120108,0.27919435,0.9836868600260572,0,1,0.0,6,1,http_get_flood,1
2e-06,2,2944.0,1000000.0,1472000000.0,1472.0,0.0,2e-06,0.0,0,0,0.0,17,6,slowloris_low_rate,1
0.004128,22,9680.0,5329.457364341086,2344961.2403100776,440.0,0.0,0.00019657142857142855,0.0007291025011223437,0,0,0.0,17,4,icmp_flood,1
0.020701,4,224.0,193.2273803197913,10820.733297908311,50.6,29.57701810527897,0.006900333333333334,0.0119491298567441,0,0,1.0,17,1,benign,0
1e-06,2,2944.0,2000000.0,2944000000.0,1472.0,0.0,1e-06,0.0,0,0,0.0,17,3,dns_amplification,1
1e-06,2,0.0,2000000.0,0.0,0.0,0.0,1e-06,0.0,0,1,0.0,6,1,syn_flood,1
0.040935,2,0.0,48.85794552339074,0.0,0.0,0.0,0.040935,0.0,0,0,1.0,6,1,benign,0
1e-06,2,2944.0,2000000.0,2944000000.0,1472.0,0.0,1e-06,0.0,0,0,0.0,17,3,dns_amplification,1
0.000111,3,0.0,27027.027027027027,0.0,0.0,0.0,5.55e-05,7.56604255869606e-05,0,0,2.0,6,1,http_get_flood,1
0.000793,13,980.0,16393.442622950817,1235813.366960908,70.0,135.03162022851708,6.608333333333333e-05,8.630543892408398e-05,0,1,1.0,6,1,http_get_flood,1
0.078772,28,14849.0,355.4562534910882,188506.0681460417,512.0344827586207,817.1801463726439,0.002917481481481481,0.006855584014680017,0,1,1.0,6,1,benign,0
1e-06,2,0.0,2000000.0,0.0,0.0,0.0,1e-06,0.0,0,1,0.0,6,1,syn_flood,1
0.005808,200,88000.0,34435.26170798898,15151515.151515152,440.0,0.0,2.91859296482412e-05,5.3365242376987467e-05,0,0,0.0,17,4,icmp_flood,1
1e-06,2,2944.0,2000000.0,2944000000.0,1472.0,0.0,1e-06,0.0,0,0,0.0,17,6,slowloris_low_rate,1
0.000254,3,0.0,11811.023622047243,0.0,0.0,0.0,0.000127,0.0001767766952966369,0,0,2.0,6,1,benign,0
0.000104,3,0.0,28846.153846153848,0.0,0.0,0.0,5.2e-05,6.929646455628165e-05,0,0,2.0,6,1,http_get_flood,1
0.000299,3,0.0,10033.444816053512,0.0,0.0,0.0,0.0001495,0.00020859650045003161,0,0,2.0,6,1,benign,0
0.020738,4,224.0,192.88263091908573,10801.427331468802,53.2,15.336231610144653,0.006912666666666666,0.011967893730031752,0,0,1.0,17,1,benign,0
32.997456,6,0.0,0.1818321994277377,0.0,0.0,0.0,6.5994912,9.525793928020814,0,1,0.0,6,0,udp_flood,1
1e-06,2,2944.0,2000000.0,2944000000.0,1472.0,0.0,1e-06,0.0,0,0,0.0,17,6,slowloris_low_rate,1
1e-06,2,0.0,2000000.0,0.0,0.0,0.0,1e-06,0.0,0,0,0.0,6,1,benign,0
0.000188,3,0.0,15957.44680851064,0.0,0.0,0.0,9.4e-05,0.00012869343417595163,0,0,2.0,6,1,benign,0
0.510261,4,0.0,7.839125467162884,0.0,0.0,0.0,0.170087,0.29459845968198817,0,0,0.0,6,1,benign,0
0.000645,88,38720.0,136434.1085271318,60031007.75193799,440.0,0.0,7.413793103448278e-06,1.4574229984157467e-05,0,0,0.0,17,4,icmp_flood,1
1e-06,2,2944.0,2000000.0,2944000000.0,1472.0,0.0,1e-06,0.0,0,0,0.0,17,3,dns_amplification,1
0.264222,3,37.0,11.35408860730749,140.0337594901257,9.25,18.5,0.132111,0.18682892529798487,1,0,0.0,6,1,benign,0
2e-06,2,766.0,1000000.0,383000000.0,383.0,0.0,2e-06,0.0,0,0,0.0,17,8,pulsed_mixed_flood,1
0.020726,4,156.0,192.99430666795325,7526.777960050178,37.4,8.763560920082657,0.006908666666666666,0.01188311618782436,0,0,1.0,17,1,benign,0
1e-06,2,0.0,2000000.0,0.0,0.0,0.0,1e-06,0.0,0,1,0.0,6,0,udp_flood,1
3.9e-05,2,2944.0,51282.05128205128,75487179.48717949,1472.0,0.0,3.9e-05,0.0,0,0,0.0,17,6,slowloris_low_rate,1
0.020781,4,156.0,192.48351859872,7506.85722535008,37.4,8.763560920082657,0.006927,0.011993585827432927,0,0,1.0,17,1,benign,0
4.7e-05,2,766.0,42553.191489361714,16297872.340425532,383.0,0.0,4.7e-05,0.0,0,0,0.0,17,8,pulsed_mixed_flood,1
116.766076,61,10902.0,0.5224120060350406,93.36615884908215,175.83870967741936,463.15150633594897,1.9461012666666668,10.520879540566506,0,1,0.0,6,1,benign,0
7.213487,10,0.0,1.3862920942395822,0.0,0.0,0.0,0.8014985555555555,1.4309517900969018,0,1,4.0,6,1,benign,0
0.020674,4,272.0,193.47973299796843,13156.621843861853,61.6,35.05424368033063,0.0068913333333333335,0.011930943312803616,0,0,1.0,17,1,benign,0
3.8e-05,2,2944.0,52631.57894736842,77473684.21052632,1472.0,0.0,3.8e-05,0.0,0,0,0.0,17,6,slowloris_low_rate,1
0.000126,3,0.0,23809.52380952381,0.0,0.0,0.0,6.3e-05,8.485281374238571e-05,0,0,2.0,6,1,benign,0
4.8e-05,2,0.0,41666.66666666666,0.0,0.0,0.0,4.8e-05,0.0,0,1,0.0,6,1,syn_flood,1
0.000533,28,12320.0,52532.8330206379,23114446.529080678,440.0,0.0,1.9740740740740736e-05,4.522813334180447e-05,0,0,0.0,17,4,icmp_flood,1
0.046555,4,300.0,85.91987971216841,6443.990978412629,70.2,26.290682760247968,0.015518333333333332,0.026873345629700323,0,0,1.0,17,1,benign,0
2e-06,2,0.0,1000000.0,0.0,0.0,0.0,2e-06,0.0,0,0,0.0,6,1,benign,0
0.020533,4,284.0,194.8083572785273,13831.393366775435,65.4,30.672463220289305,0.006844333333333334,0.011849536924847878,0,0,1.0,17,1,benign,0
0.139612,2,0.0,14.325416153339251,0.0,0.0,0.0,0.139612,0.0,0,0,1.0,6,1,benign,0
1e-06,2,31.0,2000000.0,31000000.0,20.666666666666664,17.8978583448784,1e-06,0.0,0,0,0.0,6,1,benign,0
5e-06,6,1920.0,1200000.0,384000000.0,337.1428571428572,175.66201313073597,1e-06,0.0,0,0,0.0,17,4,icmp_flood,1
0.054782,4,536.0,73.01668431236538,9784.23569785696,117.6,89.82649943084725,0.018260666666666665,0.031623206294323365,0,0,1.0,17,1,benign,0
1e-06,2,802.0,2000000.0,802000000.0,401.0,0.0,1e-06,0.0,0,0,0.0,17,8,pulsed_mixed_flood,1
0.020488,4,188.0,195.23623584537293,9176.103084732527,44.2,15.336231610144653,0.006829333333333334,0.011823556162734342,0,0,1.0,17,1,benign,0
1e-06,2,31.0,2000000.0,31000000.0,20.666666666666664,17.8978583448784,1e-06,0.0,0,0,0.0,6,1,benign,0
0.040643,4,0.0,98.4179317471643,0.0,0.0,0.0,0.013547666666666668,0.02346178291037008,0,0,3.0,6,1,benign,0
0.000396,96,42240.0,242424.2424242425,106666666.66666669,440.0,0.0,4.16842105263158e-06,1.1930340930352564e-05,0,0,0.0,17,4,icmp_flood,1
0.020786,4,320.0,192.43721735783703,15394.97738862696,70.4,52.58136552049595,0.006928666666666666,0.011997338635436334,0,0,1.0,17,1,benign,0
0.054745,2,0.0,36.53301671385515,0.0,0.0,0.0,0.054745,0.0,0,0,1.0,6,1,benign,0
1e-06,2,0.0,2000000.0,0.0,0.0,0.0,1e-06,0.0,0,1,0.0,6,1,syn_flood,1
0.02062,4,320.0,193.98642095053347,15518.913676042675,70.4,52.58136552049595,0.006873333333333334,0.011900632434174803,0,0,1.0,17,1,benign,0
1e-06,2,750.0,2000000.0,750000000.0,375.0,0.0,1e-06,0.0,0,0,0.0,17,8,pulsed_mixed_flood,1
0.000699,4,1760.0,5722.460658082976,2517882.6895565093,440.0,0.0,0.000233,0.00036433638303084694,0,0,0.0,17,4,icmp_flood,1
0.000163,3,0.0,18404.907975460126,0.0,0.0,0.0,8.15e-05,0.00011242997820866104,0,0,2.0,6,1,benign,0
0.214056,6,2088.0,28.030048211682924,9754.45677766566,344.1428571428572,33.61759743263722,0.042811199999999994,0.05866872818802192,0,0,0.0,17,8,pulsed_mixed_flood,1
9.9e-05,4,0.0,40404.04040404041,0.0,0.0,0.0,3.3e-05,2.778488797889961e-05,0,1,1.0,6,0,udp_flood,1
0.003445,8,3088.0,2322.206095791001,896371.5529753265,392.0,95.24704719832528,0.0004921428571428571,0.0006015118254784989,0,0,0.0,17,4,icmp_flood,1
5.255754,7,0.0,1.3318735998678783,0.0,0.0,0.0,0.875959,2.118808607120426,0,1,0.0,6,1,benign,0
0.104967,6,400.0,57.16082197261997,3810.721464841331,67.71428571428571,51.77423518094139,0.020993400000000002,0.02878802379983732,0,0,0.0,6,1,benign,0
61.18037,54,13014.0,0.8826360481311244,212.71528759960097,236.61818181818177,624.7084206046936,1.1543466037735846,3.192951490394659,0,1,1.0,6,1,benign,0
0.236221,79,52882.0,334.4325864338903,223866.63336451887,661.0249999999999,1137.1877701960852,0.0030284743589743582,0.012277290128604578,0,1,1.0,6,1,benign,0
2e-06,2,2944.0,1000000.0,1472000000.0,1472.0,0.0,2e-06,0.0,0,0,0.0,17,6,slowloris_low_rate,1
2e-06,2,2944.0,1000000.0,1472000000.0,1472.0,0.0,2e-06,0.0,0,0,0.0,17,6,slowloris_low_rate,1
0.05554,4,0.0,72.02016564638099,0.0,0.0,0.0,0.01851333333333333,0.028175279951285905,0,0,3.0,6,1,benign,0
100.001034,16,0.0,0.1599983456171063,0.0,0.0,0.0,6.666735600000002,7.830525179733338,0,1,0.0,6,1,syn_flood,1
0.0002,2,0.0,10000.0,0.0,0.0,0.0,0.0002,0.0,0,0,1.0,6,1,http_get_flood,1
0.000179,2,0.0,11173.1843575419,0.0,0.0,0.0,0.000179,0.0,0,0,1.0,6,1,http_get_flood,1
0.106819,4,1398.0,37.44652168621688,13087.559329332797,345.6,21.36117974270148,0.03560633333333333,0.061670246353759076,0,0,0.0,17,8,pulsed_mixed_flood,1
0.109014,4,1398.0,36.69253490377383,12824.040948868951,345.6,21.36117974270148,0.036338,0.06293753019463029,0,0,0.0,17,8,pulsed_mixed_flood,1
1e-06,2,2944.0,2000000.0,2944000000.0,1472.0,0.0,1e-06,0.0,0,0,0.0,17,6,slowloris_low_rate,1
58.142063,14,368.0,0.2407895296044105,6.329324778173076,27.6,23.32625743050706,4.472466384615385,16.088311701122933,0,0,0.0,6,1,benign,0
0.056312,13,1366.0,230.85665577496803,24257.707060662025,97.57142857142856,167.4550292263174,0.004692666666666667,0.010307094126538931,0,1,0.0,6,1,benign,0
0.105909,4,1398.0,37.76827276246589,13200.011330481828,345.6,21.36117974270148,0.035303,0.06114399158543707,0,0,0.0,17,8,pulsed_mixed_flood,1
3e-06,3,0.0,1000000.0,0.0,0.0,0.0,1.5e-06,7.071067811865476e-07,0,0,0.0,6,1,benign,0
1e-06,2,2896.0,2000000.0,2896000000.0,1448.0,0.0,1e-06,0.0,0,0,0.0,17,3,dns_amplification,1
0.032567,2,0.0,61.41185862990144,0.0,0.0,0.0,0.032567,0.0,0,0,1.0,6,1,benign,0
0.020658,4,218.0,193.62958660083265,10552.812469745377,50.8,20.265734627691145,0.006886,0.011922571744384682,0,0,1.0,17,1,benign,0
0.020838,4,160.0,191.95700163163448,7678.280065265379,38.4,8.763560920082657,0.006946,0.01202822684355429,0,0,1.0,17,1,benign,0
0.175968,2,0.0,11.365702855064557,0.0,0.0,0.0,0.175968,0.0,0,0,1.0,6,1,benign,0
1e-06,2,0.0,2000000.0,0.0,0.0,0.0,1e-06,0.0,0,1,0.0,6,0,udp_flood,1
0.213191,6,2088.0,28.14377717633484,9794.034457364523,344.1428571428572,33.61759743263722,0.042638199999999994,0.05844928727281454,0,0,0.0,17,8,pulsed_mixed_flood,1
0.056003,4,0.0,71.42474510294092,0.0,0.0,0.0,0.01866766666666667,0.029904898199681826,0,0,3.0,6,1,benign,0
103.659633,14,0.0,0.1350573950035111,0.0,0.0,0.0,7.973817923076922,14.409757821757724,0,1,0.0,6,1,syn_flood,1
1e-06,2,2944.0,2000000.0,2944000000.0,1472.0,0.0,1e-06,0.0,0,0,0.0,17,6,slowloris_low_rate,1
0.10471,4,1398.0,38.20074491452584,13351.16034762678,345.6,21.36117974270148,0.03490333333333333,0.060452614636038154,0,0,0.0,17,8,pulsed_mixed_flood,1
0.0001,3,0.0,30000.0,0.0,0.0,0.0,5e-05,6.788225099390856e-05,0,0,2.0,6,1,benign,0
0.000221,3,0.0,13574.660633484162,0.0,0.0,0.0,0.0001105,0.00015202795795510774,0,0,2.0,6,1,benign,0
0.10375,4,1438.0,38.55421686746988,13860.240963855422,353.6,32.3156308928048,0.03458333333333333,0.059898358377616104,0,0,0.0,17,8,pulsed_mixed_flood,1
116.296105,49,9478.0,0.4213382726790377,81.49886017248815,189.56,489.4750274007649,2.422835520833333,11.705540358654584,0,1,0.0,6,1,benign,0
5.3e-05,4,1040.0,75471.69811320755,19622641.50943396,296.0,197.1801207018598,1.7666666666666665e-05,2.8867513459481286e-05,0,0,0.0,17,4,icmp_flood,1
0.060623,17,8828.0,280.4216221566072,145621.29884697223,490.4444444444445,935.6082778990376,0.0037889375,0.009682436425258192,0,1,0.0,6,1,benign,0
3e-06,3,62.0,1000000.0,20666666.666666668,23.25,15.5,1.5e-06,7.071067811865476e-07,0,0,0.0,6,1,benign,0
2e-06,2,750.0,1000000.0,375000000.0,375.0,0.0,2e-06,0.0,0,0,0.0,17,8,pulsed_mixed_flood,1
0.020593,4,262.0,194.2407614237848,12722.769873257905,61.4,22.456624857711805,0.006864333333333334,0.01188591003387344,0,0,1.0,17,1,benign,0
116.768258,126,103278.0,1.0790603727256085,884.4698188440902,819.9212598425197,901.5663671553532,0.934146064,7.336703023124238,0,0,1.0,6,1,benign,0
0.040628,4,0.0,98.45426799251749,0.0,0.0,0.0,0.013542666666666668,0.023453122656340097,0,0,3.0,6,1,benign,0
0.000121,4,0.0,33057.85123966942,0.0,0.0,0.0,4.033333333333333e-05,3.57957166897568e-05,0,1,1.0,6,0,udp_flood,1
1e-06,2,2944.0,2000000.0,2944000000.0,1472.0,0.0,1e-06,0.0,0,0,0.0,17,3,dns_amplification,1
106.278395,20,0.0,0.1881850022292865,0.0,0.0,0.0,5.593599736842105,10.164442385532412,0,1,0.0,6,1,syn_flood,1
0.000151,4,0.0,26490.066225165563,0.0,0.0,0.0,5.033333333333333e-05,4.9500841743684876e-05,0,1,1.0,6,0,udp_flood,1
0.020731,4,268.0,192.947759394144,12927.499879407653,60.0,38.34057902536164,0.006910333333333334,0.011967316379762559,0,0,1.0,17,1,benign,0
0.029351,2,0.0,68.14077884910225,0.0,0.0,0.0,0.029351,0.0,0,0,1.0,6,1,benign,0
0.123643,160,187076.0,1294.048187119368,1513033.4915846428,1161.9627329192544,1117.7800090368787,0.0007776289308176103,0.0035679794809704373,0,1,1.0,6,1,benign,0
0.000177,2,0.0,11299.435028248588,0.0,0.0,0.0,0.000177,0.0,0,0,1.0,6,1,http_get_flood,1
27.00054,4,0.0,0.1481451852444432,0.0,0.0,0.0,9.00018,15.58876730521445,0,1,0.0,6,0,udp_flood,1
0.00012,3,0.0,25000.0,0.0,0.0,0.0,6e-05,8.202438661763951e-05,0,0,2.0,6,1,http_get_flood,1
1e-06,2,0.0,2000000.0,0.0,0.0,0.0,1e-06,0.0,0,1,0.0,6,1,syn_flood,1
0.000114,3,0.0,26315.78947368421,0.0,0.0,0.0,5.7e-05,7.778174593052024e-05,0,0,2.0,6,1,benign,0
0.104223,4,1398.0,38.37924450457193,13413.545954347888,345.6,21.36117974270148,0.034741,0.06017057903161644,0,0,0.0,17,8,pulsed_mixed_flood,1
0.020522,4,204.0,194.91277653250168,9940.551603157588,49.4,8.763560920082657,0.006840666666666666,0.011844052107844396,0,0,1.0,17,1,benign,0
0.000106,4,0.0,37735.84905660377,0.0,0.0,0.0,3.533333333333333e-05,2.993882651897588e-05,0,1,1.0,6,1,syn_flood,1
1e-06,2,2944.0,2000000.0,2944000000.0,1472.0,0.0,1e-06,0.0,0,0,0.0,17,6,slowloris_low_rate,1
4.7e-05,2,2944.0,42553.191489361714,62638297.87234042,1472.0,0.0,4.7e-05,0.0,0,0,0.0,17,3,dns_amplification,1
3e-06,3,0.0,1000000.0,0.0,0.0,0.0,1.5e-06,7.071067811865476e-07,0,0,0.0,6,1,benign,0
116.397941,350,326194.0,3.0069260417587627,2802.4035236155933,929.3276353276352,1046.763216944688,0.33351845558739257,1.7647642842570166,0,1,1.0,6,1,benign,0
117.246308,42,2782.0,0.3582202349604049,23.727826039520156,68.00000000000001,93.59309091309396,2.8596660487804884,12.747629065922444,0,0,1.0,6,1,benign,0
1e-06,2,2944.0,2000000.0,2944000000.0,1472.0,0.0,1e-06,0.0,0,0,0.0,17,3,dns_amplification,1
2e-06,2,2928.0,1000000.0,1464000000.0,1464.0,0.0,2e-06,0.0,0,0,0.0,17,3,dns_amplification,1
0.053475,3,0.0,56.100981767180926,0.0,0.0,0.0,0.0267375,0.03780829248326351,0,0,2.0,6,1,benign,0
1e-06,2,0.0,2000000.0,0.0,0.0,0.0,1e-06,0.0,0,1,0.0,6,0,udp_flood,1
1e-06,2,2944.0,2000000.0,2944000000.0,1472.0,0.0,1e-06,0.0,0,0,0.0,17,6,slowloris_low_rate,1
2e-06,2,2928.0,1000000.0,1464000000.0,1464.0,0.0,2e-06,0.0,0,0,0.0,17,6,slowloris_low_rate,1
0.040051,2,0.0,49.936331177748364,0.0,0.0,0.0,0.040051,0.0,0,0,1.0,6,1,benign,0
1e-06,2,0.0,2000000.0,0.0,0.0,0.0,1e-06,0.0,0,1,0.0,6,1,syn_flood,1
0.020905,4,256.0,191.34178426213825,12245.874192776848,61.2,15.336231610144653,0.006968333333333334,0.012067775326601556,0,0,1.0,17,1,benign,0
1e-06,2,2944.0,2000000.0,2944000000.0,1472.0,0.0,1e-06,0.0,0,0,0.0,17,6,slowloris_low_rate,1
0.000203,4,1786.0,19704.433497536946,8798029.556650246,442.6,21.36117974270148,6.766666666666665e-05,0.00011633715370995344,0,0,0.0,17,8,pulsed_mixed_flood,1
9.6e-05,3,0.0,31250.0,0.0,0.0,0.0,4.8e-05,6.505382386916237e-05,0,0,2.0,6,1,benign,0
0.020815,4,132.0,192.16910881575785,6341.58059092001,31.4,8.763560920082657,0.006938333333333334,0.01201581380237449,0,0,1.0,17,1,benign,0
0.048378,4,300.0,82.68221092232007,6201.165819174005,69.4,30.672463220289305,0.016126,0.0279267212003128,0,0,1.0,17,1,benign,0
0.000674,126,55440.0,186943.6201780416,82255192.87833828,440.0,0.0,5.392000000000004e-06,1.287965136775211e-05,0,0,0.0,17,4,icmp_flood,1
1e-06,2,750.0,2000000.0,750000000.0,375.0,0.0,1e-06,0.0,0,0,0.0,17,8,pulsed_mixed_flood,1
0.020879,4,276.0,191.58005651611663,13219.023899612052,62.6,35.05424368033063,0.006959666666666666,0.012047568108682072,0,0,1.0,17,1,benign,0
1e-06,2,802.0,2000000.0,802000000.0,401.0,0.0,1e-06,0.0,0,0,0.0,17,8,pulsed_mixed_flood,1
1e-06,2,2944.0,2000000.0,2944000000.0,1472.0,0.0,1e-06,0.0,0,0,0.0,17,3,dns_amplification,1
0.055075,2,0.0,36.314117113027685,0.0,0.0,0.0,0.055075,0.0,0,0,1.0,6,1,benign,0
4.9e-05,2,0.0,40816.32653061225,0.0,0.0,0.0,4.9e-05,0.0,0,1,0.0,6,1,syn_flood,1
0.020683,4,132.0,193.3955422327516,6382.0528936808005,31.4,8.763560920082657,0.006894333333333334,0.011937005501101744,0,0,1.0,17,1,benign,0
1e-06,2,766.0,2000000.0,766000000.0,383.0,0.0,1e-06,0.0,0,0,0.0,17,8,pulsed_mixed_flood,1
1e-06,2,31.0,2000000.0,31000000.0,20.666666666666664,17.8978583448784,1e-06,0.0,0,0,0.0,6,1,benign,0
0.020814,4,226.0,192.1783415009129,10858.076294801576,51.4,27.933850432763467,0.006938,0.012015236452105303,0,0,1.0,17,1,benign,0
0.008047,14,6160.0,1739.7787995526282,765502.6718031564,440.0,0.0,0.000619,0.0009694512193332195,0,0,0.0,17,4,icmp_flood,1
1e-06,2,2944.0,2000000.0,2944000000.0,1472.0,0.0,1e-06,0.0,0,0,0.0,17,3,dns_amplification,1
11.377102,4,0.0,0.3515833821301769,0.0,0.0,0.0,3.792367333333333,6.5685313331222925,0,1,0.0,6,0,udp_flood,1
0.020773,4,286.0,192.55764694555432,13767.871756607134,65.4,33.411076007815126,0.0069243333333333336,0.011989833040260956,0,0,1.0,17,1,benign,0
1e-06,2,2944.0,2000000.0,2944000000.0,1472.0,0.0,1e-06,0.0,0,0,0.0,17,6,slowloris_low_rate,1
0.22827,53,21916.0,232.18118894291848,96009.11201647171,405.8518518518517,848.6625083681457,0.004389807692307689,0.014841673460211535,0,1,0.0,6,1,benign,0
9.018415,6,0.0,0.6653053779405805,0.0,0.0,0.0,1.803683,2.686902760311861,0,1,0.0,6,1,benign,0
1e-06,2,31.0,2000000.0,31000000.0,20.666666666666664,17.8978583448784,1e-06,0.0,0,0,0.0,6,1,benign,0
1e-06,2,0.0,2000000.0,0.0,0.0,0.0,1e-06,0.0,0,1,0.0,6,1,syn_flood,1
7.324928,10,0.0,1.3652011323524271,0.0,0.0,0.0,0.8138808888888889,1.4578144801278254,0,1,4.0,6,1,benign,0
4.8e-05,2,0.0,41666.66666666666,0.0,0.0,0.0,4.8e-05,0.0,0,1,0.0,6,1,syn_flood,1
6.1e-05,3,0.0,49180.32786885246,0.0,0.0,0.0,3.05e-05,4.171930009000632e-05,0,0,2.0,6,1,http_get_flood,1
4.862321,4,0.0,0.822652391728148,0.0,0.0,0.0,1.6207736666666666,2.8072614722110107,0,1,0.0,6,0,udp_flood,1
0.020812,4,132.0,192.1968095329617,6342.494714587738,31.4,8.763560920082657,0.0069373333333333335,0.012010617649951785,0,0,1.0,17,1,benign,0
0.106774,4,1438.0,37.46230355704572,13467.698128757937,353.6,32.3156308928048,0.03559133333333333,0.06164513161907705,0,0,0.0,17,8,pulsed_mixed_flood,1
0.00676,36,15840.0,5325.44378698225,2343195.266272189,440.0,0.0,0.0001931428571428572,0.0003489786056864958,0,0,0.0,17,4,icmp_flood,1
0.000166,3,0.0,18072.289156626503,0.0,0.0,0.0,8.3e-05,0.0001131370849898476,0,0,2.0,6,1,benign,0
0.108689,4,1398.0,36.80225229784063,12862.3871780953,345.6,21.36117974270148,0.036229666666666674,0.06274989135714366,0,0,0.0,17,8,pulsed_mixed_flood,1
0.020636,4,230.0,193.8360147315371,11145.570847063384,53.6,21.36117974270148,0.006878666666666666,0.011909004002574414,0,0,1.0,17,1,benign,0
0.108923,4,1398.0,36.723189776263965,12834.754826804256,345.6,21.36117974270148,0.03630766666666667,0.06288499132013402,0,0,0.0,17,8,pulsed_mixed_flood,1
1e-06,2,2142.0,2000000.0,2142000000.0,1071.0,0.0,1e-06,0.0,0,0,0.0,17,3,dns_amplification,1
0.054805,11,10240.0,200.71161390384088,186844.26603412093,853.3333333333333,1199.76765427412,0.0054805,0.01421053585079277,0,0,2.0,6,1,benign,0
5.302239,7,0.0,1.3201969960237552,0.0,0.0,0.0,0.8837064999999998,2.144554365531333,0,1,0.0,6,1,benign,0
0.052763,4,192.0,75.81070068040106,3638.913632659249,48.0,0.0,0.017587666666666665,0.03045926815163709,0,0,1.0,17,1,benign,0
0.199134,4,410.0,20.086976608715734,2058.915102393363,91.4,60.79720388307344,0.066378,0.11496487235238427,0,0,1.0,17,1,benign,0
1e-06,2,2944.0,2000000.0,2944000000.0,1472.0,0.0,1e-06,0.0,0,0,0.0,17,6,slowloris_low_rate,1
24.944828,14,37.0,0.5612385862111376,1.4832734064151494,2.5333333333333337,7.8909230554268275,1.9188329230769232,3.831658710013991,0,0,0.0,6,1,benign,0
114.329232,52,0.0,0.4548268110468896,0.0,0.0,0.0,2.2417496470588247,4.0832474850407765,0,0,0.0,17,1,benign,0
0.046275,4,232.0,86.4397622906537,5013.506212857915,56.4,8.763560920082657,0.015425,0.026712553584410447,0,0,1.0,17,1,benign,0
0.106922,4,1398.0,37.41044873833261,13074.951834047251,345.6,21.36117974270148,0.035640666666666675,0.0617297134314856,0,0,0.0,17,8,pulsed_mixed_flood,1
0.000197,2,0.0,10152.284263959393,0.0,0.0,0.0,0.000197,0.0,0,0,1.0,6,1,http_get_flood,1
15.226817,19,1156.0,1.2477985385914865,75.9186900321978,57.8,124.39394129771333,0.845934277777778,2.5185102286116736,0,1,0.0,6,1,benign,0
0.000162,14,5440.0,86419.75308641975,33580246.91358025,392.0,126.67167909881942,1.2461538461538463e-05,2.247448695971866e-05,0,0,0.0,17,4,icmp_flood,1
0.020738,4,484.0,192.88263091908573,23338.79834120937,105.2,86.54016408581623,0.006912666666666666,0.011967027715073337,0,0,1.0,17,1,benign,0
0.000145,3,0.0,20689.6551724138,0.0,0.0,0.0,7.25e-05,9.828784258493008e-05,0,0,2.0,6,1,benign,0
0.219007,6,2088.0,27.39638459044688,9533.941837475517,344.1428571428572,33.61759743263722,0.043801400000000004,0.0599793072509178,0,0,0.0,17,8,pulsed_mixed_flood,1
3e-06,3,0.0,1000000.0,0.0,0.0,0.0,1.5e-06,7.071067811865476e-07,0,0,0.0,6,1,benign,0
1e-06,2,2944.0,2000000.0,2944000000.0,1472.0,0.0,1e-06,0.0,0,0,0.0,17,3,dns_amplification,1
0.106019,4,1398.0,37.72908629585263,13186.315660400493,345.6,21.36117974270148,0.03533966666666667,0.06116680162746237,0,0,0.0,17,8,pulsed_mixed_flood,1
1e-06,2,750.0,2000000.0,750000000.0,375.0,0.0,1e-06,0.0,0,0,0.0,17,8,pulsed_mixed_flood,1
9.4e-05,3,0.0,31914.89361702128,0.0,0.0,0.0,4.7e-05,6.505382386916237e-05,0,0,0.0,6,1,benign,0
1e-06,2,1014.0,2000000.0,1014000000.0,507.0,0.0,1e-06,0.0,0,0,0.0,17,8,pulsed_mixed_flood,1
111.741901,10,0.0,0.0894919444765844,0.0,0.0,0.0,12.415766777777778,17.598286270267835,0,0,0.0,17,1,benign,0
0.00026,36,15840.0,138461.53846153847,60923076.92307693,440.0,0.0,7.428571428571429e-06,1.4213261649694947e-05,0,0,0.0,17,4,icmp_flood,1
0.000104,4,0.0,38461.53846153846,0.0,0.0,0.0,3.466666666666667e-05,5.744852768638491e-05,0,1,1.0,6,1,syn_flood,1
0.063379,2,0.0,31.55619369191688,0.0,0.0,0.0,0.063379,0.0,0,0,1.0,6,1,benign,0
1e-06,2,0.0,2000000.0,0.0,0.0,0.0,1e-06,0.0,0,1,0.0,6,1,syn_flood,1
9.3e-05,4,0.0,43010.75268817205,0.0,0.0,0.0,3.1e-05,5.282991576748916e-05,0,1,1.0,6,1,syn_flood,1
1e-06,2,0.0,2000000.0,0.0,0.0,0.0,1e-06,0.0,0,1,0.0,6,0,udp_flood,1
0.05525,4,0.0,72.39819004524887,0.0,0.0,0.0,0.018416666666666665,0.03041773438856572,0,0,3.0,6,1,benign,0
0.142421,31,7502.0,217.66452980950845,52674.816213901046,234.4375,422.4312074172551,0.004747366666666668,0.012476256482873248,0,1,0.0,6,1,benign,0
0.045343,4,282.0,88.21648324989523,6219.2620691176135,64.4,33.411076007815126,0.015114333333333332,0.02617359710344249,0,0,1.0,17,1,benign,0
1e-06,2,2944.0,2000000.0,2944000000.0,1472.0,0.0,1e-06,0.0,0,0,0.0,17,6,slowloris_low_rate,1
0.000171,3,0.0,17543.859649122805,0.0,0.0,0.0,8.55e-05,0.00011808683245815344,0,0,2.0,6,1,benign,0
0.020874,4,260.0,191.6259461531092,12455.686499952091,59.4,30.672463220289305,0.006958,0.012006602225442467,0,0,1.0,17,1,benign,0
1e-06,2,2928.0,2000000.0,2928000000.0,1464.0,0.0,1e-06,0.0,0,0,0.0,17,6,slowloris_low_rate,1
0.003102,28,12320.0,9026.434558349452,3971631.205673759,440.0,0.0,0.00011488888888888892,0.00037090257204381585,0,0,0.0,17,4,icmp_flood,1
60.026452,137,65758.0,2.2823271313786795,1095.4837044175124,476.5072463768117,755.6328545636508,0.4413709705882353,5.037100409097261,0,1,1.0,6,1,benign,0
1e-06,2,750.0,2000000.0,750000000.0,375.0,0.0,1e-06,0.0,0,0,0.0,17,8,pulsed_mixed_flood,1
0.000143,3,0.0,20979.020979020977,0.0,0.0,0.0,7.15e-05,9.6873629022557e-05,0,0,2.0,6,1,benign,0
0.000399,10,3824.0,25062.656641604008,9583959.899749374,387.6363636363636,116.50173623364824,4.4333333333333345e-05,0.00011584903970253704,0,0,0.0,17,4,icmp_flood,1
0.020662,4,224.0,193.5921014422612,10841.157680766624,50.6,29.57701810527897,0.006887333333333334,0.011924881145459408,0,0,1.0,17,1,benign,0
1e-06,2,802.0,2000000.0,802000000.0,401.0,0.0,1e-06,0.0,0,0,0.0,17,8,pulsed_mixed_flood,1
1e-06,2,2944.0,2000000.0,2944000000.0,1472.0,0.0,1e-06,0.0,0,0,0.0,17,3,dns_amplification,1
117.03026,197,248318.0,1.6833253211605272,2121.8272949235525,1254.1313131313138,1199.0000626280314,0.5970931632653064,5.881332969876678,0,1,1.0,6,1,benign,0
0.00011,3,0.0,27272.727272727272,0.0,0.0,0.0,5.5e-05,7.353910524340094e-05,0,0,2.0,6,1,benign,0
1e-06,2,0.0,2000000.0,0.0,0.0,0.0,1e-06,0.0,0,1,0.0,6,1,syn_flood,1
1e-06,2,2944.0,2000000.0,2944000000.0,1472.0,0.0,1e-06,0.0,0,0,0.0,17,3,dns_amplification,1
1e-06,2,2928.0,2000000.0,2928000000.0,1464.0,0.0,1e-06,0.0,0,0,0.0,17,6,slowloris_low_rate,1
1e-06,2,2896.0,2000000.0,2896000000.0,1448.0,0.0,1e-06,0.0,0,0,0.0,17,3,dns_amplification,1
4.8e-05,2,0.0,41666.66666666666,0.0,0.0,0.0,4.8e-05,0.0,0,1,0.0,6,0,udp_flood,1
1e-06,2,2944.0,2000000.0,2944000000.0,1472.0,0.0,1e-06,0.0,0,0,0.0,17,3,dns_amplification,1
0.058926,2,0.0,33.94087499575739,0.0,0.0,0.0,0.058926,0.0,0,0,1.0,6,1,benign,0
1e-06,2,2944.0,2000000.0,2944000000.0,1472.0,0.0,1e-06,0.0,0,0,0.0,17,3,dns_amplification,1
0.000146,3,0.0,20547.945205479453,0.0,0.0,0.0,7.3e-05,0.00010040916292848976,0,0,2.0,6,1,benign,0
0.000242,3,0.0,12396.694214876035,0.0,0.0,0.0,0.000121,0.00016687720036002526,0,0,2.0,6,1,benign,0
0.020612,4,262.0,194.0617116242965,12711.042111391424,61.4,22.456624857711805,0.006870666666666666,0.011896879688949256,0,0,1.0,17,1,benign,0
1e-06,2,2944.0,2000000.0,2944000000.0,1472.0,0.0,1e-06,0.0,0,0,0.0,17,3,dns_amplification,1
0.106404,4,1438.0,37.59257170783053,13514.529528965077,353.6,32.3156308928048,0.035468,0.06143064599204537,0,0,0.0,17,8,pulsed_mixed_flood,1
23.18457,49,11062.0,2.1134746083278664,477.12767586373184,221.23999999999992,487.2530482831529,0.483011875,3.3167774223927924,0,1,0.0,6,1,benign,0
0.213656,6,2088.0,28.08252518066425,9772.718762871156,344.1428571428572,33.61759743263722,0.0427312,0.05853998010932357,0,0,0.0,17,8,pulsed_mixed_flood,1
0.061729,2,0.0,32.399682483111675,0.0,0.0,0.0,0.061729,0.0,0,0,1.0,6,1,benign,0
0.021001,4,404.0,190.46712061330413,19237.17918194372,92.8,44.913249715423625,0.007000333333333334,0.012120602886545425,0,0,1.0,17,1,benign,0
1e-06,2,2944.0,2000000.0,2944000000.0,1472.0,0.0,1e-06,0.0,0,0,0.0,17,6,slowloris_low_rate,1
0.000144,3,0.0,20833.33333333333,0.0,0.0,0.0,7.2e-05,9.758073580374356e-05,0,0,2.0,6,1,benign,0
0.054696,3,0.0,54.848617814831066,0.0,0.0,0.0,0.027348,0.03867166986309229,0,0,2.0,6,1,benign,0
0.020824,4,732.0,192.0860545524395,35151.74798309643,156.8,143.50331006635352,0.006941333333333334,0.01201754585318206,0,0,1.0,17,1,benign,0
0.108975,4,1438.0,36.70566643725625,13195.687084193623,353.6,32.3156308928048,0.036325,0.0629150135341319,0,0,0.0,17,8,pulsed_mixed_flood,1
0.000177,2,0.0,11299.435028248588,0.0,0.0,0.0,0.000177,0.0,0,0,1.0,6,1,http_get_flood,1
1e-06,2,2944.0,2000000.0,2944000000.0,1472.0,0.0,1e-06,0.0,0,0,0.0,17,6,slowloris_low_rate,1
0.025915,4,286.0,154.3507621068879,11036.079490642484,65.4,33.411076007815126,0.008638333333333333,0.014956836073626446,0,0,1.0,17,1,benign,0
0.218023,6,2088.0,27.520032290171223,9576.971236979583,344.1428571428572,33.61759743263722,0.0436046,0.059711800461047904,0,0,0.0,17,8,pulsed_mixed_flood,1
4.245073,4,31.0,0.9422688373085694,7.302583489141412,6.2,13.863621460498695,1.415024333333333,2.4507398882666704,0,0,1.0,6,1,benign,0
2e-06,3,0.0,1500000.0,0.0,0.0,0.0,1e-06,0.0,0,0,2.0,6,1,benign,0
1e-06,2,0.0,2000000.0,0.0,0.0,0.0,1e-06,0.0,0,1,0.0,6,1,syn_flood,1
5e-05,2,2944.0,40000.0,58880000.0,1472.0,0.0,5e-05,0.0,0,0,0.0,17,6,slowloris_low_rate,1
0.020582,4,280.0,194.34457292780095,13604.120104946069,64.0,32.863353450309965,0.006860666666666666,0.01186310770132908,0,0,1.0,17,1,benign,0
1e-06,2,750.0,2000000.0,750000000.0,375.0,0.0,1e-06,0.0,0,0,0.0,17,8,pulsed_mixed_flood,1
7.125494,10,0.0,1.4034114687346593,0.0,0.0,0.0,0.7917215555555555,1.4021436016391216,0,1,4.0,6,1,benign,0
7.210218,10,0.0,1.386920617379391,0.0,0.0,0.0,0.8011353333333335,1.4297695209115,0,1,4.0,6,1,benign,0
0.000151,3,0.0,19867.54966887417,0.0,0.0,0.0,7.55e-05,0.0001025304832720494,0,0,2.0,6,1,benign,0
0.000103,32,14080.0,310679.61165048537,136699029.1262136,440.0,0.0,3.32258064516129e-06,1.0873169108020573e-05,0,0,0.0,17,4,icmp_flood,1
1e-06,2,802.0,2000000.0,802000000.0,401.0,0.0,1e-06,0.0,0,0,0.0,17,8,pulsed_mixed_flood,1
1e-06,2,2944.0,2000000.0,2944000000.0,1472.0,0.0,1e-06,0.0,0,0,0.0,17,3,dns_amplification,1
54.770479,10,307.0,0.1825801085289029,5.6052093318373215,32.09090909090909,21.082953044839545,6.085608777777777,18.23329393820292,0,0,0.0,6,1,benign,0
5.3e-05,4,0.0,75471.69811320755,0.0,0.0,0.0,1.7666666666666668e-05,2.8005951748393286e-05,0,1,1.0,6,1,syn_flood,1
0.00021,3,0.0,14285.714285714284,0.0,0.0,0.0,0.000105,0.0001442497833620557,0,0,2.0,6,1,benign,0
1e-06,2,0.0,2000000.0,0.0,0.0,0.0,1e-06,0.0,0,1,0.0,6,1,syn_flood,1
1e-06,2,0.0,2000000.0,0.0,0.0,0.0,1e-06,0.0,0,1,0.0,6,1,syn_flood,1
0.020624,4,208.0,193.9487975174554,10085.33747090768,50.4,8.763560920082657,0.006874666666666666,0.011902075799344136,0,0,1.0,17,1,benign,0
0.000185,3,0.0,16216.216216216217,0.0,0.0,0.0,9.25e-05,0.00012798632739476507,0,0,2.0,6,1,benign,0
0.000941,44,19360.0,46758.76726886291,20573857.59829968,440.0,0.0,2.188372093023256e-05,3.880918478814346e-05,0,0,0.0,17,4,icmp_flood,1
0.065788,4,244.0,60.80136195050769,3708.8830789809695,55.0,32.863353450309965,0.021929333333333335,0.03797925542099703,0,0,1.0,17,1,benign,0
0.000113,3,0.0,26548.67256637168,0.0,0.0,0.0,5.65e-05,7.707463914933369e-05,0,0,2.0,6,1,benign,0
0.02058,4,132.0,194.3634596695821,6413.99416909621,31.4,8.763560920082657,0.00686,0.011879270474233676,0,0,1.0,17,1,benign,0
0.000214,3,0.0,14018.691588785046,0.0,0.0,0.0,0.000107,0.00014849242404917502,0,0,2.0,6,1,benign,0
0.065384,4,244.0,61.17704637220115,3731.79982870427,55.0,32.863353450309965,0.021794666666666664,0.03774687192779467,0,0,1.0,17,1,benign,0
0.025287,106,46640.0,4191.87724917942,1844425.9896389449,440.0,0.0,0.00024082857142857146,0.0008994950876115795,0,0,0.0,17,4,icmp_flood,1
0.020682,4,244.0,193.40489314379656,11797.698481771591,55.8,28.48157299026864,0.006894,0.011936428150833062,0,0,1.0,17,1,benign,0
116.641081,49,9974.0,0.4200921286043294,85.51018144284859,199.48000000000008,497.8508193900527,2.430022520833333,11.72368942139543,0,1,0.0,6,1,benign,0
0.044497,4,312.0,89.89370069892351,7011.708654516036,69.6,46.00869483043395,0.014832333333333333,0.02568602484491,0,0,1.0,17,1,benign,0
1e-06,2,0.0,2000000.0,0.0,0.0,0.0,1e-06,0.0,0,1,0.0,6,0,udp_flood,1
0.020552,4,224.0,194.62826002335535,10899.182561307902,53.2,15.336231610144653,0.006850666666666666,0.011860506579962484,0,0,1.0,17,1,benign,0
0.05781,4,192.0,69.19218128351497,3321.224701608718,46.4,8.763560920082657,0.01927,0.03337142290942956,0,0,1.0,17,1,benign,0
0.000475,32,13504.0,67368.42105263157,28429473.68421053,422.54545454545456,69.78408258204864,1.532258064516129e-05,2.068878455713658e-05,0,0,0.0,17,4,icmp_flood,1
117.369318,73,11184.0,0.6219683409935124,95.2889578859102,151.1351351351351,364.6691247273802,1.6301294166666664,9.666705435278734,0,1,0.0,6,1,benign,0
0.000229,3,0.0,13100.436681222707,0.0,0.0,0.0,0.0001145,0.0001576848122046001,0,0,2.0,6,1,benign,0
0.000205,3,0.0,14634.146341463416,0.0,0.0,0.0,0.0001025,0.0001435426765808691,0,0,2.0,6,1,benign,0
0.000401,4,1760.0,9975.062344139653,4389027.431421447,440.0,0.0,0.00013366666666666665,0.0001953569382779464,0,0,0.0,17,4,icmp_flood,1
0.020651,4,290.0,193.69522057043244,14042.903491356352,66.6,32.3156308928048,0.006883666666666666,0.011919396307419824,0,0,1.0,17,1,benign,0
1e-06,2,2944.0,2000000.0,2944000000.0,1472.0,0.0,1e-06,0.0,0,0,0.0,17,6,slowloris_low_rate,1
3.1e-05,3,0.0,96774.19354838708,0.0,0.0,0.0,1.55e-05,1.9091883092036783e-05,0,0,0.0,6,1,benign,0
0.000862,56,23920.0,64965.19721577727,27749419.95359629,427.3684210526316,66.82937537889931,1.5672727272727272e-05,2.733404778568605e-05,0,0,0.0,17,4,icmp_flood,1
0.212111,6,2088.0,28.287076106378265,9843.902485019637,344.1428571428572,33.61759743263722,0.0424222,0.05815257231369907,0,0,0.0,17,8,pulsed_mixed_flood,1
1e-06,2,2896.0,2000000.0,2896000000.0,1448.0,0.0,1e-06,0.0,0,0,0.0,17,6,slowloris_low_rate,1
1e-06,2,802.0,2000000.0,802000000.0,401.0,0.0,1e-06,0.0,0,0,0.0,17,8,pulsed_mixed_flood,1
0.00019,3,0.0,15789.473684210525,0.0,0.0,0.0,9.5e-05,0.00013293607486307093,0,0,2.0,6,1,benign,0
0.105395,4,1398.0,37.95246453816595,13264.386356089,345.6,21.36117974270148,0.03513166666666667,0.06084636751962548,0,0,0.0,17,8,pulsed_mixed_flood,1
0.000507,4,123.0,7889.546351084813,242603.550295858,33.8,19.979989989987484,0.000169,0.00028838689290604035,0,0,0.0,6,1,benign,0
4e-06,3,0.0,750000.0,0.0,0.0,0.0,2e-06,1.4142135623730952e-06,0,0,0.0,6,1,benign,0
37.529043,10,0.0,0.2664602984946885,0.0,0.0,0.0,4.169893666666666,6.811843025024323,0,1,0.0,6,0,udp_flood,1
5e-06,6,2496.0,1200000.0,499200000.0,419.4285714285714,35.13240262614719,1e-06,0.0,0,0,0.0,17,4,icmp_flood,1
0.000154,3,0.0,19480.519480519484,0.0,0.0,0.0,7.7e-05,0.00010465180361560905,0,0,2.0,6,1,benign,0
0.00016,3,0.0,18750.0,0.0,0.0,0.0,8e-05,0.0001103086578651014,0,0,2.0,6,1,benign,0
116.886807,49,9976.0,0.4192089873752818,85.34752771542472,199.52000000000007,497.8941056170109,2.4351418124999995,11.764991255106517,0,1,0.0,6,1,benign,0
1e-06,2,2944.0,2000000.0,2944000000.0,1472.0,0.0,1e-06,0.0,0,0,0.0,17,3,dns_amplification,1
0.0009,108,47520.0,120000.0,52800000.0,440.0,0.0,8.411214953271026e-06,1.6951069021238544e-05,0,0,0.0,17,4,icmp_flood,1
0.020595,4,456.0,194.22189851905804,22141.296431172617,101.2,70.10848736066126,0.006865,0.011885332641537636,0,0,1.0,17,1,benign,0
114.464585,42,0.0,0.3669257176794027,0.0,0.0,0.0,2.791819146341464,4.2803200417636145,0,0,0.0,17,1,benign,0
1e-06,2,2944.0,2000000.0,2944000000.0,1472.0,0.0,1e-06,0.0,0,0,0.0,17,6,slowloris_low_rate,1
1.811908,18,1602.0,9.934279223889954,884.1508509262061,84.3157894736842,167.72333456935658,0.10658282352941176,0.4263199267550187,0,1,0.0,6,1,benign,0
0.101564,4,410.0,39.38403371273286,4036.863455555118,91.4,60.79720388307344,0.03385466666666667,0.05863280658755244,0,0,1.0,17,1,benign,0
0.000941,4,102.0,4250.797024442083,108395.32412327312,28.2,17.049926686059383,0.00031366666666666663,0.0005398234279218838,0,0,0.0,6,1,benign,0
5.6e-05,4,1760.0,71428.57142857142,31428571.42857143,440.0,0.0,1.8666666666666665e-05,3.059956426705017e-05,0,0,0.0,17,4,icmp_flood,1
0.000126,3,0.0,23809.52380952381,0.0,0.0,0.0,6.3e-05,8.62670273047588e-05,0,0,2.0,6,1,benign,0
1e-06,2,0.0,2000000.0,0.0,0.0,0.0,1e-06,0.0,0,1,0.0,6,0,udp_flood,1
0.046934,4,224.0,85.2260621297993,4772.659479268761,50.6,29.57701810527897,0.015644666666666668,0.027092161381723188,0,0,1.0,17,1,benign,0
0.020604,4,152.0,194.1370607649,7377.208309066201,36.4,8.763560920082657,0.006868,0.01189139482987593,0,0,1.0,17,1,benign,0
2e-06,2,2944.0,1000000.0,1472000000.0,1472.0,0.0,2e-06,0.0,0,0,0.0,17,3,dns_amplification,1
4.9e-05,2,802.0,40816.32653061225,16367346.938775511,401.0,0.0,4.9e-05,0.0,0,0,0.0,17,8,pulsed_mixed_flood,1
2e-06,2,2944.0,1000000.0,1472000000.0,1472.0,0.0,2e-06,0.0,0,0,0.0,17,6,slowloris_low_rate,1
0.020648,4,204.0,193.72336303758237,9879.8915149167,49.4,8.763560920082657,0.006882666666666666,0.011917664256612255,0,0,1.0,17,1,benign,0
0.020606,4,212.0,194.1182179947588,10288.265553722216,51.4,8.763560920082657,0.006868666666666666,0.011892549530413294,0,0,1.0,17,1,benign,0
1e-06,2,0.0,2000000.0,0.0,0.0,0.0,1e-06,0.0,0,1,0.0,6,1,syn_flood,1
1e-06,2,802.0,2000000.0,802000000.0,401.0,0.0,1e-06,0.0,0,0,0.0,17,8,pulsed_mixed_flood,1
0.020575,4,264.0,194.4106925880924,12831.105710814096,60.4,30.672463220289305,0.006858333333333334,0.011873785636153843,0,0,1.0,17,1,benign,0
0.020821,4,380.0,192.1137313289468,18250.80447624994,82.2,70.10848736066126,0.006940333333333334,0.012016679838180479,0,0,1.0,17,1,benign,0
0.020582,4,160.0,194.34457292780095,7773.782917112041,38.4,8.763560920082657,0.006860666666666666,0.011867436847665693,0,0,1.0,17,1,benign,0
0.020914,4,188.0,191.2594434350196,8989.193841445922,44.2,15.336231610144653,0.006971333333333334,0.012034021369988225,0,0,1.0,17,1,benign,0
0.065992,4,172.0,60.6134076857801,2606.376530488544,41.4,8.763560920082657,0.021997333333333337,0.038097034862746654,0,0,1.0,17,1,benign,0
1e-06,2,2944.0,2000000.0,2944000000.0,1472.0,0.0,1e-06,0.0,0,0,0.0,17,3,dns_amplification,1
1e-06,2,766.0,2000000.0,766000000.0,383.0,0.0,1e-06,0.0,0,0,0.0,17,0,udp_flood,1
1e-06,2,750.0,2000000.0,750000000.0,375.0,0.0,1e-06,0.0,0,0,0.0,17,8,pulsed_mixed_flood,1
0.00455,173,76120.0,38021.978021978015,16729670.329670329,440.0,0.0,2.6453488372093016e-05,4.4720616012439144e-05,0,0,0.0,17,4,icmp_flood,1
0.000224,4,0.0,17857.14285714286,0.0,0.0,0.0,7.466666666666667e-05,0.00012672937044479204,0,0,3.0,6,1,http_get_flood,1
2e-06,2,2944.0,1000000.0,1472000000.0,1472.0,0.0,2e-06,0.0,0,0,0.0,17,3,dns_amplification,1
0.046285,4,264.0,86.42108674516581,5703.791725180944,60.4,30.672463220289305,0.015428333333333332,0.026714863022919158,0,0,1.0,17,1,benign,0
0.020568,4,204.0,194.4768572539868,9918.319719953326,49.4,8.763560920082657,0.006856,0.011869744184269516,0,0,1.0,17,1,benign,0
1e-06,2,0.0,2000000.0,0.0,0.0,0.0,1e-06,0.0,0,1,0.0,6,0,udp_flood,1
7.1e-05,4,0.0,56338.02816901408,0.0,0.0,0.0,2.3666666666666665e-05,3.9259818304894546e-05,0,1,1.0,6,1,syn_flood,1
2e-06,2,2944.0,1000000.0,1472000000.0,1472.0,0.0,2e-06,0.0,0,0,0.0,17,6,slowloris_low_rate,1
1e-06,2,0.0,2000000.0,0.0,0.0,0.0,1e-06,0.0,0,1,0.0,6,1,syn_flood,1
1e-06,2,2944.0,2000000.0,2944000000.0,1472.0,0.0,1e-06,0.0,0,0,0.0,17,6,slowloris_low_rate,1
1e-06,2,31.0,2000000.0,31000000.0,20.666666666666664,17.8978583448784,1e-06,0.0,0,0,0.0,6,1,benign,0
0.046721,4,256.0,85.61460585175831,5479.334774512532,58.8,28.48157299026864,0.015573666666666668,0.02697091782519337,0,0,1.0,17,1,benign,0
2e-06,2,2944.0,1000000.0,1472000000.0,1472.0,0.0,2e-06,0.0,0,0,0.0,17,6,slowloris_low_rate,1
2e-06,3,0.0,1500000.0,0.0,0.0,0.0,1e-06,0.0,0,0,2.0,6,1,http_get_flood,1
1e-06,2,2944.0,2000000.0,2944000000.0,1472.0,0.0,1e-06,0.0,0,0,0.0,17,3,dns_amplification,1
1.046032,6,0.0,5.735962188537253,0.0,0.0,0.0,0.2092064,0.45951342297837167,0,1,2.0,6,1,benign,0
1e-06,2,0.0,2000000.0,0.0,0.0,0.0,1e-06,0.0,0,1,0.0,6,0,udp_flood,1
0.01882,32,14080.0,1700.3188097768332,748140.2763018066,440.0,0.0,0.0006070967741935482,0.0031314692329622606,0,0,0.0,17,4,icmp_flood,1
0.001108,200,88000.0,180505.41516245485,79422382.67148013,440.0,0.0,5.567839195979903e-06,1.2482884073894717e-05,0,0,0.0,17,4,icmp_flood,1
0.066181,4,180.0,60.44030764116589,2719.8138438524647,42.2,15.336231610144653,0.022060333333333335,0.03820355601685965,0,0,1.0,17,1,benign,0
2e-06,2,2944.0,1000000.0,1472000000.0,1472.0,0.0,2e-06,0.0,0,0,0.0,17,3,dns_amplification,1
117.56738,61,11282.0,0.518851402489364,95.96199217844271,181.9677419354837,389.59478603160767,1.959456333333333,10.596886307260117,0,1,0.0,6,1,benign,0
0.000162,3,0.0,18518.51851851852,0.0,0.0,0.0,8.1e-05,0.00011172287142747452,0,0,2.0,6,1,benign,0
0.1077,4,1398.0,37.14020427112349,12980.501392757658,345.6,21.36117974270148,0.0359,0.06217889194091513,0,0,0.0,17,8,pulsed_mixed_flood,1
0.065684,4,320.0,60.897631082150895,4871.8104865720725,70.4,52.58136552049595,0.021894666666666663,0.03792094303064381,0,0,1.0,17,1,benign,0
0.020824,4,62.0,192.0860545524395,2977.3338455628127,12.4,16.97939928266015,0.006941333333333334,0.012020143939792623,0,0,3.0,6,1,benign,0
0.003649,6,2352.0,1644.286105782406,644560.1534667033,398.8571428571428,70.2648052522944,0.0007298,0.001496711962937425,0,0,0.0,17,4,icmp_flood,1
0.000186,3,0.0,16129.032258064515,0.0,0.0,0.0,9.3e-05,0.00012727922061357857,0,0,2.0,6,1,benign,0
1e-06,2,0.0,2000000.0,0.0,0.0,0.0,1e-06,0.0,0,1,0.0,6,1,syn_flood,1
5.811713,27,10026.0,4.645790320341008,1725.1368056199606,358.07142857142856,782.1279107556952,0.22352742307692308,0.7949697331733416,0,1,0.0,6,1,benign,0
0.000122,4,0.0,32786.885245901634,0.0,0.0,0.0,4.066666666666667e-05,6.784049921199972e-05,0,1,1.0,6,0,udp_flood,1
0.000137,3,0.0,21897.810218978106,0.0,0.0,0.0,6.85e-05,9.545941546018392e-05,0,0,2.0,6,1,benign,0
0.000123,3,0.0,24390.243902439022,0.0,0.0,0.0,6.15e-05,8.273149339882606e-05,0,0,2.0,6,1,benign,0
0.000178,3,0.0,16853.932584269663,0.0,0.0,0.0,8.9e-05,0.0001230365799264593,0,0,2.0,6,1,benign,0
1e-06,2,802.0,2000000.0,802000000.0,401.0,0.0,1e-06,0.0,0,0,0.0,17,0,udp_flood,1
0.020565,4,226.0,194.5052273279844,10989.54534403112,52.0,24.647515087732486,0.006855,0.011868012133461949,0,0,1.0,17,1,benign,0
1e-06,2,0.0,2000000.0,0.0,0.0,0.0,1e-06,0.0,0,1,0.0,6,1,syn_flood,1
0.000131,3,0.0,22900.763358778622,0.0,0.0,0.0,6.55e-05,9.121677477306464e-05,0,0,2.0,6,1,benign,0
0.05392,4,288.0,74.1839762611276,5341.246290801188,65.6,35.05424368033063,0.017973333333333334,0.03112553037834589,0,0,1.0,17,1,benign,0
0.02182,10,4112.0,458.29514207149407,188450.9624197984,413.8181818181818,58.25086811682412,0.0024244444444444448,0.0029094671810793423,0,0,0.0,17,4,icmp_flood,1
0.020694,4,300.0,193.2927418575433,14496.955639315744,69.4,30.672463220289305,0.006898,0.011942490360054724,0,0,1.0,17,1,benign,0
0.056401,4,484.0,70.9207283558802,8581.408131061506,106.2,81.06293851076458,0.018800333333333336,0.03255880240938437,0,0,1.0,17,1,benign,0
15.11383,33,27254.0,2.1834306724370998,1803.249077169718,801.5882352941177,1144.8164631952377,0.4723071875,1.945536636989169,0,1,1.0,6,1,benign,0
1e-06,2,0.0,2000000.0,0.0,0.0,0.0,1e-06,0.0,0,1,0.0,6,0,udp_flood,1
1e-06,2,0.0,2000000.0,0.0,0.0,0.0,1e-06,0.0,0,1,0.0,6,1,syn_flood,1
0.042509,14,1670.0,329.3420216895246,39285.79830153615,111.33333333333334,191.20432850250864,0.003269923076923076,0.007794831636641663,0,1,0.0,6,1,benign,0
0.00033,5,154.0,15151.515151515152,466666.66666666674,33.333333333333336,17.90716802475106,8.25e-05,0.00016100207038006271,0,0,0.0,6,1,benign,0
0.000376,4,0.0,10638.297872340429,0.0,0.0,0.0,0.00012533333333333334,0.00010608644274049977,0,0,3.0,6,1,benign,0
1e-06,2,766.0,2000000.0,766000000.0,383.0,0.0,1e-06,0.0,0,0,0.0,17,8,pulsed_mixed_flood,1
0.020844,4,402.0,191.90174630589135,19286.12550374208,89.6,59.70175876806311,0.006948,0.012029958894360366,0,0,1.0,17,1,benign,0
0.060802,2,0.0,32.89365481398638,0.0,0.0,0.0,0.060802,0.0,0,0,1.0,6,1,benign,0
0.020706,4,200.0,193.1807205640877,9659.036028204386,48.4,8.763560920082657,0.006902,0.011939027724232824,0,0,1.0,17,1,benign,0
0.044793,4,286.0,89.29966735873909,6384.926216149845,64.6,37.79285646785646,0.014931,0.025855188434819043,0,0,1.0,17,1,benign,0
1e-06,2,0.0,2000000.0,0.0,0.0,0.0,1e-06,0.0,0,1,0.0,6,1,syn_flood,1
1e-06,2,2944.0,2000000.0,2944000000.0,1472.0,0.0,1e-06,0.0,0,0,0.0,17,3,dns_amplification,1
0.020533,4,132.0,194.8083572785273,6428.6757901914,31.4,8.763560920082657,0.006844333333333334,0.011849536924847878,0,0,1.0,17,1,benign,0
0.000571,12,4848.0,21015.761821366024,8490367.775831874,406.7692307692308,81.11530254947156,5.1909090909090904e-05,0.0001567089369151961,0,0,0.0,17,4,icmp_flood,1
0.106457,4,1438.0,37.57385611091802,13507.801271875029,353.6,32.3156308928048,0.03548566666666667,0.06146124555631241,0,0,0.0,17,8,pulsed_mixed_flood,1
89.083403,14,0.0,0.1571560978648289,0.0,0.0,0.0,6.852569461538461,7.992121142460332,0,1,0.0,6,1,syn_flood,1
1e-06,2,766.0,2000000.0,766000000.0,383.0,0.0,1e-06,0.0,0,0,0.0,17,0,udp_flood,1
1e-06,2,766.0,2000000.0,766000000.0,383.0,0.0,1e-06,0.0,0,0,0.0,17,8,pulsed_mixed_flood,1
0.013575,134,58960.0,9871.086556169428,4343278.084714549,440.0,0.0,0.00010206766917293233,0.0004686738090885672,0,0,0.0,17,4,icmp_flood,1
3.97363,4,0.0,1.0066362494746617,0.0,0.0,0.0,1.3245433333333334,2.2941321829952024,0,1,0.0,6,0,udp_flood,1
4.9e-05,2,0.0,40816.32653061225,0.0,0.0,0.0,4.9e-05,0.0,0,1,0.0,6,1,syn_flood,1
0.075809,35,22955.0,461.6866071310794,302800.459048398,637.6388888888888,916.1844528190276,0.0022296764705882345,0.006100484534758163,0,1,1.0,6,1,benign,0
0.020548,4,404.0,194.66614755693985,19661.28090325092,92.8,44.913249715423625,0.006849333333333334,0.011859063214829968,0,0,1.0,17,1,benign,0
0.020514,4,200.0,194.9887881446817,9749.439407234084,48.4,8.763560920082657,0.006838,0.01184029936276951,0,0,1.0,17,1,benign,0
1e-06,2,31.0,2000000.0,31000000.0,20.666666666666664,17.8978583448784,1e-06,0.0,0,0,0.0,6,1,benign,0
0.000233,4,0.0,17167.381974248932,0.0,0.0,0.0,7.766666666666667e-05,8.23549229453427e-05,0,0,3.0,6,1,benign,0
1e-06,2,2944.0,2000000.0,2944000000.0,1472.0,0.0,1e-06,0.0,0,0,0.0,17,6,slowloris_low_rate,1
1e-06,2,2848.0,2000000.0,2848000000.0,1424.0,0.0,1e-06,0.0,0,0,0.0,17,6,slowloris_low_rate,1
0.000205,3,0.0,14634.146341463416,0.0,0.0,0.0,0.0001025,0.0001435426765808691,0,0,2.0,6,1,benign,0
2e-06,2,2944.0,1000000.0,1472000000.0,1472.0,0.0,2e-06,0.0,0,0,0.0,17,6,slowloris_low_rate,1
0.860032,26,22804.0,30.23143324899539,26515.29245423426,844.5925925925926,1218.202498616436,0.03440128,0.13756455533873296,0,1,1.0,6,1,benign,0
1e-06,2,2944.0,2000000.0,2944000000.0,1472.0,0.0,1e-06,0.0,0,0,0.0,17,6,slowloris_low_rate,1
1e-06,2,0.0,2000000.0,0.0,0.0,0.0,1e-06,0.0,0,1,0.0,6,1,syn_flood,1
1e-06,2,0.0,2000000.0,0.0,0.0,0.0,1e-06,0.0,0,1,0.0,6,1,syn_flood,1
1e-06,2,778.0,2000000.0,778000000.0,389.0,0.0,1e-06,0.0,0,0,0.0,17,8,pulsed_mixed_flood,1
0.000149,24,10272.0,161073.8255033557,68939597.31543624,428.48,39.87179454200676,6.478260869565218e-06,1.4093420661033775e-05,0,0,0.0,17,4,icmp_flood,1
0.020803,4,390.0,192.2799596212085,18747.296063067828,87.2,56.41542342303211,0.006934333333333334,0.012005421497529077,0,0,1.0,17,1,benign,0
1e-06,2,766.0,2000000.0,766000000.0,383.0,0.0,1e-06,0.0,0,0,0.0,17,8,pulsed_mixed_flood,1
0.020769,4,172.0,192.5947325340652,8281.573498964803,41.4,8.763560920082657,0.006923,0.011986657624208679,0,0,1.0,17,1,benign,0
1e-06,2,31.0,2000000.0,31000000.0,20.666666666666664,17.8978583448784,1e-06,0.0,0,0,0.0,6,1,benign,0
0.000327,3,62.0,9174.311926605507,189602.44648318048,23.25,15.5,0.0001635,0.00022698127676088178,0,0,0.0,6,1,benign,0
7.270017,10,0.0,1.3755126019650297,0.0,0.0,0.0,0.8077796666666666,1.4483808726969918,0,1,4.0,6,1,benign,0
1e-06,2,2944.0,2000000.0,2944000000.0,1472.0,0.0,1e-06,0.0,0,0,0.0,17,6,slowloris_low_rate,1
118.765936,61,16208.0,0.5136152844364398,136.47010705157075,261.41935483870964,571.2708739490644,1.979432266666666,10.70655281071372,0,1,0.0,6,1,benign,0
0.001658,76,33440.0,45838.35946924005,20168878.16646562,440.0,0.0,2.210666666666667e-05,8.985477372048945e-05,0,0,0.0,17,4,icmp_flood,1
0.02059,4,232.0,194.26906265177269,11267.605633802816,55.2,15.336231610144653,0.006863333333333334,0.011881579875308393,0,0,1.0,17,1,benign,0
32.559958,11,0.0,0.3378382736243087,0.0,0.0,0.0,3.2559958,9.953830274066938,0,1,0.0,6,1,http_get_flood,1
4.9e-05,2,2944.0,40816.32653061225,60081632.65306122,1472.0,0.0,4.9e-05,0.0,0,0,0.0,17,6,slowloris_low_rate,1
0.108207,4,1438.0,36.966185182104674,13289.343572966627,353.6,32.3156308928048,0.036069,0.062471608527394265,0,0,0.0,17,8,pulsed_mixed_flood,1
1e-06,2,2944.0,2000000.0,2944000000.0,1472.0,0.0,1e-06,0.0,0,0,0.0,17,3,dns_amplification,1
1e-06,2,0.0,2000000.0,0.0,0.0,0.0,1e-06,0.0,0,1,0.0,6,1,syn_flood,1
1e-06,2,1978.0,2000000.0,1978000000.0,989.0,0.0,1e-06,0.0,0,0,0.0,17,3,dns_amplification,1
0.02059,4,388.0,194.26906265177269,18844.099077221952,88.8,44.913249715423625,0.006863333333333334,0.011882445890191688,0,0,1.0,17,1,benign,0
1e-06,2,802.0,2000000.0,802000000.0,401.0,0.0,1e-06,0.0,0,0,0.0,17,8,pulsed_mixed_flood,1
115.961622,64,13163.0,0.5519067334190961,113.51169268743068,224.96923076923068,609.8801616206756,1.8406606666666665,3.840770536405541,0,0,1.0,6,1,benign,0
1e-06,2,0.0,2000000.0,0.0,0.0,0.0,1e-06,0.0,0,1,0.0,6,0,udp_flood,1
0.060988,2,0.0,32.79333639404473,0.0,0.0,0.0,0.060988,0.0,0,0,1.0,6,1,benign,0
0.001279,5,0.0,3909.304143862393,0.0,0.0,0.0,0.00031975,0.0005067092361502797,0,0,0.0,6,1,benign,0
0.0208,4,414.0,192.3076923076923,19903.84615384616,91.6,65.17898434311476,0.006933333333333334,0.012003689446721508,0,0,1.0,17,1,benign,0
2e-06,2,2944.0,1000000.0,1472000000.0,1472.0,0.0,2e-06,0.0,0,0,0.0,17,6,slowloris_low_rate,1
0.001687,5,154.0,2963.8411381149967,91286.30705394191,33.333333333333336,17.90716802475106,0.00042175,0.0008395003970616494,0,0,0.0,6,1,benign,0
71.493119,103,26792.0,1.4406980901196942,374.74935175229945,258.05769230769226,650.4627751701103,0.7009129313725491,5.012955286561462,0,0,1.0,6,1,benign,0
0.000166,3,0.0,18072.289156626503,0.0,0.0,0.0,8.3e-05,0.0001131370849898476,0,0,2.0,6,1,benign,0
5.225495,7,0.0,1.3395860105119228,0.0,0.0,0.0,0.8709158333333332,2.113173999440124,0,1,0.0,6,1,benign,0
0.02091,4,62.0,191.29603060736488,2965.088474414156,12.4,16.97939928266015,0.00697,0.012069796062900151,0,0,3.0,6,1,benign,0
0.032321,2,0.0,61.87927353732865,0.0,0.0,0.0,0.032321,0.0,0,0,1.0,6,1,benign,0
0.010076,5,62.0,496.2286621675268,6153.2354108773325,10.333333333333334,16.00833116432399,0.002519,0.005034666688735876,0,0,0.0,6,1,benign,0
2e-06,2,802.0,1000000.0,401000000.0,401.0,0.0,2e-06,0.0,0,0,0.0,17,8,pulsed_mixed_flood,1
4.8e-05,2,2944.0,41666.66666666666,61333333.33333333,1472.0,0.0,4.8e-05,0.0,0,0,0.0,17,6,slowloris_low_rate,1
0.315876,9,692.0,28.49219313907989,2190.733072471476,69.2,145.88640938910126,0.0394845,0.09087637321737073,0,1,0.0,6,1,benign,0
0.000136,8,3520.0,58823.52941176471,25882352.94117647,440.0,0.0,1.942857142857143e-05,3.407764244025273e-05,0,0,0.0,17,4,icmp_flood,1
1e-06,2,750.0,2000000.0,750000000.0,375.0,0.0,1e-06,0.0,0,0,0.0,17,8,pulsed_mixed_flood,1
0.206175,27,11370.0,130.956711531466,55147.3263004729,406.07142857142856,730.3246831766969,0.007929807692307693,0.01928906537916077,0,1,1.0,6,1,benign,0
0.064966,4,140.0,61.57066773389158,2154.9733706862053,33.4,8.763560920082657,0.021655333333333335,0.037502941449082804,0,0,1.0,17,1,benign,0
2e-06,2,2944.0,1000000.0,1472000000.0,1472.0,0.0,2e-06,0.0,0,0,0.0,17,6,slowloris_low_rate,1
2.1e-05,2,2944.0,95238.09523809524,140190476.1904762,1472.0,0.0,2.1e-05,0.0,0,0,0.0,17,6,slowloris_low_rate,1
0.000217,3,0.0,13824.884792626728,0.0,0.0,0.0,0.0001085,0.00014919953083036155,0,0,2.0,6,1,benign,0
0.316303,124,135104.0,392.0291619112054,427134.741055254,1080.832,1094.1317130123566,0.0025715691056910563,0.010790971152364779,0,1,1.0,6,1,benign,0
8.5e-05,3,0.0,35294.11764705882,0.0,0.0,0.0,4.25e-05,5.868986283848344e-05,0,0,2.0,6,1,http_get_flood,1
1e-06,2,0.0,2000000.0,0.0,0.0,0.0,1e-06,0.0,0,1,0.0,6,1,syn_flood,1
2e-06,2,2944.0,1000000.0,1472000000.0,1472.0,0.0,2e-06,0.0,0,0,0.0,17,6,slowloris_low_rate,1
0.00066,74,32128.0,112121.21212121211,48678787.87878788,434.24,35.03351291302411,9.041095890410958e-06,1.8199846119743537e-05,0,0,0.0,17,4,icmp_flood,1
0.00028,3,0.0,10714.285714285716,0.0,0.0,0.0,0.00014,0.00019516147160748718,0,0,2.0,6,1,benign,0
1e-06,2,31.0,2000000.0,31000000.0,20.666666666666664,17.8978583448784,1e-06,0.0,0,0,0.0,6,1,benign,0
0.001,122,53680.0,122000.0,53680000.0,440.0,0.0,8.264462809917352e-06,1.7244694157450924e-05,0,0,0.0,17,4,icmp_flood,1
0.020634,4,208.0,193.85480275273815,10080.449743142386,50.4,8.763560920082657,0.006878,0.011907849302036033,0,0,1.0,17,1,benign,0
0.14726,4,328.0,27.16284123319299,2227.352981121825,74.2,42.72235948540296,0.049086666666666674,0.08501453846450814,0,0,1.0,17,1,benign,0
103.70789,16,0.0,0.1542794863534491,0.0,0.0,0.0,6.913859333333332,9.48448755782689,0,1,0.0,6,1,syn_flood,1
0.020662,4,236.0,193.5921014422612,11421.933985093408,57.4,8.763560920082657,0.006887333333333334,0.011928345247071504,0,0,1.0,17,1,benign,0
0.023238,184,80960.0,7918.065237972286,3483948.7047078065,440.0,0.0,0.00012698360655737708,0.0005575162785324563,0,0,0.0,17,4,icmp_flood,1
2e-06,3,100.0,1500000.0,50000000.0,42.25,33.380383460949034,1e-06,0.0,0,0,2.0,6,1,benign,0
5.006087,15,3088.0,2.996352240782072,616.8490479690025,193.0,378.62523247489287,0.35757764285714283,1.3376023295615185,0,1,0.0,6,1,http_get_flood,1
0.102662,2,0.0,19.48140499892852,0.0,0.0,0.0,0.102662,0.0,0,0,1.0,6,1,benign,0
117.003832,49,8664.0,0.4187897025458106,74.04885679299802,173.28000000000003,486.2715727337755,2.437579833333333,11.765169657168709,0,1,0.0,6,1,benign,0
1e-06,2,2944.0,2000000.0,2944000000.0,1472.0,0.0,1e-06,0.0,0,0,0.0,17,6,slowloris_low_rate,1
0.111052,2,0.0,18.009581097143677,0.0,0.0,0.0,0.111052,0.0,0,0,1.0,6,1,benign,0
1e-06,2,2944.0,2000000.0,2944000000.0,1472.0,0.0,1e-06,0.0,0,0,0.0,17,6,slowloris_low_rate,1
104.731934,48,0.0,0.4583129344293404,0.0,0.0,0.0,2.2283390212765966,4.0767783259397925,0,0,0.0,17,1,benign,0
1e-06,2,0.0,2000000.0,0.0,0.0,0.0,1e-06,0.0,0,1,0.0,6,0,udp_flood,1
0.000143,2,0.0,13986.013986013986,0.0,0.0,0.0,0.000143,0.0,0,0,1.0,6,1,http_get_flood,1
0.092133,2,0.0,21.70774858085593,0.0,0.0,0.0,0.092133,0.0,0,0,1.0,6,1,benign,0
0.020727,4,222.0,192.9849954166064,10710.667245621651,49.4,33.411076007815126,0.006909,0.011964140963729908,0,0,1.0,17,1,benign,0
0.020658,4,676.0,193.62958660083265,32723.40013554072,143.4,140.21697472132252,0.006886,0.011921705708496582,0,0,1.0,17,1,benign,0
1e-06,2,0.0,2000000.0,0.0,0.0,0.0,1e-06,0.0,0,1,0.0,6,1,syn_flood,1
0.000115,4,0.0,34782.608695652176,0.0,0.0,0.0,3.833333333333333e-05,6.466323014923809e-05,0,1,1.0,6,1,syn_flood,1
1e-06,2,0.0,2000000.0,0.0,0.0,0.0,1e-06,0.0,0,1,0.0,6,0,udp_flood,1
1e-06,2,2928.0,2000000.0,2928000000.0,1464.0,0.0,1e-06,0.0,0,0,0.0,17,6,slowloris_low_rate,1
1e-06,2,750.0,2000000.0,750000000.0,375.0,0.0,1e-06,0.0,0,0,0.0,17,8,pulsed_mixed_flood,1
0.000105,3,0.0,28571.42857142857,0.0,0.0,0.0,5.25e-05,5.727564927611035e-05,0,0,2.0,6,1,http_get_flood,1
3e-06,2,2944.0,666666.6666666665,981333333.3333333,1472.0,0.0,3e-06,0.0,0,0,0.0,17,8,pulsed_mixed_flood,1
0.000831,4,123.0,4813.477737665463,148014.44043321302,33.8,19.979989989987484,0.000277,0.0004754482095875428,0,0,0.0,6,1,benign,0
1e-06,2,0.0,2000000.0,0.0,0.0,0.0,1e-06,0.0,0,1,0.0,6,0,udp_flood,1
30.056124,23,3538.0,0.7652350649072381,117.71311563660038,147.41666666666666,411.68021746165465,1.3661874545454546,3.4988814410713593,0,1,0.0,6,1,benign,0
0.23121,47,18396.0,203.27840491328232,79564.03269754768,383.25000000000017,736.7556972611807,0.005026304347826088,0.015696769939307135,0,1,0.0,6,1,benign,0
1e-06,2,2944.0,2000000.0,2944000000.0,1472.0,0.0,1e-06,0.0,0,0,0.0,17,3,dns_amplification,1
1e-06,2,2944.0,2000000.0,2944000000.0,1472.0,0.0,1e-06,0.0,0,0,0.0,17,6,slowloris_low_rate,1
0.020842,4,412.0,191.92016121293543,19767.776604932347,92.6,56.96314598053728,0.006947333333333334,0.012028804276956765,0,0,1.0,17,1,benign,0
15.142135,19,1018.0,1.2547768197813585,67.22962118618015,50.90000000000001,106.5867079695657,0.841229722222222,2.55863923271717,0,1,0.0,6,1,benign,0
0.000105,3,0.0,28571.42857142857,0.0,0.0,0.0,5.25e-05,7.14177848998413e-05,0,0,2.0,6,1,http_get_flood,1
9.7e-05,3,0.0,30927.8350515464,0.0,0.0,0.0,4.85e-05,6.576093065034892e-05,0,0,2.0,6,1,benign,0
0.000157,3,0.0,19108.280254777063,0.0,0.0,0.0,7.85e-05,0.0001081873375215418,0,0,2.0,6,1,benign,0
98.461192,14,0.0,0.1421880003240261,0.0,0.0,0.0,7.573937846153848,9.114889387761734,0,1,0.0,6,1,syn_flood,1
1e-06,2,0.0,2000000.0,0.0,0.0,0.0,1e-06,0.0,0,1,0.0,6,1,syn_flood,1
30.050498,1116,3261674.0,37.13748770486266,108539.76529773316,2920.0304386750176,4386.812527088225,0.026951119282511204,0.8889608213500496,0,1,4.0,6,1,benign,0
115.896612,59,1546.0,0.5090744153936095,13.339475359296957,25.766666666666666,95.75133165718528,1.9982174482758617,3.968038709131065,0,1,0.0,6,1,benign,0
0.020874,4,588.0,191.6259461531092,28169.01408450704,134.2,70.10848736066126,0.006958,0.012046413366641544,0,0,1.0,17,1,benign,0
0.000186,3,0.0,16129.032258064515,0.0,0.0,0.0,9.3e-05,0.00012869343417595163,0,0,2.0,6,1,benign,0
1e-06,2,750.0,2000000.0,750000000.0,375.0,0.0,1e-06,0.0,0,0,0.0,17,8,pulsed_mixed_flood,1
0.074695,21,5251.0,281.1433161523529,70299.21681504787,238.68181818181813,429.9955023423292,0.003734750000000002,0.0076827758338479405,0,1,1.0,6,1,benign,0
0.0445,2,0.0,44.943820224719104,0.0,0.0,0.0,0.0445,0.0,0,0,1.0,6,1,benign,0
7.199765,10,0.0,1.3889342221586398,0.0,0.0,0.0,0.7999738888888889,1.4295728633045819,0,1,4.0,6,1,benign,0
0.004445,12,5280.0,2699.6625421822278,1187851.51856018,440.0,0.0,0.00040409090909090907,0.0004776711116543378,0,0,0.0,17,4,icmp_flood,1
0.000112,3,0.0,26785.714285714286,0.0,0.0,0.0,5.6e-05,7.636753236814713e-05,0,0,2.0,6,1,benign,0
0.020664,4,180.0,193.57336430507164,8710.801393728223,41.8,17.527121840165314,0.006888,0.011926035845996776,0,0,1.0,17,1,benign,0
0.00019,3,0.0,15789.473684210525,0.0,0.0,0.0,9.5e-05,0.00012869343417595163,0,0,2.0,6,1,benign,0
1e-06,2,2944.0,2000000.0,2944000000.0,1472.0,0.0,1e-06,0.0,0,0,0.0,17,3,dns_amplification,1
1e-06,2,31.0,2000000.0,31000000.0,20.666666666666664,17.8978583448784,1e-06,0.0,0,0,0.0,6,1,benign,0
0.047332,4,300.0,84.50942280064226,6338.206710048173,69.4,30.672463220289305,0.01577733333333333,0.027324544869646656,0,0,1.0,17,1,benign,0
0.000236,3,0.0,12711.86440677966,0.0,0.0,0.0,0.000118,0.00016122034611053282,0,0,2.0,6,1,benign,0
2e-06,2,2944.0,1000000.0,1472000000.0,1472.0,0.0,2e-06,0.0,0,0,0.0,17,3,dns_amplification,1
0.232195,27,11390.0,116.28157367729708,49053.59719201533,406.78571428571433,730.6051452781305,0.008930576923076921,0.023140197757448966,0,1,1.0,6,1,benign,0
1e-06,2,2944.0,2000000.0,2944000000.0,1472.0,0.0,1e-06,0.0,0,0,0.0,17,6,slowloris_low_rate,1
0.000162,3,0.0,18518.51851851852,0.0,0.0,0.0,8.1e-05,0.0001145512985522207,0,0,2.0,6,1,benign,0
5e-05,2,2944.0,40000.0,58880000.0,1472.0,0.0,5e-05,0.0,0,0,0.0,17,6,slowloris_low_rate,1
0.002005,86,37840.0,42892.768079800495,18872817.955112223,440.0,0.0,2.3588235294117644e-05,3.258077658376363e-05,0,0,0.0,17,4,icmp_flood,1
117.315995,138,82138.0,1.1763101868590042,700.1432328132237,590.9208633093529,863.8641873996819,0.8563211313868614,7.014168453469094,0,1,1.0,6,1,benign,0
0.020637,4,262.0,193.8266220865436,12695.643746668606,61.6,21.36117974270148,0.006879,0.01191131344562807,0,0,1.0,17,1,benign,0
1e-06,2,766.0,2000000.0,766000000.0,383.0,0.0,1e-06,0.0,0,0,0.0,17,0,udp_flood,1
0.020659,4,286.0,193.6202139503364,13843.845297449056,64.6,37.79285646785646,0.006886333333333334,0.011923149094653362,0,0,1.0,17,1,benign,0
3e-06,2,766.0,666666.6666666665,255333333.3333333,383.0,0.0,3e-06,0.0,0,0,0.0,17,0,udp_flood,1
1e-06,2,766.0,2000000.0,766000000.0,383.0,0.0,1e-06,0.0,0,0,0.0,17,8,pulsed_mixed_flood,1
3e-06,2,0.0,666666.6666666665,0.0,0.0,0.0,3e-06,0.0,0,0,0.0,6,1,benign,0
0.000235,5,76.0,21276.595744680853,323404.2553191489,19.0,20.81345718519632,5.875e-05,7.268367537945964e-05,0,0,0.0,6,1,benign,0
6.8e-05,4,0.0,58823.52941176471,0.0,0.0,0.0,2.2666666666666664e-05,3.752776749732568e-05,0,1,1.0,6,1,syn_flood,1
4.7e-05,2,0.0,42553.191489361714,0.0,0.0,0.0,4.7e-05,0.0,0,1,0.0,6,0,udp_flood,1
2e-06,2,0.0,1000000.0,0.0,0.0,0.0,2e-06,0.0,0,0,0.0,6,1,benign,0
0.205249,27,11380.0,131.54753494535905,55444.849914006896,406.4285714285714,730.4637506442677,0.007894192307692307,0.01914856818254405,0,1,1.0,6,1,benign,0
1e-06,2,2944.0,2000000.0,2944000000.0,1472.0,0.0,1e-06,0.0,0,0,0.0,17,6,slowloris_low_rate,1
2e-06,2,766.0,1000000.0,383000000.0,383.0,0.0,2e-06,0.0,0,0,0.0,17,8,pulsed_mixed_flood,1
0.000119,2,0.0,16806.722689075632,0.0,0.0,0.0,0.000119,0.0,0,0,1.0,6,1,http_get_flood,1
2e-06,2,2944.0,1000000.0,1472000000.0,1472.0,0.0,2e-06,0.0,0,0,0.0,17,6,slowloris_low_rate,1
7.245566,10,0.0,1.3801544282392846,0.0,0.0,0.0,0.8050628888888889,1.4391136046568254,0,1,4.0,6,1,benign,0
7.123243,10,0.0,1.4038549576365709,0.0,0.0,0.0,0.7914714444444445,1.4021122974102425,0,1,4.0,6,1,benign,0
0.000109,3,0.0,27522.935779816507,0.0,0.0,0.0,5.45e-05,7.28319984622144e-05,0,0,2.0,6,1,http_get_flood,1
3e-06,3,0.0,1000000.0,0.0,0.0,0.0,1.5e-06,7.071067811865476e-07,0,0,0.0,6,1,benign,0
1e-06,2,31.0,2000000.0,31000000.0,20.666666666666664,17.8978583448784,1e-06,0.0,0,0,0.0,6,1,benign,0
0.1825,2,0.0,10.95890410958904,0.0,0.0,0.0,0.1825,0.0,0,0,1.0,6,1,benign,0
96.258901,12,0.0,0.1246637960265098,0.0,0.0,0.0,8.750809181818182,12.62905424017191,0,1,0.0,6,1,syn_flood,1
117.324294,63,9742.0,0.5369731864740648,83.03480607349746,152.21875000000006,411.4192033834813,1.8923273225806452,10.40847206761054,0,1,0.0,6,1,benign,0
0.020817,4,156.0,192.15064610654755,7493.875198155354,37.4,8.763560920082657,0.006939,0.012013504401297732,0,0,1.0,17,1,benign,0
3e-06,3,0.0,1000000.0,0.0,0.0,0.0,1.5e-06,7.071067811865476e-07,0,0,0.0,6,1,benign,0
0.020591,4,228.0,194.25962799281243,11072.798795590305,54.2,15.336231610144653,0.006863666666666666,0.011883889276383104,0,0,1.0,17,1,benign,0
37.589788,8,0.0,0.2128237594742487,0.0,0.0,0.0,5.369969714285714,6.743474796772326,0,1,0.0,6,0,udp_flood,1
0.000126,2,0.0,15873.015873015873,0.0,0.0,0.0,0.000126,0.0,0,0,1.0,6,1,http_get_flood,1
1.1e-05,2,2944.0,181818.18181818185,267636363.6363637,1472.0,0.0,1.1e-05,0.0,0,0,0.0,17,6,slowloris_low_rate,1
0.000183,3,0.0,16393.442622950817,0.0,0.0,0.0,9.15e-05,0.000126572113832392,0,0,2.0,6,1,benign,0
0.020628,4,286.0,193.91118867558652,13864.64999030444,65.4,33.411076007815126,0.006876,0.011905251236324245,0,0,1.0,17,1,benign,0
2e-06,2,2944.0,1000000.0,1472000000.0,1472.0,0.0,2e-06,0.0,0,0,0.0,17,6,slowloris_low_rate,1
1e-06,2,2944.0,2000000.0,2944000000.0,1472.0,0.0,1e-06,0.0,0,0,0.0,17,3,dns_amplification,1
0.0206,4,236.0,194.17475728155335,11456.31067961165,56.2,15.336231610144653,0.006866666666666666,0.011889951485743469,0,0,1.0,17,1,benign,0
1e-06,2,0.0,2000000.0,0.0,0.0,0.0,1e-06,0.0,0,1,0.0,6,0,udp_flood,1
0.020633,4,288.0,193.8641981292105,13958.222265303157,66.0,32.863353450309965,0.0068776666666666665,0.011909004002574414,0,0,1.0,17,1,benign,0
1e-06,2,31.0,2000000.0,31000000.0,20.666666666666664,17.8978583448784,1e-06,0.0,0,0,0.0,6,1,benign,0
4e-06,3,0.0,750000.0,0.0,0.0,0.0,2e-06,1.4142135623730952e-06,0,0,0.0,6,1,benign,0
23.168634,59,50844.0,2.5465463350148307,2194.5186755507466,847.4,1022.9001177277564,0.39945920689655173,1.8683818712486828,0,1,1.0,6,1,benign,0
0.237168,51,21906.0,215.0374418133981,92364.90588949606,421.26923076923066,861.0650294356655,0.0047433599999999985,0.015188698570842676,0,1,0.0,6,1,benign,0
4.7e-05,2,2944.0,42553.191489361714,62638297.87234042,1472.0,0.0,4.7e-05,0.0,0,0,0.0,17,3,dns_amplification,1
1e-06,2,2928.0,2000000.0,2928000000.0,1464.0,0.0,1e-06,0.0,0,0,0.0,17,3,dns_amplification,1
0.211458,6,2088.0,28.374428964617085,9874.301279686746,344.1428571428572,33.61759743263722,0.0422916,0.05796249216778037,0,0,0.0,17,8,pulsed_mixed_flood,1
0.120592,2,0.0,16.58484808279156,0.0,0.0,0.0,0.120592,0.0,0,0,1.0,6,1,benign,0
0.021181,3,0.0,141.6363722203862,0.0,0.0,0.0,0.0105905,0.014972986091625144,0,0,2.0,6,1,benign,0
9.1e-05,3,0.0,32967.03296703297,0.0,0.0,0.0,4.55e-05,6.010407640085654e-05,0,0,2.0,6,1,http_get_flood,1
3e-06,3,0.0,1000000.0,0.0,0.0,0.0,1.5e-06,2.1213203435596424e-06,0,0,2.0,6,1,benign,0
0.020618,4,256.0,194.00523814142983,12416.335241051507,61.2,15.336231610144653,0.006872666666666666,0.011900343790552161,0,0,1.0,17,1,benign,0
0.064692,9,1130.0,139.1207568169171,17467.383911457368,113.0,238.22491706601792,0.008086500000000002,0.019162802501572825,0,1,0.0,6,1,benign,0
0.020597,4,196.0,194.2030392775647,9515.948924600669,47.4,8.763560920082657,0.006865666666666666,0.011886487342076016,0,0,1.0,17,1,benign,0
1e-06,2,2944.0,2000000.0,2944000000.0,1472.0,0.0,1e-06,0.0,0,0,0.0,17,3,dns_amplification,1
0.003941,14,5728.0,3552.397868561279,1453438.2136513577,411.2,76.00300745929165,0.0003031538461538461,0.0009952102664055342,0,0,0.0,17,4,icmp_flood,1
5.544415,7,0.0,1.2625317549281574,0.0,0.0,0.0,0.9240691666666664,2.2365992525495857,0,1,0.0,6,1,benign,0
1e-06,2,31.0,2000000.0,31000000.0,20.666666666666664,17.8978583448784,1e-06,0.0,0,0,0.0,6,1,benign,0
0.090691,6,132.0,66.15871475670133,1455.4917246474292,23.28571428571429,16.007438746973087,0.0181382,0.040312152369974,0,0,1.0,6,1,benign,0
1e-06,2,2944.0,2000000.0,2944000000.0,1472.0,0.0,1e-06,0.0,0,0,0.0,17,3,dns_amplification,1
0.489825,45,11954.0,91.86954524575104,24404.634308171284,259.8695652173913,575.1273717358674,0.011132386363636367,0.026565738929065226,0,1,0.0,6,1,benign,0
0.00015,2,0.0,13333.333333333336,0.0,0.0,0.0,0.00015,0.0,0,0,1.0,6,1,http_get_flood,1
5e-05,2,2896.0,40000.0,57920000.0,1448.0,0.0,5e-05,0.0,0,0,0.0,17,6,slowloris_low_rate,1
1e-06,2,2896.0,2000000.0,2896000000.0,1448.0,0.0,1e-06,0.0,0,0,0.0,17,3,dns_amplification,1
0.000102,12,5280.0,117647.0588235294,51764705.88235294,440.0,0.0,9.272727272727271e-06,1.645655437259519e-05,0,0,0.0,17,4,icmp_flood,1
1e-06,2,766.0,2000000.0,766000000.0,383.0,0.0,1e-06,0.0,0,0,0.0,17,8,pulsed_mixed_flood,1
1e-06,2,0.0,2000000.0,0.0,0.0,0.0,1e-06,0.0,0,1,0.0,6,1,syn_flood,1
1e-06,2,2944.0,2000000.0,2944000000.0,1472.0,0.0,1e-06,0.0,0,0,0.0,17,3,dns_amplification,1
0.054724,4,264.0,73.09407207075506,4824.208756669834,60.4,30.672463220289305,0.018241333333333335,0.03158971997871037,0,0,1.0,17,1,benign,0
0.000108,3,0.0,27777.777777777777,0.0,0.0,0.0,5.4e-05,7.353910524340094e-05,0,0,2.0,6,1,http_get_flood,1
0.020912,4,260.0,191.2777352716145,12433.052792654937,59.4,30.672463220289305,0.006970666666666666,0.01206835267687075,0,0,1.0,17,1,benign,0
0.020573,4,200.0,194.4295921839304,9721.47960919652,48.4,8.763560920082657,0.006857666666666666,0.011873496971546897,0,0,1.0,17,1,benign,0
7.251447,10,0.0,1.3790351084411152,0.0,0.0,0.0,0.8057163333333335,1.4392778150002867,0,1,4.0,6,1,benign,0
1e-06,2,0.0,2000000.0,0.0,0.0,0.0,1e-06,0.0,0,1,0.0,6,1,syn_flood,1
0.020697,4,706.0,193.2647243561869,34111.22384886698,150.8,140.7646972788277,0.006899,0.011945088404863313,0,0,1.0,17,1,benign,0
9.4e-05,4,0.0,42553.191489361714,0.0,0.0,0.0,3.1333333333333334e-05,5.2538874496255945e-05,0,1,1.0,6,0,udp_flood,1
116.964253,771,678606.0,6.591757568870209,5801.823912815482,879.0233160621768,1054.6812585672062,0.15190162727272732,2.9549037590582508,0,1,1.0,6,1,benign,0
0.03234,4,0.0,123.68583797155226,0.0,0.0,0.0,0.01078,0.01866890963607677,0,0,3.0,6,1,benign,0
2e-06,2,1062.0,1000000.0,531000000.0,531.0,0.0,2e-06,0.0,0,0,0.0,17,3,dns_amplification,1
4e-06,3,62.0,750000.0,15500000.0,23.25,15.5,2e-06,1.4142135623730952e-06,0,0,0.0,6,1,benign,0
0.020667,4,216.0,193.5452653989452,10451.444331543038,50.8,17.527121840165314,0.006889,0.01192690186091929,0,0,1.0,17,1,benign,0
1e-06,2,972.0,2000000.0,972000000.0,486.0,0.0,1e-06,0.0,0,0,0.0,17,8,pulsed_mixed_flood,1
4.8e-05,2,2944.0,41666.66666666666,61333333.33333333,1472.0,0.0,4.8e-05,0.0,0,0,0.0,17,6,slowloris_low_rate,1
0.215099,6,2088.0,27.894132469235096,9707.158099293812,344.1428571428572,33.61759743263722,0.043019800000000004,0.058924918597313296,0,0,0.0,17,8,pulsed_mixed_flood,1
0.032315,4,0.0,123.78152560730308,0.0,0.0,0.0,0.010771666666666667,0.018653609847247617,0,0,3.0,6,1,benign,0
5.062162,7,0.0,1.3828083731812613,0.0,0.0,0.0,0.8436936666666668,2.0397273574670383,0,1,0.0,6,1,benign,0
0.034599,5,76.0,144.5128471921154,2196.5952773201543,19.0,20.81345718519632,0.00864975,0.017226240514111018,0,0,0.0,6,1,benign,0
1.559546,51,11638.0,32.701824761821705,7462.428168197667,223.8076923076923,481.823091709368,0.031190919999999994,0.16818937269344306,0,1,1.0,6,1,benign,0
0.337567,9,844.0,26.661373890220307,2500.244395927327,84.39999999999998,177.93082301214082,0.042195875,0.09793773553413192,0,1,0.0,6,1,benign,0
6.8e-05,3,0.0,44117.64705882353,0.0,0.0,0.0,3.4e-05,4.384062043356594e-05,0,0,2.0,6,1,benign,0
0.020654,4,192.0,193.6670862786869,9296.020141376974,46.4,8.763560920082657,0.006884666666666666,0.011921994394116002,0,0,1.0,17,1,benign,0
0.000247,3,0.0,12145.748987854253,0.0,0.0,0.0,0.0001235,0.00017182694782833104,0,0,2.0,6,1,benign,0
115.92351,59,2630.0,0.5089562936802035,22.68737376913449,43.83333333333334,172.8740274839777,1.9986812068965518,3.966714693276792,0,1,0.0,6,1,benign,0
58.141983,14,368.0,0.2407898609168524,6.329333486957264,27.6,23.32625743050706,4.47246023076923,16.0883141864729,0,0,0.0,6,1,benign,0
116.676495,49,8664.0,0.4199646209804297,74.25660155458047,173.28000000000003,486.2715727337755,2.4307603125000004,11.737496188544013,0,1,0.0,6,1,benign,0
0.020627,4,280.0,193.92058951859207,13574.44126630145,64.6,29.57701810527897,0.006875666666666666,0.011904673886055568,0,0,1.0,17,1,benign,0
45.385463,6,0.0,0.1322009208102603,0.0,0.0,0.0,9.0770926,13.24814014918988,0,1,0.0,6,0,udp_flood,1
3e-06,3,1193.0,1000000.0,397666666.6666666,588.75,662.0530567862368,1.5e-06,7.071067811865476e-07,0,0,0.0,6,1,benign,0
1e-06,2,0.0,2000000.0,0.0,0.0,0.0,1e-06,0.0,0,1,0.0,6,1,syn_flood,1
0.03299,124,54560.0,3758.714762049106,1653834.4953016066,440.0,0.0,0.0002682113821138212,0.0010805972183908189,0,0,0.0,17,4,icmp_flood,1
1e-06,2,802.0,2000000.0,802000000.0,401.0,0.0,1e-06,0.0,0,0,0.0,17,8,pulsed_mixed_flood,1
5.327103,7,0.0,1.314035039307481,0.0,0.0,0.0,0.8878505,2.147874062104829,0,1,0.0,6,1,benign,0
0.003337,8,3520.0,2397.3629008091093,1054839.6763560085,440.0,0.0,0.00047671428571428566,0.0005931533568664218,0,0,0.0,17,4,icmp_flood,1
33.200252,6,0.0,0.1807215198246085,0.0,0.0,0.0,6.640050400000001,9.255589553924688,0,1,0.0,6,0,udp_flood,1
1e-06,2,31.0,2000000.0,31000000.0,20.666666666666664,17.8978583448784,1e-06,0.0,0,0,0.0,6,1,benign,0
1e-06,2,2944.0,2000000.0,2944000000.0,1472.0,0.0,1e-06,0.0,0,0,0.0,17,3,dns_amplification,1
9.8e-05,3,0.0,30612.244897959183,0.0,0.0,0.0,4.9e-05,6.788225099390856e-05,0,0,0.0,6,1,benign,0
7.236908,10,0.0,1.3818055998501018,0.0,0.0,0.0,0.8041008888888889,1.4389756162600917,0,1,4.0,6,1,benign,0
0.060891,4,212.0,65.69115304396381,3481.6311113300817,51.4,8.763560920082657,0.020297,0.0351502390888028,0,0,1.0,17,1,benign,0
1e-06,2,0.0,2000000.0,0.0,0.0,0.0,1e-06,0.0,0,1,0.0,6,0,udp_flood,1
0.001119,56,24640.0,50044.68275245755,22019660.41108132,440.0,0.0,2.034545454545455e-05,2.806488393772029e-05,0,0,0.0,17,4,icmp_flood,1
0.020849,4,536.0,191.85572449517963,25708.667082354063,117.6,89.82649943084725,0.0069496666666666665,0.0120319796099118,0,0,1.0,17,1,benign,0
2e-06,2,2928.0,1000000.0,1464000000.0,1464.0,0.0,2e-06,0.0,0,0,0.0,17,6,slowloris_low_rate,1
1e-06,2,31.0,2000000.0,31000000.0,20.666666666666664,17.8978583448784,1e-06,0.0,0,0,0.0,6,1,benign,0
2e-06,2,2944.0,1000000.0,1472000000.0,1472.0,0.0,2e-06,0.0,0,0,0.0,17,3,dns_amplification,1
85.065596,16,0.0,0.1880901416361086,0.0,0.0,0.0,5.671039733333332,6.5263256291384035,0,1,0.0,6,1,syn_flood,1
6.026375,27,9253.0,4.480305324511004,1535.4172284333454,330.4642857142857,764.7737250514696,0.2317836538461539,1.1084672494271337,0,1,0.0,6,1,benign,0
1e-06,2,802.0,2000000.0,802000000.0,401.0,0.0,1e-06,0.0,0,0,0.0,17,8,pulsed_mixed_flood,1
1e-06,2,766.0,2000000.0,766000000.0,383.0,0.0,1e-06,0.0,0,0,0.0,17,8,pulsed_mixed_flood,1
9.5e-05,3,0.0,31578.94736842105,0.0,0.0,0.0,4.75e-05,6.293250352560272e-05,0,0,2.0,6,1,http_get_flood,1
1e-06,2,0.0,2000000.0,0.0,0.0,0.0,1e-06,0.0,0,1,0.0,6,1,syn_flood,1
0.053969,4,216.0,74.11662250551242,4002.297615297671,50.8,17.527121840165314,0.017989666666666664,0.031151222485375003,0,0,1.0,17,1,benign,0
7.3e-05,2,2944.0,27397.260273972603,40328767.12328767,1472.0,0.0,7.3e-05,0.0,0,0,0.0,17,6,slowloris_low_rate,1
1e-06,2,802.0,2000000.0,802000000.0,401.0,0.0,1e-06,0.0,0,0,0.0,17,8,pulsed_mixed_flood,1
0.04764,4,188.0,83.96305625524771,3946.263643996641,44.2,15.336231610144653,0.01588,0.027499770671771066,0,0,1.0,17,1,benign,0
2e-06,2,2944.0,1000000.0,1472000000.0,1472.0,0.0,2e-06,0.0,0,0,0.0,17,3,dns_amplification,1
1e-06,2,2944.0,2000000.0,2944000000.0,1472.0,0.0,1e-06,0.0,0,0,0.0,17,6,slowloris_low_rate,1
1e-06,2,2944.0,2000000.0,2944000000.0,1472.0,0.0,1e-06,0.0,0,0,0.0,17,6,slowloris_low_rate,1
0.34521,13,2100.0,37.658237015150206,6083.253671678109,150.0,252.2971386160496,0.028767500000000012,0.06658418965558496,0,1,0.0,6,1,benign,0
116.810708,40,2622.0,0.3424343596992837,22.44657227828805,63.95121951219512,131.9361495609737,2.995146358974358,13.004847448308109,0,1,0.0,6,1,benign,0
115.498159,59,2306.0,0.5108306531535277,19.96568620630568,38.43333333333333,147.7161004348666,1.991347568965517,3.9638011136611535,0,1,0.0,6,1,benign,0
0.109086,4,1438.0,36.66831674092001,13182.259868360745,353.6,32.3156308928048,0.036362,0.06297823339059298,0,0,0.0,17,8,pulsed_mixed_flood,1
1e-06,2,2944.0,2000000.0,2944000000.0,1472.0,0.0,1e-06,0.0,0,0,0.0,17,3,dns_amplification,1
0.020657,4,486.0,193.638960158784,23527.133659292253,103.4,99.13778290843506,0.006885666666666666,0.01190814101080993,0,0,1.0,17,1,benign,0
0.001064,4,123.0,3759.398496240601,115601.50375939847,33.8,19.979989989987484,0.00035466666666666665,0.0006108365848026241,0,0,0.0,6,1,benign,0
1e-06,2,2944.0,2000000.0,2944000000.0,1472.0,0.0,1e-06,0.0,0,0,0.0,17,6,slowloris_low_rate,1
0.108794,4,1398.0,36.766733459565785,12849.973344118242,345.6,21.36117974270148,0.036264666666666674,0.06276981434044021,0,0,0.0,17,8,pulsed_mixed_flood,1
3e-06,3,0.0,1000000.0,0.0,0.0,0.0,1.5e-06,7.071067811865476e-07,0,0,0.0,6,1,benign,0
0.000835,4,123.0,4790.419161676647,147305.3892215569,33.8,19.979989989987484,0.0002783333333333334,0.00047949174480206976,0,0,0.0,6,1,benign,0
5.006153,15,3106.0,2.996312737545177,620.4364908543546,194.125,379.51774222909086,0.35758235714285724,1.337604139753647,0,1,0.0,6,1,http_get_flood,1
0.000405,36,15264.0,88888.88888888889,37688888.88888889,424.4324324324325,66.02210931891618,1.1571428571428571e-05,2.315584758351385e-05,0,0,0.0,17,4,icmp_flood,1
0.06116,14,3692.0,228.90778286461745,60366.25245258339,246.13333333333333,579.4854696399293,0.004704615384615386,0.011192683596427784,0,1,0.0,6,1,benign,0
110.140061,105,14064.0,0.9533315947591494,127.69195760659692,132.67924528301896,336.3543354763109,1.0590390480769236,6.538668104320273,0,1,1.0,6,1,benign,0
1e-06,2,2944.0,2000000.0,2944000000.0,1472.0,0.0,1e-06,0.0,0,0,0.0,17,6,slowloris_low_rate,1
0.056564,4,356.0,70.71635669330315,6293.755745703981,78.2,59.15403621055794,0.018854666666666665,0.03265377652482685,0,0,1.0,17,1,benign,0
0.054692,3,0.0,54.85262926936296,0.0,0.0,0.0,0.027346,0.038668841435967535,0,0,2.0,6,1,benign,0
0.020546,4,290.0,194.6850968558357,14114.669522048089,66.6,32.3156308928048,0.006848666666666666,0.011857908514292618,0,0,1.0,17,1,benign,0
0.000158,3,0.0,18987.3417721519,0.0,0.0,0.0,7.9e-05,0.00010889444430272828,0,0,2.0,6,1,benign,0
1e-06,2,2544.0,2000000.0,2544000000.0,1272.0,0.0,1e-06,0.0,0,0,0.0,17,6,slowloris_low_rate,1
0.020831,4,644.0,192.02150640871776,30915.462531803565,135.4,140.21697472132252,0.006943666666666666,0.012024185391673456,0,0,1.0,17,1,benign,0
1e-06,2,70.0,2000000.0,70000000.0,35.0,0.0,1e-06,0.0,0,0,0.0,17,3,dns_amplification,1
1e-06,2,750.0,2000000.0,750000000.0,375.0,0.0,1e-06,0.0,0,0,0.0,17,8,pulsed_mixed_flood,1
3e-06,2,994.0,666666.6666666665,331333333.3333333,652.3333333333333,538.0904508847312,3e-06,0.0,0,0,0.0,6,1,benign,0
0.000185,3,0.0,16216.216216216217,0.0,0.0,0.0,9.25e-05,0.000126572113832392,0,0,2.0,6,1,benign,0
0.001067,40,17600.0,37488.284910965325,16494845.36082474,440.0,0.0,2.735897435897436e-05,4.348955541850624e-05,0,0,0.0,17,4,icmp_flood,1
0.020759,4,204.0,192.68750903222696,9827.062960643576,49.4,8.763560920082657,0.006919666666666666,0.011981750178222436,0,0,1.0,17,1,benign,0
0.105685,2,0.0,18.92416142309694,0.0,0.0,0.0,0.105685,0.0,0,0,1.0,6,1,benign,0
0.020894,4,410.0,191.4425193835551,19622.8582368144,91.4,60.79720388307344,0.006964666666666666,0.012058826407794971,0,0,1.0,17,1,benign,0
117.084672,65,4938.0,0.5551537950245101,42.17460676663125,74.8181818181818,210.9418373420946,1.829448,3.807495669992597,0,1,0.0,6,1,benign,0
0.000357,3,0.0,8403.361344537814,0.0,0.0,0.0,0.0001785,0.0002510229073212244,0,0,0.0,6,1,benign,0
0.026507,4,0.0,150.9035349153054,0.0,0.0,0.0,0.008835666666666667,0.015301225517367336,0,0,3.0,6,1,benign,0
0.104937,4,1438.0,38.118108960614464,13703.4601713409,353.6,32.3156308928048,0.034979,0.06058367314714419,0,0,0.0,17,8,pulsed_mixed_flood,1
9.5e-05,3,0.0,31578.94736842105,0.0,0.0,0.0,4.75e-05,6.434671708797581e-05,0,0,2.0,6,1,http_get_flood,1
117.108165,50,5120.0,0.4269557122682265,43.7202649362664,100.39215686274514,157.97443824003588,2.389962551020408,11.673703870753812,0,1,0.0,6,1,benign,0
9.1e-05,2,2944.0,21978.02197802197,32351648.35164835,1472.0,0.0,9.1e-05,0.0,0,0,0.0,17,6,slowloris_low_rate,1
0.020766,4,228.0,192.62255610131947,10979.48569777521,54.2,15.336231610144653,0.006922,0.0119875236391842,0,0,1.0,17,1,benign,0
1e-06,2,31.0,2000000.0,31000000.0,20.666666666666664,17.8978583448784,1e-06,0.0,0,0,0.0,6,1,benign,0
0.055444,4,0.0,72.1448668927206,0.0,0.0,0.0,0.018481333333333336,0.030886440541657324,0,0,3.0,6,1,benign,0
0.054584,2,0.0,36.64077385314378,0.0,0.0,0.0,0.054584,0.0,0,0,1.0,6,1,benign,0
117.055952,49,8906.0,0.4186032334348961,76.0832734075752,178.1200000000001,506.57612760692194,2.438665666666667,11.74550826226567,0,1,0.0,6,1,benign,0
0.020553,4,260.0,194.6187904442174,12650.22137887413,59.4,30.672463220289305,0.006851,0.011859351921584925,0,0,1.0,17,1,benign,0
0.020957,4,218.0,190.86701340840767,10402.25223075822,50.8,20.265734627691145,0.006985666666666666,0.012096065531127603,0,0,1.0,17,1,benign,0
0.000488,40,17600.0,81967.21311475411,36065573.770491794,440.0,0.0,1.2512820512820517e-05,1.9118566058968625e-05,0,0,0.0,17,4,icmp_flood,1
4.8e-05,2,0.0,41666.66666666666,0.0,0.0,0.0,4.8e-05,0.0,0,1,0.0,6,1,syn_flood,1
116.719535,47,10226.0,0.4026746679551114,87.61172669168019,213.04166666666669,465.70390366253633,2.537381195652173,11.993189755590379,0,1,0.0,6,1,benign,0
1e-06,2,750.0,2000000.0,750000000.0,375.0,0.0,1e-06,0.0,0,0,0.0,17,8,pulsed_mixed_flood,1
0.000874,4,1760.0,4576.659038901602,2013729.977116705,440.0,0.0,0.0002913333333333334,0.000502872084464164,0,0,0.0,17,4,icmp_flood,1
0.000308,20,8080.0,64935.06493506492,26233766.23376623,405.71428571428567,108.28533735328293,1.6210526315789476e-05,2.571117125852846e-05,0,0,0.0,17,4,icmp_flood,1
2e-06,2,2944.0,1000000.0,1472000000.0,1472.0,0.0,2e-06,0.0,0,0,0.0,17,6,slowloris_low_rate,1
2e-06,2,2944.0,1000000.0,1472000000.0,1472.0,0.0,2e-06,0.0,0,0,0.0,17,6,slowloris_low_rate,1
1e-06,2,2944.0,2000000.0,2944000000.0,1472.0,0.0,1e-06,0.0,0,0,0.0,17,6,slowloris_low_rate,1
0.020613,4,286.0,194.0522970940669,13874.739242225778,64.6,37.79285646785646,0.006871,0.011896590982294045,0,0,1.0,17,1,benign,0
1e-06,2,31.0,2000000.0,31000000.0,20.666666666666664,17.8978583448784,1e-06,0.0,0,0,0.0,6,1,benign,0
7.246467,10,0.0,1.379982824733763,0.0,0.0,0.0,0.805163,1.4391647775705705,0,1,4.0,6,1,benign,0
1e-06,2,2944.0,2000000.0,2944000000.0,1472.0,0.0,1e-06,0.0,0,0,0.0,17,3,dns_amplification,1
0.000115,3,0.0,26086.95652173913,0.0,0.0,0.0,5.75e-05,7.707463914933369e-05,0,0,2.0,6,1,benign,0
0.020657,4,320.0,193.638960158784,15491.116812702718,70.4,52.58136552049595,0.006885666666666666,0.011922860409034963,0,0,1.0,17,1,benign,0
0.000167,3,0.0,17964.071856287424,0.0,0.0,0.0,8.35e-05,0.00011384419177103415,0,0,2.0,6,1,benign,0
0.020669,4,256.0,193.52653732643088,12385.698388891577,61.2,15.336231610144653,0.006889666666666666,0.011928056561457668,0,0,1.0,17,1,benign,0
4.7e-05,2,0.0,42553.191489361714,0.0,0.0,0.0,4.7e-05,0.0,0,1,0.0,6,1,syn_flood,1
2e-06,2,2944.0,1000000.0,1472000000.0,1472.0,0.0,2e-06,0.0,0,0,0.0,17,6,slowloris_low_rate,1
0.025398,3,0.0,118.11953697141507,0.0,0.0,0.0,0.012699,0.017954855387888817,0,0,2.0,6,1,benign,0
7.434579,21,7014.0,2.8246387589667146,943.4293454948828,318.81818181818187,448.2707128896912,0.37172895,1.15862998999651,0,1,0.0,6,1,http_get_flood,1
0.05474,3,0.0,54.80453050785532,0.0,0.0,0.0,0.02737,0.038704196775026865,0,0,2.0,6,1,benign,0
117.268961,52,5284.0,0.4434250935334884,45.05881142751832,99.69811320754712,213.2205056621738,2.2993913921568616,11.462751632126132,0,1,0.0,6,1,benign,0
1e-06,2,750.0,2000000.0,750000000.0,375.0,0.0,1e-06,0.0,0,0,0.0,17,8,pulsed_mixed_flood,1
0.020818,4,260.0,192.14141608223653,12489.192045345377,58.6,35.05424368033063,0.006939333333333334,0.012014081918038237,0,0,1.0,17,1,benign,0
1e-06,2,972.0,2000000.0,972000000.0,486.0,0.0,1e-06,0.0,0,0,0.0,17,8,pulsed_mixed_flood,1
3.3e-05,3,0.0,90909.0909090909,0.0,0.0,0.0,1.65e-05,2.192031021678297e-05,0,0,2.0,6,1,benign,0
0.105861,4,1438.0,37.78539783300744,13583.850520966173,353.6,32.3156308928048,0.035287,0.061117144795875405,0,0,0.0,17,8,pulsed_mixed_flood,1
0.020611,4,160.0,194.07112706807044,7762.845082722819,38.4,8.763560920082657,0.006870333333333334,0.011894570245844668,0,0,1.0,17,1,benign,0
2e-06,2,2944.0,1000000.0,1472000000.0,1472.0,0.0,2e-06,0.0,0,0,0.0,17,6,slowloris_low_rate,1
0.020569,4,264.0,194.4674024016724,12834.84855851038,60.4,30.672463220289305,0.006856333333333334,0.011871187570472183,0,0,1.0,17,1,benign,0
1e-06,2,2944.0,2000000.0,2944000000.0,1472.0,0.0,1e-06,0.0,0,0,0.0,17,6,slowloris_low_rate,1
0.032344,2,0.0,61.835270838486274,0.0,0.0,0.0,0.032344,0.0,0,0,1.0,6,1,benign,0
35.550443,19,114.0,0.5344518491654239,3.2067110949925435,5.75,16.166485801122473,1.975024611111111,3.906306934996534,0,0,0.0,6,1,benign,0
1e-06,2,2944.0,2000000.0,2944000000.0,1472.0,0.0,1e-06,0.0,0,0,0.0,17,6,slowloris_low_rate,1
1e-06,2,2944.0,2000000.0,2944000000.0,1472.0,0.0,1e-06,0.0,0,0,0.0,17,6,slowloris_low_rate,1
54.370665,25,12.0,0.4598067726410924,0.2207072508677243,0.5000000000000001,0.5099019513592785,2.265444375,4.111432675810421,0,0,0.0,6,1,benign,0
0.044569,4,132.0,89.74847988512195,2961.6998362090253,31.4,8.763560920082657,0.014856333333333333,0.025728460045897288,0,0,1.0,17,1,benign,0
1e-06,2,2944.0,2000000.0,2944000000.0,1472.0,0.0,1e-06,0.0,0,0,0.0,17,3,dns_amplification,1
1e-06,2,2944.0,2000000.0,2944000000.0,1472.0,0.0,1e-06,0.0,0,0,0.0,17,6,slowloris_low_rate,1
0.105612,4,1398.0,37.87448396015604,13237.132144074538,345.6,21.36117974270148,0.035204,0.06097425060630102,0,0,0.0,17,8,pulsed_mixed_flood,1
0.020651,4,204.0,193.69522057043244,9878.456249092054,49.4,8.763560920082657,0.006883666666666666,0.011918530292503908,0,0,1.0,17,1,benign,0
0.020544,4,216.0,194.70404984423675,10514.018691588784,50.8,17.527121840165314,0.006848,0.01185848586456129,0,0,1.0,17,1,benign,0
1e-06,2,2944.0,2000000.0,2944000000.0,1472.0,0.0,1e-06,0.0,0,0,0.0,17,6,slowloris_low_rate,1
0.020673,4,694.0,193.4890920524356,33570.357471097566,145.2,155.005483773962,0.006891,0.011930365962534425,0,0,1.0,17,1,benign,0
0.235288,84,50268.0,357.00928224133827,213644.5547584237,591.3882352941174,999.7295359736248,0.0028347951807228887,0.011983185377811734,0,1,1.0,6,1,benign,0
0.21859,6,2088.0,27.448648154078413,9552.129557619286,344.1428571428572,33.61759743263722,0.043718,0.05986432613000835,0,0,0.0,17,8,pulsed_mixed_flood,1
1e-06,2,2944.0,2000000.0,2944000000.0,1472.0,0.0,1e-06,0.0,0,0,0.0,17,6,slowloris_low_rate,1
1e-06,2,2944.0,2000000.0,2944000000.0,1472.0,0.0,1e-06,0.0,0,0,0.0,17,3,dns_amplification,1
5.559624,7,0.0,1.2590779520341662,0.0,0.0,0.0,0.926604,2.2556735884868644,0,1,0.0,6,1,benign,0
0.215305,6,2088.0,27.867443858712058,9697.870462831796,344.1428571428572,33.61759743263722,0.043061,0.05898251700292215,0,0,0.0,17,8,pulsed_mixed_flood,1
1e-06,2,2944.0,2000000.0,2944000000.0,1472.0,0.0,1e-06,0.0,0,0,0.0,17,3,dns_amplification,1
36.938592,6,0.0,0.162431746180255,0.0,0.0,0.0,7.387718400000001,10.23846713978891,0,1,0.0,6,0,udp_flood,1
0.020988,2,0.0,95.2925481227368,0.0,0.0,0.0,0.020988,0.0,0,0,1.0,6,1,benign,0
0.022789,4,408.0,175.52327877484748,17903.374435034446,91.4,58.05859109554761,0.007596333333333334,0.013154637217853378,0,0,1.0,17,1,benign,0
0.054924,2,0.0,36.41395382710655,0.0,0.0,0.0,0.054924,0.0,0,0,1.0,6,1,benign,0
24.523229,6,0.0,0.2446659858699684,0.0,0.0,0.0,4.9046458,6.726481141062964,0,1,0.0,6,0,udp_flood,1
2e-06,2,2944.0,1000000.0,1472000000.0,1472.0,0.0,2e-06,0.0,0,0,0.0,17,3,dns_amplification,1
0.001278,5,154.0,3912.363067292645,120500.78247261346,33.333333333333336,17.90716802475106,0.0003195,0.0006363335079447987,0,0,0.0,6,1,benign,0
0.020669,4,204.0,193.52653732643088,9869.853403647976,49.4,8.763560920082657,0.006889666666666666,0.011928922597340186,0,0,1.0,17,1,benign,0
1e-06,2,0.0,2000000.0,0.0,0.0,0.0,1e-06,0.0,0,1,0.0,6,1,syn_flood,1
0.020579,4,504.0,194.37290441712423,24490.98595655765,107.4,101.87639569596092,0.006859666666666666,0.011876095037230604,0,0,1.0,17,1,benign,0
1e-06,2,2656.0,2000000.0,2656000000.0,1328.0,0.0,1e-06,0.0,0,0,0.0,17,3,dns_amplification,1
0.061513,2,0.0,32.51345244094744,0.0,0.0,0.0,0.061513,0.0,0,0,1.0,6,1,benign,0
0.000199,2,0.0,10050.251256281406,0.0,0.0,0.0,0.000199,0.0,0,0,1.0,6,1,http_get_flood,1
0.215033,6,2088.0,27.90269400510619,9710.137513776956,344.1428571428572,33.61759743263722,0.0430066,0.058914032172310185,0,0,0.0,17,8,pulsed_mixed_flood,1
4.9e-05,2,0.0,40816.32653061225,0.0,0.0,0.0,4.9e-05,0.0,0,1,0.0,6,0,udp_flood,1
111.062265,62,2748.0,0.5582454130572612,24.742877340021835,43.61904761904761,115.36721575060255,1.820692868852459,3.812441665798125,0,1,0.0,6,1,benign,0
0.073445,31,15037.0,422.0845530669208,204738.2394989448,469.90625000000017,771.4717965440494,0.002448166666666667,0.006459341330162099,0,1,1.0,6,1,benign,0
0.108074,4,1398.0,37.0116771841516,12935.581175860983,345.6,21.36117974270148,0.03602466666666667,0.062394820941592044,0,0,0.0,17,8,pulsed_mixed_flood,1
0.001451,38,16720.0,26188.83528600965,11523087.525844244,440.0,0.0,3.9216216216216235e-05,0.00015622457751141022,0,0,0.0,17,4,icmp_flood,1
2e-06,2,750.0,1000000.0,375000000.0,375.0,0.0,2e-06,0.0,0,0,0.0,17,8,pulsed_mixed_flood,1
5.083533,7,0.0,1.376995093766481,0.0,0.0,0.0,0.8472554999999998,2.0552879335086605,0,1,0.0,6,1,benign,0
1e-06,2,750.0,2000000.0,750000000.0,375.0,0.0,1e-06,0.0,0,0,0.0,17,8,pulsed_mixed_flood,1
1e-06,2,0.0,2000000.0,0.0,0.0,0.0,1e-06,0.0,0,1,0.0,6,1,syn_flood,1
30.05119,23,3608.0,0.7653607061816854,120.06180121319656,150.33333333333334,422.5523550444645,1.3659631818181817,3.5041341187752937,0,1,0.0,6,1,benign,0
0.000769,4,123.0,5201.560468140442,159947.98439531858,33.8,19.979989989987484,0.0002563333333333333,0.0004387862045841156,0,0,0.0,6,1,benign,0
0.000105,3,0.0,28571.42857142857,0.0,0.0,0.0,5.25e-05,7.14177848998413e-05,0,0,2.0,6,1,http_get_flood,1
1e-06,2,2848.0,2000000.0,2848000000.0,1424.0,0.0,1e-06,0.0,0,0,0.0,17,3,dns_amplification,1
1e-06,2,31.0,2000000.0,31000000.0,20.666666666666664,17.8978583448784,1e-06,0.0,0,0,0.0,6,1,benign,0
0.020954,4,0.0,190.89433998281956,0.0,0.0,0.0,0.006984666666666666,0.012095199474722743,0,0,3.0,6,1,benign,0
1e-06,2,766.0,2000000.0,766000000.0,383.0,0.0,1e-06,0.0,0,0,0.0,17,8,pulsed_mixed_flood,1
0.020883,4,320.0,191.54336062826223,15323.46885026098,70.4,52.58136552049595,0.006961,0.012051609519064248,0,0,1.0,17,1,benign,0
0.109702,4,1438.0,36.46241636433247,13108.238682977522,353.6,32.3156308928048,0.03656733333333333,0.06333474717983276,0,0,0.0,17,0,udp_flood,1
1e-06,2,0.0,2000000.0,0.0,0.0,0.0,1e-06,0.0,0,1,0.0,6,1,syn_flood,1
1e-06,2,766.0,2000000.0,766000000.0,383.0,0.0,1e-06,0.0,0,0,0.0,17,8,pulsed_mixed_flood,1
1e-06,2,2944.0,2000000.0,2944000000.0,1472.0,0.0,1e-06,0.0,0,0,0.0,17,6,slowloris_low_rate,1
33.54003,6,0.0,0.1788907165557096,0.0,0.0,0.0,6.708006,9.654809488775168,0,1,0.0,6,0,udp_flood,1
0.001026,200,88000.0,194931.7738791423,85769980.50682262,440.0,0.0,5.155778894472361e-06,1.5428586031803575e-05,0,0,0.0,17,4,icmp_flood,1
0.000649,6,2208.0,9244.992295839756,3402157.164869029,378.28571428571433,105.3972078784416,0.0001298,0.00019546022613309335,0,0,0.0,17,4,icmp_flood,1
4.8e-05,2,0.0,41666.66666666666,0.0,0.0,0.0,4.8e-05,0.0,0,1,0.0,6,0,udp_flood,1
2e-06,2,2944.0,1000000.0,1472000000.0,1472.0,0.0,2e-06,0.0,0,0,0.0,17,6,slowloris_low_rate,1
0.020612,4,212.0,194.0617116242965,10285.270716087716,51.4,8.763560920082657,0.006870666666666666,0.011897745682831406,0,0,1.0,17,1,benign,0
2e-06,2,2944.0,1000000.0,1472000000.0,1472.0,0.0,2e-06,0.0,0,0,0.0,17,6,slowloris_low_rate,1
1e-06,2,2944.0,2000000.0,2944000000.0,1472.0,0.0,1e-06,0.0,0,0,0.0,17,3,dns_amplification,1
5.895877,23,7443.0,3.9010311782284472,1262.407611284971,310.125,665.9680311233121,0.26799440909090905,1.2281823119136615,0,1,0.0,6,1,benign,0
74.745812,10,0.0,0.1337867598521774,0.0,0.0,0.0,8.305090222222223,11.78344074931939,0,1,0.0,6,1,syn_flood,1
0.045735,4,364.0,87.46036952006122,7958.893626325573,89.4,8.763560920082657,0.015245,0.02640078443910332,0,0,1.0,17,1,benign,0
1e-06,2,2944.0,2000000.0,2944000000.0,1472.0,0.0,1e-06,0.0,0,0,0.0,17,3,dns_amplification,1
1e-06,2,2944.0,2000000.0,2944000000.0,1472.0,0.0,1e-06,0.0,0,0,0.0,17,6,slowloris_low_rate,1
0.031819,168,73920.0,5279.864232062604,2323140.262107546,440.0,0.0,0.00019053293413173652,0.00048493821224145805,0,0,0.0,17,4,icmp_flood,1
1e-06,2,2944.0,2000000.0,2944000000.0,1472.0,0.0,1e-06,0.0,0,0,0.0,17,6,slowloris_low_rate,1
1e-06,2,2944.0,2000000.0,2944000000.0,1472.0,0.0,1e-06,0.0,0,0,0.0,17,3,dns_amplification,1
1e-06,2,750.0,2000000.0,750000000.0,375.0,0.0,1e-06,0.0,0,0,0.0,17,8,pulsed_mixed_flood,1
0.00034,5,154.0,14705.882352941177,452941.1764705882,33.333333333333336,17.90716802475106,8.5e-05,0.0001660020080199835,0,0,0.0,6,1,benign,0
1e-06,2,0.0,2000000.0,0.0,0.0,0.0,1e-06,0.0,0,1,0.0,6,0,udp_flood,1
1e-06,2,2944.0,2000000.0,2944000000.0,1472.0,0.0,1e-06,0.0,0,0,0.0,17,3,dns_amplification,1
1e-06,2,2944.0,2000000.0,2944000000.0,1472.0,0.0,1e-06,0.0,0,0,0.0,17,3,dns_amplification,1
0.00042,4,123.0,9523.809523809525,292857.14285714284,33.8,19.979989989987484,0.00014,0.00024075506225207401,0,0,0.0,6,1,benign,0
0.0001,4,0.0,40000.0,0.0,0.0,0.0,3.333333333333333e-05,5.60029761113937e-05,0,1,1.0,6,1,syn_flood,1
1e-06,2,0.0,2000000.0,0.0,0.0,0.0,1e-06,0.0,0,1,0.0,6,1,syn_flood,1
1e-06,2,0.0,2000000.0,0.0,0.0,0.0,1e-06,0.0,0,1,0.0,6,1,syn_flood,1
0.000145,3,0.0,20689.6551724138,0.0,0.0,0.0,7.25e-05,9.97020561473032e-05,0,0,2.0,6,1,benign,0
4.168194,15,3360.0,3.5986808675411943,806.1045143292274,210.0,394.457940301202,0.29772814285714283,1.1136176606867891,0,1,0.0,6,1,http_get_flood,1
0.108771,4,1398.0,36.77450791111601,12852.690514935046,345.6,21.36117974270148,0.036257,0.06279723407921722,0,0,0.0,17,8,pulsed_mixed_flood,1
0.108807,4,1438.0,36.76234065822971,13216.06146663358,353.6,32.3156308928048,0.036269,0.06281801868890804,0,0,0.0,17,8,pulsed_mixed_flood,1
0.04695,4,260.0,85.19701810436634,5537.8061767838135,62.2,15.336231610144653,0.01565,0.02710399706685344,0,0,1.0,17,1,benign,0
0.054683,2,0.0,36.5744381251943,0.0,0.0,0.0,0.054683,0.0,0,0,1.0,6,1,benign,0
2e-06,2,766.0,1000000.0,383000000.0,383.0,0.0,2e-06,0.0,0,0,0.0,17,0,udp_flood,1
53.715997,283,162062.0,5.268449173530186,3017.0155828998204,570.8028169014084,874.0690493495955,0.19048225886524842,1.8625371868639369,0,0,1.0,6,1,benign,0
1e-06,2,2944.0,2000000.0,2944000000.0,1472.0,0.0,1e-06,0.0,0,0,0.0,17,6,slowloris_low_rate,1
0.055286,4,220.0,72.35104728140941,3979.307600477517,51.8,17.527121840165314,0.018428666666666663,0.03191419082999494,0,0,1.0,17,1,benign,0
1e-06,2,2848.0,2000000.0,2848000000.0,1424.0,0.0,1e-06,0.0,0,0,0.0,17,6,slowloris_low_rate,1
3e-06,2,2944.0,666666.6666666665,981333333.3333333,1472.0,0.0,3e-06,0.0,0,0,0.0,17,0,udp_flood,1
0.000692,36,15552.0,52023.121387283245,22473988.43930636,432.2162162162162,33.01105465945809,1.9771428571428564e-05,2.6665780797610608e-05,0,0,0.0,17,4,icmp_flood,1
0.000203,3,0.0,14778.32512315271,0.0,0.0,0.0,0.0001015,0.00013930003589374986,0,0,2.0,6,1,benign,0
118.688372,107,16376.0,0.9015204960432012,137.97476302059312,151.62962962962968,351.08697946700244,1.119701622641509,7.974579685582332,0,1,1.0,6,1,benign,0
0.020675,4,188.0,193.4703748488513,9093.10761789601,45.4,8.763560920082657,0.006891666666666666,0.011932386782757813,0,0,1.0,17,1,benign,0
1e-06,2,2848.0,2000000.0,2848000000.0,1424.0,0.0,1e-06,0.0,0,0,0.0,17,6,slowloris_low_rate,1
0.546153,29,14964.0,53.09867381484676,27398.91568846093,498.8,824.1888969957279,0.019505464285714286,0.038585926414885695,0,1,0.0,6,1,benign,0
0.020538,4,262.0,194.76093095725,12756.840977699872,61.4,22.456624857711805,0.006846,0.011853289712143208,0,0,1.0,17,1,benign,0
1e-06,2,750.0,2000000.0,750000000.0,375.0,0.0,1e-06,0.0,0,0,0.0,17,8,pulsed_mixed_flood,1
0.005808,200,88000.0,34435.26170798898,15151515.151515152,440.0,0.0,2.918592964824121e-05,7.615998978104952e-05,0,0,0.0,17,4,icmp_flood,1
0.020877,4,62.0,191.5984097331992,2969.775350864588,12.4,16.97939928266015,0.006959,0.012050743504033271,0,0,3.0,6,1,benign,0
1e-06,2,0.0,2000000.0,0.0,0.0,0.0,1e-06,0.0,0,1,0.0,6,0,udp_flood,1
0.000203,22,9104.0,108374.3842364532,44847290.64039409,414.9565217391304,82.97397086976875,9.666666666666668e-06,1.7757627469156274e-05,0,0,0.0,17,4,icmp_flood,1
37.96664,8,702.0,0.2107112981290944,18.489916410828037,84.44444444444444,47.50292388661753,5.423805714285715,14.331735819329118,0,0,1.0,17,1,benign,0
0.107952,4,1398.0,37.05350526159774,12950.200088928414,345.6,21.36117974270148,0.035984,0.06232438420875091,0,0,0.0,17,8,pulsed_mixed_flood,1
105.120835,18,0.0,0.171231516568528,0.0,0.0,0.0,6.183578529411764,8.590722402923138,0,1,0.0,6,1,syn_flood,1
0.000261,2,2944.0,7662.835249042146,11279693.48659004,1472.0,0.0,0.000261,0.0,0,0,0.0,17,3,dns_amplification,1
1e-06,2,31.0,2000000.0,31000000.0,20.666666666666664,17.8978583448784,1e-06,0.0,0,0,0.0,6,1,benign,0
1e-06,2,0.0,2000000.0,0.0,0.0,0.0,1e-06,0.0,0,1,0.0,6,0,udp_flood,1
0.000212,3,0.0,14150.943396226416,0.0,0.0,0.0,0.000106,1.5556349186104044e-05,0,0,2.0,6,1,benign,0
0.108114,4,1438.0,36.99798360989326,13300.775107756626,353.6,32.3156308928048,0.036038,0.06241791495235963,0,0,0.0,17,8,pulsed_mixed_flood,1
117.323173,48,2806.0,0.4091263368746429,23.91684377646349,57.26530612244899,121.77023711177748,2.4962377234042563,11.886608504986043,0,1,0.0,6,1,benign,0
1e-06,2,2944.0,2000000.0,2944000000.0,1472.0,0.0,1e-06,0.0,0,0,0.0,17,3,dns_amplification,1
117.12019,343,119510.0,2.9286154675807814,1020.4047653952748,347.4127906976743,657.5673770391328,0.34245669590643285,4.426477385540799,0,1,0.0,6,1,benign,0
0.020889,4,484.0,191.4883431471109,23170.08952080042,106.2,81.06293851076458,0.006963,0.012057671707257585,0,0,1.0,17,1,benign,0
4.9e-05,2,0.0,40816.32653061225,0.0,0.0,0.0,4.9e-05,0.0,0,1,0.0,6,1,syn_flood,1
1e-06,2,2944.0,2000000.0,2944000000.0,1472.0,0.0,1e-06,0.0,0,0,0.0,17,6,slowloris_low_rate,1
0.000297,3,0.0,10101.0101010101,0.0,0.0,0.0,0.0001485,0.0002071822868876584,0,0,2.0,6,1,benign,0
5.473497,19,1588.0,3.4712725703512763,290.125307458833,79.39999999999998,170.8253648120147,0.3040831666666666,1.2641059327248902,0,1,0.0,6,1,benign,0
0.020728,4,308.0,192.975685063682,14859.127749903511,69.4,41.62691437039263,0.006909333333333334,0.011962986263192536,0,0,1.0,17,1,benign,0
0.020649,4,262.0,193.7139813066008,12688.265775582351,61.4,22.456624857711805,0.006883,0.011917375591966548,0,0,1.0,17,1,benign,0
0.020929,4,224.0,191.12236609489227,10702.852501313966,53.2,15.336231610144653,0.0069763333333333335,0.012081631733062108,0,0,1.0,17,1,benign,0
1e-06,2,2848.0,2000000.0,2848000000.0,1424.0,0.0,1e-06,0.0,0,0,0.0,17,6,slowloris_low_rate,1
116.968124,46,7038.0,0.3932695372629897,60.17023920123742,189.70212765957444,492.02451842820295,2.5992916444444445,12.07623047853744,0,0,1.0,6,1,benign,0
1e-06,2,750.0,2000000.0,750000000.0,375.0,0.0,1e-06,0.0,0,0,0.0,17,8,pulsed_mixed_flood,1
2e-06,2,2736.0,1000000.0,1368000000.0,1368.0,0.0,2e-06,0.0,0,0,0.0,17,6,slowloris_low_rate,1
1e-06,2,2944.0,2000000.0,2944000000.0,1472.0,0.0,1e-06,0.0,0,0,0.0,17,3,dns_amplification,1
0.020941,4,160.0,191.01284561386748,7640.5138245547005,38.4,8.763560920082657,0.006980333333333334,0.012088559936292383,0,0,1.0,17,1,benign,0
1e-06,2,2944.0,2000000.0,2944000000.0,1472.0,0.0,1e-06,0.0,0,0,0.0,17,3,dns_amplification,1
1e-06,2,0.0,2000000.0,0.0,0.0,0.0,1e-06,0.0,0,1,0.0,6,0,udp_flood,1
1e-06,2,0.0,2000000.0,0.0,0.0,0.0,1e-06,0.0,0,1,0.0,6,0,udp_flood,1
0.045105,4,330.0,88.68196430550938,7316.262055204523,76.4,33.411076007815126,0.015035,0.02603705376958,0,0,1.0,17,1,benign,0
0.020622,4,220.0,193.96760740956265,10668.218407525945,51.8,17.527121840165314,0.006874,0.011901787134712164,0,0,1.0,17,1,benign,0
0.000102,20,8224.0,196078.43137254904,80627450.98039216,412.5714285714286,86.62826988262633,5.368421052631579e-06,1.3977007016747147e-05,0,0,0.0,17,4,icmp_flood,1
0.989367,20,7242.0,20.214945515668106,7319.831771223418,360.1428571428572,30.703885282298888,0.052071947368421044,0.05639412772569073,0,0,0.0,17,8,pulsed_mixed_flood,1
1e-06,2,0.0,2000000.0,0.0,0.0,0.0,1e-06,0.0,0,1,0.0,6,1,syn_flood,1
1e-06,2,0.0,2000000.0,0.0,0.0,0.0,1e-06,0.0,0,1,0.0,6,1,syn_flood,1
0.000213,3,0.0,14084.50704225352,0.0,0.0,0.0,0.0001065,0.00014778531726798843,0,0,2.0,6,1,benign,0
1e-06,2,880.0,2000000.0,880000000.0,440.0,0.0,1e-06,0.0,0,0,0.0,17,4,icmp_flood,1
0.001833,6,2208.0,3273.3224222585927,1204582.651391162,378.28571428571433,105.3972078784416,0.0003666,0.0005084754664681473,0,0,0.0,17,4,icmp_flood,1
0.020665,4,204.0,193.56399709654,9871.763851923542,49.4,8.763560920082657,0.006888333333333334,0.011925747160380909,0,0,1.0,17,1,benign,0
0.020575,4,364.0,194.4106925880924,17691.373025516405,84.6,35.05424368033063,0.006858333333333334,0.011874651672084255,0,0,1.0,17,1,benign,0
0.056091,4,0.0,71.31268831006756,0.0,0.0,0.0,0.018697,0.019516895936598118,0,0,3.0,6,1,benign,0
5.913378,19,1588.0,3.2130535203398125,268.5436310684012,79.39999999999998,170.8253648120147,0.328521,1.36758406515354,0,1,0.0,6,1,benign,0
16.540087,23,13750.0,1.3905610049088617,831.3136442389933,572.9166666666666,1018.6826495919668,0.7518221363636363,2.325102506482452,0,1,1.0,6,1,benign,0
0.020578,4,304.0,194.3823500826125,14773.058606278551,69.4,36.14968879534096,0.006859333333333334,0.011876383722890285,0,0,1.0,17,1,benign,0
1e-06,2,0.0,2000000.0,0.0,0.0,0.0,1e-06,0.0,0,1,0.0,6,1,syn_flood,1
9.9e-05,4,0.0,40404.04040404041,0.0,0.0,0.0,3.3e-05,5.5425625842204075e-05,0,1,1.0,6,0,udp_flood,1
2e-06,2,2944.0,1000000.0,1472000000.0,1472.0,0.0,2e-06,0.0,0,0,0.0,17,6,slowloris_low_rate,1
4.9e-05,2,0.0,40816.32653061225,0.0,0.0,0.0,4.9e-05,0.0,0,1,0.0,6,0,udp_flood,1
0.003919,8,3520.0,2041.3370757846392,898188.3133452412,440.0,0.0,0.0005598571428571429,0.0006938086740524913,0,0,0.0,17,4,icmp_flood,1
1e-06,2,2720.0,2000000.0,2720000000.0,1360.0,0.0,1e-06,0.0,0,0,0.0,17,3,dns_amplification,1
0.020694,4,228.0,193.2927418575433,11017.686285879963,54.2,15.336231610144653,0.006898,0.011943356354057263,0,0,1.0,17,1,benign,0
0.000188,3,0.0,15957.44680851064,0.0,0.0,0.0,9.4e-05,0.00013010764773832475,0,0,2.0,6,1,benign,0
2e-06,2,2944.0,1000000.0,1472000000.0,1472.0,0.0,2e-06,0.0,0,0,0.0,17,6,slowloris_low_rate,1
115.016237,52,0.0,0.452110079031711,0.0,0.0,0.0,2.255220333333333,4.108721928729652,0,0,0.0,17,1,benign,0
2e-06,2,0.0,1000000.0,0.0,0.0,0.0,2e-06,0.0,1,0,0.0,6,1,benign,0
0.020601,4,184.0,194.16533178001063,8931.605261880492,43.2,15.336231610144653,0.006867,0.011888796743152774,0,0,1.0,17,1,benign,0
60.796735,54,13394.0,0.8882055919614762,220.3078833098521,243.5272727272728,641.1774716631505,1.1471082075471701,3.1968798629084922,0,1,1.0,6,1,benign,0
1e-06,2,2944.0,2000000.0,2944000000.0,1472.0,0.0,1e-06,0.0,0,0,0.0,17,3,dns_amplification,1
1e-06,2,0.0,2000000.0,0.0,0.0,0.0,1e-06,0.0,0,1,0.0,6,0,udp_flood,1
0.020493,4,268.0,195.18860098570244,13077.636266042064,61.4,30.672463220289305,0.006831,0.011827308950052842,0,0,1.0,17,1,benign,0
1e-06,2,0.0,2000000.0,0.0,0.0,0.0,1e-06,0.0,0,1,0.0,6,0,udp_flood,1
0.000242,2,2944.0,8264.462809917355,12165289.256198348,1472.0,0.0,0.000242,0.0,0,0,0.0,17,6,slowloris_low_rate,1
0.00014,2,0.0,14285.714285714286,0.0,0.0,0.0,0.00014,0.0,0,0,1.0,6,1,http_get_flood,1
0.020823,2,0.0,96.04763962925614,0.0,0.0,0.0,0.020823,0.0,0,0,1.0,6,1,benign,0
1e-06,2,31.0,2000000.0,31000000.0,20.666666666666664,17.8978583448784,1e-06,0.0,0,0,0.0,6,1,benign,0
0.044557,4,286.0,89.77265076194539,6418.744529479094,65.4,33.411076007815126,0.014852333333333332,0.0257189337713159,0,0,1.0,17,1,benign,0
1e-06,2,0.0,2000000.0,0.0,0.0,0.0,1e-06,0.0,0,1,0.0,6,1,syn_flood,1
0.056237,4,0.0,71.1275494781016,0.0,0.0,0.0,0.018745666666666664,0.031212517766648264,0,0,3.0,6,1,benign,0
5.3e-05,4,0.0,75471.69811320755,0.0,0.0,0.0,1.7666666666666665e-05,2.9737742572921254e-05,0,1,1.0,6,1,syn_flood,1
0.020596,4,132.0,194.21246844047383,6409.011458535639,31.4,8.763560920082657,0.0068653333333333335,0.011885909991806824,0,0,1.0,17,1,benign,0
15.140335,19,1018.0,1.2549259973441802,67.23761396296713,50.90000000000001,106.5867079695657,0.841129722222222,2.561182946823637,0,1,0.0,6,1,benign,0
1.5e-05,2,2944.0,133333.33333333337,196266666.66666663,1472.0,0.0,1.5e-05,0.0,0,0,0.0,17,6,slowloris_low_rate,1
61.089184,56,13212.0,0.9166925523182632,216.2739643076588,231.78947368421052,623.2480799592828,1.1107124363636365,3.1406404172381306,0,1,0.0,6,1,benign,0
6e-06,2,2944.0,333333.33333333326,490666666.6666666,1472.0,0.0,6e-06,0.0,0,0,0.0,17,3,dns_amplification,1
0.054707,2,0.0,36.55839289304842,0.0,0.0,0.0,0.054707,0.0,0,0,1.0,6,1,benign,0
1e-06,2,996.0,2000000.0,996000000.0,498.0,0.0,1e-06,0.0,0,0,0.0,17,3,dns_amplification,1
1e-06,2,2944.0,2000000.0,2944000000.0,1472.0,0.0,1e-06,0.0,0,0,0.0,17,6,slowloris_low_rate,1
1e-06,2,2944.0,2000000.0,2944000000.0,1472.0,0.0,1e-06,0.0,0,0,0.0,17,6,slowloris_low_rate,1
0.020633,4,278.0,193.8641981292105,13473.56176998013,63.4,33.411076007815126,0.0068776666666666665,0.011906405936861608,0,0,1.0,17,1,benign,0
1e-06,2,0.0,2000000.0,0.0,0.0,0.0,1e-06,0.0,0,1,0.0,6,1,syn_flood,1
1e-06,2,31.0,2000000.0,31000000.0,20.666666666666664,17.8978583448784,1e-06,0.0,0,0,0.0,6,1,benign,0
115.788948,59,2304.0,0.5095477678923207,19.89827215633741,38.40000000000001,147.6247188892112,1.9963611724137929,3.968772647133554,0,1,0.0,6,1,benign,0
0.551118,30,15982.0,54.43480343592479,28999.234283765007,515.5483870967743,825.1472530689972,0.01900406896551724,0.03871595045597305,0,1,0.0,6,1,benign,0
0.020697,4,208.0,193.2647243561869,10049.765666521718,48.8,17.527121840165314,0.006899,0.011945088404863313,0,0,1.0,17,1,benign,0
3e-06,2,0.0,666666.6666666665,0.0,0.0,0.0,3e-06,0.0,1,0,0.0,6,1,benign,0
0.000209,3,0.0,14354.066985645932,0.0,0.0,0.0,0.0001045,0.0001435426765808691,0,0,2.0,6,1,benign,0
2e-06,2,2848.0,1000000.0,1424000000.0,1424.0,0.0,2e-06,0.0,0,0,0.0,17,6,slowloris_low_rate,1
0.001499,106,46640.0,70713.80920613742,31114076.05070047,440.0,0.0,1.4276190476190481e-05,4.347733610260355e-05,0,0,0.0,17,4,icmp_flood,1
5.232089,21,5984.0,4.013693192145623,1143.7114315142576,272.00000000000006,419.3993437331649,0.26160445,1.1175706557900007,0,1,0.0,6,1,http_get_flood,1
1e-06,2,0.0,2000000.0,0.0,0.0,0.0,1e-06,0.0,0,1,0.0,6,0,udp_flood,1
2e-06,2,2944.0,1000000.0,1472000000.0,1472.0,0.0,2e-06,0.0,0,0,0.0,17,3,dns_amplification,1
118.102323,360,217016.0,3.0482042254156165,1837.5252449522093,601.1523545706374,852.5008058329504,0.32897583008356557,4.355387475708881,0,1,1.0,6,1,benign,0
0.020616,4,288.0,194.024058983314,13969.732246798603,66.0,32.863353450309965,0.006872,0.011897456997190619,0,0,1.0,17,1,benign,0
0.17139,2,0.0,11.669292257424589,0.0,0.0,0.0,0.17139,0.0,0,0,1.0,6,1,benign,0
0.04592,4,164.0,87.10801393728222,3571.428571428571,38.2,15.336231610144653,0.015306666666666668,0.026508460259572476,0,0,1.0,17,1,benign,0
1e-06,2,31.0,2000000.0,31000000.0,20.666666666666664,17.8978583448784,1e-06,0.0,0,0,0.0,6,1,benign,0
0.020647,4,212.0,193.73274567733813,10267.83552089892,51.4,8.763560920082657,0.006882333333333334,0.011917086906343063,0,0,1.0,17,1,benign,0
1e-06,2,0.0,2000000.0,0.0,0.0,0.0,1e-06,0.0,0,1,0.0,6,0,udp_flood,1
1e-06,2,31.0,2000000.0,31000000.0,20.666666666666664,17.8978583448784,1e-06,0.0,0,0,0.0,6,1,benign,0
4.260963,18,1590.0,4.224397160923481,373.1550825482408,83.68421052631577,166.3998038966456,0.2506448823529412,1.0201996398858584,0,1,0.0,6,1,benign,0
0.068362,2,0.0,29.256019425996893,0.0,0.0,0.0,0.068362,0.0,0,0,1.0,6,1,benign,0
1e-06,2,0.0,2000000.0,0.0,0.0,0.0,1e-06,0.0,0,1,0.0,6,1,syn_flood,1
1e-06,2,2944.0,2000000.0,2944000000.0,1472.0,0.0,1e-06,0.0,0,0,0.0,17,6,slowloris_low_rate,1
0.002854,42,18480.0,14716.187806587244,6475122.634898388,440.0,0.0,6.960975609756098e-05,9.22032749008354e-05,0,0,0.0,17,4,icmp_flood,1
2e-06,2,2944.0,1000000.0,1472000000.0,1472.0,0.0,2e-06,0.0,0,0,0.0,17,6,slowloris_low_rate,1
0.000189,3,0.0,15873.015873015873,0.0,0.0,0.0,9.45e-05,0.0001308147545195113,0,0,2.0,6,1,benign,0
1e-06,2,0.0,2000000.0,0.0,0.0,0.0,1e-06,0.0,0,1,0.0,6,1,syn_flood,1
1e-06,2,0.0,2000000.0,0.0,0.0,0.0,1e-06,0.0,0,1,0.0,6,0,udp_flood,1
0.020986,4,156.0,190.60325931573428,7433.527113313637,37.4,8.763560920082657,0.006995333333333334,0.012114540698405915,0,0,1.0,17,1,benign,0
0.109023,4,1438.0,36.68950588407951,13189.877365326583,353.6,32.3156308928048,0.036341,0.062942726347053,0,0,0.0,17,8,pulsed_mixed_flood,1
0.107924,4,1438.0,37.06311849078981,13324.191097438938,353.6,32.3156308928048,0.03597466666666667,0.0623082184012136,0,0,0.0,17,8,pulsed_mixed_flood,1
0.000224,52,22304.0,232142.8571428572,99571428.57142857,429.13207547169816,55.40551129759604,4.392156862745096e-06,1.182552904756916e-05,0,0,0.0,17,4,icmp_flood,1
1e-06,2,2944.0,2000000.0,2944000000.0,1472.0,0.0,1e-06,0.0,0,0,0.0,17,6,slowloris_low_rate,1
0.055428,4,0.0,72.16569242981886,0.0,0.0,0.0,0.018476,0.031123028821115725,0,0,3.0,6,1,benign,0
2e-06,2,2944.0,1000000.0,1472000000.0,1472.0,0.0,2e-06,0.0,0,0,0.0,17,3,dns_amplification,1
0.009174,112,49280.0,12208.415086112927,5371702.637889688,440.0,0.0,8.264864864864859e-05,0.00037769652677654617,0,0,0.0,17,4,icmp_flood,1
0.000181,3,0.0,16574.585635359115,0.0,0.0,0.0,9.05e-05,0.00012515790027001891,0,0,2.0,6,1,benign,0
0.000616,146,63808.0,237012.987012987,103584415.58441558,437.0612244897959,25.10831999033249,4.248275862068968e-06,1.1473720598298366e-05,0,0,0.0,17,4,icmp_flood,1
0.002563,44,19360.0,17167.381974248925,7553648.068669528,440.0,0.0,5.96046511627907e-05,9.196198477913729e-05,0,0,0.0,17,4,icmp_flood,1
0.003743,46,19808.0,12289.60726689821,5292011.755276516,430.80851063829766,44.070417119933005,8.317777777777779e-05,0.0004136969295208142,0,0,0.0,17,4,icmp_flood,1
15.530324,153,159612.0,9.8516940148834,10277.441732703066,1036.441558441558,1056.6297079391231,0.10217318421052632,0.8988283220478221,0,1,1.0,6,1,benign,0
15.456235,29,20228.0,1.876265468272189,1308.7275135244774,674.2666666666668,1036.9044425541372,0.5520083928571429,2.073211942638199,0,1,1.0,6,1,benign,0
7.276054,10,0.0,1.3743713281952004,0.0,0.0,0.0,0.8084504444444445,1.4481685861656537,0,1,4.0,6,1,benign,0
0.020687,4,262.0,193.3581476289457,12664.958669695943,61.6,21.36117974270148,0.006895666666666666,0.011939314902176477,0,0,1.0,17,1,benign,0
0.000222,3,0.0,13513.513513513511,0.0,0.0,0.0,0.000111,0.00015273506473629427,0,0,2.0,6,1,benign,0
4.8e-05,2,2944.0,41666.66666666666,61333333.33333333,1472.0,0.0,4.8e-05,0.0,0,0,0.0,17,6,slowloris_low_rate,1
19.719033,23,15788.0,1.1663857958957724,800.6477802435851,657.8333333333333,1140.386420651262,0.8963196818181819,2.4553604300308685,0,1,1.0,6,1,benign,0
0.020694,4,332.0,193.2927418575433,16043.297574176093,74.2,48.199585060454616,0.006898,0.011944222368994974,0,0,1.0,17,1,benign,0
1e-06,2,2944.0,2000000.0,2944000000.0,1472.0,0.0,1e-06,0.0,0,0,0.0,17,6,slowloris_low_rate,1
61.281319,75,81336.0,1.2238639967915834,1327.2560272405362,1070.2105263157896,1272.3909495202531,0.8281259324324323,6.983654150353233,0,1,1.0,6,1,benign,0
117.349986,60,5042.0,0.5112910707974009,42.96549298267493,82.65573770491801,139.6516959254824,1.988982813559321,10.638556305460597,0,1,0.0,6,1,benign,0
1e-06,2,31.0,2000000.0,31000000.0,20.666666666666664,17.8978583448784,1e-06,0.0,0,0,0.0,6,1,benign,0
1e-06,2,2944.0,2000000.0,2944000000.0,1472.0,0.0,1e-06,0.0,0,0,0.0,17,6,slowloris_low_rate,1
0.000119,3,0.0,25210.08403361344,0.0,0.0,0.0,5.95e-05,8.131727983645297e-05,0,0,2.0,6,1,benign,0
2e-06,2,2928.0,1000000.0,1464000000.0,1464.0,0.0,2e-06,0.0,0,0,0.0,17,3,dns_amplification,1
7.5e-05,3,0.0,40000.0,0.0,0.0,0.0,3.75e-05,5.1618795026617964e-05,0,0,2.0,6,4,icmp_flood,1
116.509455,46,7958.0,0.3948177424742052,68.3034694480375,205.31914893617017,518.9655306633101,2.589099,12.09453600897644,0,0,1.0,6,1,benign,0
1e-06,2,0.0,2000000.0,0.0,0.0,0.0,1e-06,0.0,0,1,0.0,6,0,udp_flood,1
1e-06,2,2944.0,2000000.0,2944000000.0,1472.0,0.0,1e-06,0.0,0,0,0.0,17,3,dns_amplification,1
0.020746,4,414.0,192.80825219319385,19955.65410199557,91.6,65.17898434311476,0.006915333333333334,0.01197337856802888,0,0,1.0,17,1,benign,0
1e-06,2,812.0,2000000.0,812000000.0,406.0,0.0,1e-06,0.0,0,0,0.0,17,8,pulsed_mixed_flood,1
0.000229,5,154.0,21834.061135371183,672489.0829694322,33.333333333333336,17.90716802475106,5.7249999999999996e-05,0.00010983434496246303,0,0,0.0,6,1,benign,0
2e-06,2,2912.0,1000000.0,1456000000.0,1456.0,0.0,2e-06,0.0,0,0,0.0,17,6,slowloris_low_rate,1
0.02064,4,196.0,193.79844961240312,9496.124031007752,47.4,8.763560920082657,0.00688,0.011912179439548415,0,0,1.0,17,1,benign,0
1e-06,2,750.0,2000000.0,750000000.0,375.0,0.0,1e-06,0.0,0,0,0.0,17,8,pulsed_mixed_flood,1
0.003508,14,6160.0,3990.877993158495,1755986.3169897378,440.0,0.0,0.0002698461538461539,0.0005290965328044033,0,0,0.0,17,4,icmp_flood,1
0.020708,4,156.0,193.1620629708325,7533.320455862468,37.4,8.763560920082657,0.006902666666666666,0.01195143925781884,0,0,1.0,17,1,benign,0
1e-06,2,2944.0,2000000.0,2944000000.0,1472.0,0.0,1e-06,0.0,0,0,0.0,17,3,dns_amplification,1
0.021027,4,290.0,190.2316069815,13791.791506158748,66.6,32.3156308928048,0.007009,0.012138212059442693,0,0,1.0,17,1,benign,0
117.28606,119,72684.0,1.0146133308596093,619.7155910941162,605.7,912.2758925904384,0.9939496610169493,7.578191579386627,0,1,1.0,6,1,benign,0
0.216459,29,8209.0,133.9745633122208,37924.041042414494,273.6333333333333,611.1734041048068,0.007730678571428571,0.017899763095998143,0,1,0.0,6,1,benign,0
0.307076,9,762.0,29.30870533678959,2481.4703851815184,76.19999999999997,160.64370513655368,0.038384499999999995,0.08833471562674068,0,1,0.0,6,1,benign,0
1e-06,2,770.0,2000000.0,770000000.0,385.0,0.0,1e-06,0.0,0,0,0.0,17,3,dns_amplification,1
0.000657,4,123.0,6088.2800608828,187214.61187214608,33.8,19.979989989987484,0.000219,0.0003741229744348775,0,0,0.0,6,1,benign,0
0.213028,6,2088.0,28.16531160223069,9801.528437576282,344.1428571428572,33.61759743263722,0.0426056,0.058387289681059884,0,0,0.0,17,8,pulsed_mixed_flood,1
2e-06,2,2944.0,1000000.0,1472000000.0,1472.0,0.0,2e-06,0.0,0,0,0.0,17,3,dns_amplification,1
0.338492,27,22590.0,79.76554837337365,66737.1754723893,806.7857142857142,1072.676899237944,0.013018923076923076,0.040063820675440405,0,1,1.0,6,1,benign,0
1e-06,2,766.0,2000000.0,766000000.0,383.0,0.0,1e-06,0.0,0,0,0.0,17,8,pulsed_mixed_flood,1
1e-06,2,772.0,2000000.0,772000000.0,386.0,0.0,1e-06,0.0,0,0,0.0,17,8,pulsed_mixed_flood,1
30.038778,1235,3799198.0,41.113523326414935,126476.4498742259,3073.784789644016,4534.8425281663785,0.024342607779578605,0.8253594035613664,0,1,4.0,6,1,benign,0
0.041707,4,0.0,95.90716186731242,0.0,0.0,0.0,0.013902333333333333,0.024076949606072057,0,0,3.0,6,1,benign,0
2e-05,3,0.0,150000.0,0.0,0.0,0.0,1e-05,1.2727922061357855e-05,0,0,2.0,6,1,http_get_flood,1
2e-06,2,2736.0,1000000.0,1368000000.0,1368.0,0.0,2e-06,0.0,0,0,0.0,17,6,slowloris_low_rate,1
1e-06,2,0.0,2000000.0,0.0,0.0,0.0,1e-06,0.0,0,1,0.0,6,0,udp_flood,1
1e-06,2,0.0,2000000.0,0.0,0.0,0.0,1e-06,0.0,0,1,0.0,6,0,udp_flood,1
0.020602,4,232.0,194.1559071934764,11261.04261722163,56.4,8.763560920082657,0.006867333333333334,0.011890240129338571,0,0,1.0,17,1,benign,0
0.054439,4,320.0,73.4767354286449,5878.138834291593,70.4,52.58136552049595,0.018146333333333337,0.03142517515199133,0,0,1.0,17,1,benign,0
117.992856,47,8218.0,0.3983292005407514,69.64828446901903,171.20833333333331,470.8639392550466,2.565062086956521,12.072880519931344,0,1,0.0,6,1,benign,0
0.020618,4,244.0,194.00523814142983,11834.319526627216,55.8,28.48157299026864,0.006872666666666666,0.011898611697728998,0,0,1.0,17,1,benign,0
0.716992,9,1070.0,12.552441310363296,1492.3458002320806,107.0,225.5758064253444,0.08962399999999998,0.23206781222491224,0,1,0.0,6,1,benign,0
0.02818,2,0.0,70.97232079489001,0.0,0.0,0.0,0.02818,0.0,0,0,1.0,6,1,benign,0
0.02063,4,644.0,193.8923897237034,31216.67474551624,137.0,131.45341380123986,0.006876666666666666,0.01190553990095927,0,0,1.0,17,1,benign,0
1e-06,2,0.0,2000000.0,0.0,0.0,0.0,1e-06,0.0,0,1,0.0,6,1,syn_flood,1
0.21687,6,2088.0,27.666343892654584,9627.887674643796,344.1428571428572,33.61759743263722,0.043374,0.05940086389102434,0,0,0.0,17,0,udp_flood,1
1e-06,2,802.0,2000000.0,802000000.0,401.0,0.0,1e-06,0.0,0,0,0.0,17,8,pulsed_mixed_flood,1
5.9e-05,14,6160.0,237288.1355932204,104406779.66101696,440.0,0.0,4.538461538461538e-06,1.1347653095210076e-05,0,0,0.0,17,4,icmp_flood,1
3e-06,2,0.0,666666.6666666665,0.0,0.0,0.0,3e-06,0.0,0,0,0.0,6,1,benign,0
1e-06,2,766.0,2000000.0,766000000.0,383.0,0.0,1e-06,0.0,0,0,0.0,17,8,pulsed_mixed_flood,1
0.020604,4,224.0,194.1370607649,10871.6754028344,50.6,29.57701810527897,0.006868,0.01188966277906989,0,0,1.0,17,1,benign,0
0.044598,4,226.0,89.69012063321226,5067.491815776491,51.4,27.933850432763467,0.014866,0.025744337183155445,0,0,1.0,17,1,benign,0
0.000148,2,0.0,13513.513513513511,0.0,0.0,0.0,0.000148,0.0,0,0,1.0,6,1,http_get_flood,1
0.024894,2,0.0,80.34064433196754,0.0,0.0,0.0,0.024894,0.0,0,0,1.0,6,1,benign,0
0.045372,4,496.0,88.16009873931057,10931.852243674512,111.2,70.10848736066126,0.015124,0.026190340280339997,0,0,1.0,17,1,benign,0
5.4e-05,4,0.0,74074.07407407407,0.0,0.0,0.0,1.8e-05,3.0315012782448237e-05,0,1,1.0,6,1,syn_flood,1
2e-06,2,0.0,1000000.0,0.0,0.0,0.0,2e-06,0.0,1,0,0.0,6,1,benign,0
1e-06,2,0.0,2000000.0,0.0,0.0,0.0,1e-06,0.0,0,1,0.0,6,0,udp_flood,1
0.020612,4,208.0,194.0617116242965,10091.20900446342,50.4,8.763560920082657,0.006870666666666666,0.01189428158121933,0,0,1.0,17,1,benign,0
0.284893,56,21906.0,196.56502616771908,76892.02612910813,384.31578947368416,784.6221146398785,0.005179872727272728,0.015374575827999584,0,1,0.0,6,1,benign,0
0.000121,3,0.0,24793.38842975207,0.0,0.0,0.0,6.05e-05,8.131727983645297e-05,0,0,2.0,6,1,http_get_flood,1
0.020601,4,132.0,194.16533178001063,6407.455948740351,31.4,8.763560920082657,0.006867,0.01188966277906989,0,0,1.0,17,1,benign,0
4e-06,3,62.0,750000.0,15500000.0,23.25,15.5,2e-06,0.0,0,0,0.0,6,1,benign,0
0.120832,2,0.0,16.551906779661017,0.0,0.0,0.0,0.120832,0.0,0,0,1.0,6,1,benign,0
37.634947,10,0.0,0.265710484460095,0.0,0.0,0.0,4.181660777777778,6.540270554454758,0,1,0.0,6,0,udp_flood,1
0.067138,194,85360.0,2889.5707349042277,1271411.12335786,440.0,0.0,0.0003478652849740931,0.0007137681568670183,0,0,0.0,17,4,icmp_flood,1
0.000182,3,0.0,16483.516483516483,0.0,0.0,0.0,9.1e-05,0.00012445079348883236,0,0,2.0,6,1,benign,0
1e-06,2,0.0,2000000.0,0.0,0.0,0.0,1e-06,0.0,0,1,0.0,6,1,syn_flood,1
0.000183,2,0.0,10928.96174863388,0.0,0.0,0.0,0.000183,0.0,0,0,1.0,6,1,http_get_flood,1
107.780113,18,0.0,0.1670066907426604,0.0,0.0,0.0,6.340006647058824,8.781628241334698,0,1,0.0,6,1,syn_flood,1
2e-06,2,2944.0,1000000.0,1472000000.0,1472.0,0.0,2e-06,0.0,0,0,0.0,17,6,slowloris_low_rate,1
0.020678,4,344.0,193.4423058322856,16636.038301576555,79.4,36.14968879534096,0.006892666666666666,0.011934984764687944,0,0,1.0,17,1,benign,0
1e-06,2,0.0,2000000.0,0.0,0.0,0.0,1e-06,0.0,0,1,0.0,6,1,syn_flood,1
0.0206,4,644.0,194.17475728155335,31262.135922330097,135.4,140.21697472132252,0.006866666666666666,0.011888219392883584,0,0,1.0,17,1,benign,0
0.131804,4,264.0,30.348092622378683,2002.974113076993,64.4,8.763560920082657,0.04393466666666667,0.07609274475489324,0,0,1.0,17,1,benign,0
0.020628,4,232.0,193.91118867558652,11246.84894318402,56.4,8.763560920082657,0.006876,0.011904385200420892,0,0,1.0,17,1,benign,0
0.044825,4,208.0,89.23591745677635,4640.26770775237,50.4,8.763560920082657,0.014941666666666667,0.02587279763252001,0,0,1.0,17,1,benign,0
1e-06,2,2944.0,2000000.0,2944000000.0,1472.0,0.0,1e-06,0.0,0,0,0.0,17,6,slowloris_low_rate,1
1e-06,2,0.0,2000000.0,0.0,0.0,0.0,1e-06,0.0,0,1,0.0,6,1,syn_flood,1
0.076075,4,84.0,52.579691094314825,1104.1735129806111,16.8,23.004347415216976,0.025358333333333337,0.04391932365523555,0,0,3.0,6,1,benign,0
0.00014,2,0.0,14285.714285714286,0.0,0.0,0.0,0.00014,0.0,0,0,1.0,6,1,http_get_flood,1
1e-06,2,2848.0,2000000.0,2848000000.0,1424.0,0.0,1e-06,0.0,0,0,0.0,17,3,dns_amplification,1
1e-06,2,0.0,2000000.0,0.0,0.0,0.0,1e-06,0.0,0,1,0.0,6,0,udp_flood,1
1e-06,2,31.0,2000000.0,31000000.0,20.666666666666664,17.8978583448784,1e-06,0.0,0,0,0.0,6,1,benign,0
6.5e-05,3,0.0,46153.84615384616,0.0,0.0,0.0,3.25e-05,4.31335136523794e-05,0,0,2.0,6,1,benign,0
0.048216,4,290.0,82.96001327360213,6014.600962336153,66.6,32.3156308928048,0.016072,0.027834922507526408,0,0,1.0,17,1,benign,0
4.9e-05,2,0.0,40816.32653061225,0.0,0.0,0.0,4.9e-05,0.0,0,1,0.0,6,1,syn_flood,1
14.34118,12,0.0,0.8367512296756613,0.0,0.0,0.0,1.3037436363636363,2.557254108788576,0,1,5.0,6,1,benign,0
0.000172,3,0.0,17441.860465116282,0.0,0.0,0.0,8.6e-05,0.00011737972567696688,0,0,2.0,6,1,benign,0
0.020545,4,256.0,194.69457288878075,12460.452664881965,58.8,28.48157299026864,0.006848333333333334,0.011855599113217912,0,0,1.0,17,1,benign,0
1e-06,2,2944.0,2000000.0,2944000000.0,1472.0,0.0,1e-06,0.0,0,0,0.0,17,6,slowloris_low_rate,1
116.800395,68,6210.0,0.5821898119437011,53.167628414270354,102.73913043478262,225.5474811218454,1.7432894776119405,9.95427652770139,0,0,1.0,6,1,benign,0
0.108444,4,1438.0,36.885397071299465,13260.300247132158,353.6,32.3156308928048,0.036148,0.06256860759997782,0,0,0.0,17,8,pulsed_mixed_flood,1
0.020664,4,304.0,193.57336430507164,14711.575687185445,69.4,36.14968879534096,0.006888,0.011926035845996776,0,0,1.0,17,1,benign,0
1e-06,2,750.0,2000000.0,750000000.0,375.0,0.0,1e-06,0.0,0,0,0.0,17,8,pulsed_mixed_flood,1
12.410462,4,0.0,0.3223087101833919,0.0,0.0,0.0,4.136820666666667,7.1651818444168125,0,1,0.0,6,0,udp_flood,1
4.3e-05,4,0.0,93023.25581395348,0.0,0.0,0.0,1.4333333333333332e-05,2.396525262402492e-05,0,1,1.0,6,1,syn_flood,1
0.190188,27,11360.0,141.96479273140258,59730.372052916064,405.71428571428567,730.1879442050753,0.007314923076923077,0.017130479913704873,0,1,1.0,6,1,benign,0
2e-06,2,0.0,1000000.0,0.0,0.0,0.0,2e-06,0.0,1,0,0.0,6,1,benign,0
0.084246,4,192.0,47.47999905040002,2279.039954419201,48.0,0.0,0.028082,0.048635120653700445,0,0,1.0,17,1,benign,0
0.020545,4,236.0,194.69457288878075,11486.979800438065,56.2,15.336231610144653,0.006848333333333334,0.011856465128078156,0,0,1.0,17,1,benign,0
1e-06,2,0.0,2000000.0,0.0,0.0,0.0,1e-06,0.0,0,1,0.0,6,1,syn_flood,1
0.107921,4,1398.0,37.06414877549319,12953.919997034867,345.6,21.36117974270148,0.035973666666666675,0.06226665342969168,0,0,0.0,17,8,pulsed_mixed_flood,1
0.21246,6,2088.0,28.24060999717593,9827.732279017226,344.1428571428572,33.61759743263722,0.042492,0.05823884208155242,0,0,0.0,17,8,pulsed_mixed_flood,1
0.486754,9,832.0,18.48983264647029,1709.2823068736982,83.2,175.40100088400612,0.060844249999999996,0.15046388511699413,0,1,0.0,6,1,benign,0
1e-06,2,996.0,2000000.0,996000000.0,498.0,0.0,1e-06,0.0,0,0,0.0,17,8,pulsed_mixed_flood,1
1e-06,2,2944.0,2000000.0,2944000000.0,1472.0,0.0,1e-06,0.0,0,0,0.0,17,3,dns_amplification,1
0.047244,4,288.0,84.66683600033866,6096.012192024384,66.0,32.863353450309965,0.015748,0.027272005995159207,0,0,1.0,17,1,benign,0
0.108958,4,1438.0,36.711393380935775,13197.745920446408,353.6,32.3156308928048,0.03631933333333333,0.06290433255613902,0,0,0.0,17,8,pulsed_mixed_flood,1
1e-06,2,0.0,2000000.0,0.0,0.0,0.0,1e-06,0.0,0,1,0.0,6,1,syn_flood,1
0.000161,3,0.0,18633.540372670806,0.0,0.0,0.0,8.05e-05,0.00011242997820866104,0,0,2.0,6,1,benign,0
0.000815,12,5280.0,14723.9263803681,6478527.607361962,440.0,0.0,7.40909090909091e-05,0.00011478541244030492,0,0,0.0,17,4,icmp_flood,1
0.02061,4,314.0,194.0805434255216,15235.322658903446,70.8,42.17463692789779,0.00687,0.011893992895575481,0,0,1.0,17,1,benign,0
0.001074,4,102.0,3724.3947858472993,94972.06703910611,28.2,17.049926686059383,0.000358,0.0006157442650971262,0,0,0.0,6,1,benign,0
0.007129,20,8800.0,2805.442558563613,1234394.72576799,440.0,0.0,0.0003752105263157893,0.0015410001290268665,0,0,0.0,17,4,icmp_flood,1
1e-06,2,0.0,2000000.0,0.0,0.0,0.0,1e-06,0.0,0,1,0.0,6,1,syn_flood,1
0.035339,4,392.0,113.18939415376778,11092.560627069242,96.4,8.763560920082657,0.011779666666666667,0.02039778501046948,0,0,1.0,17,1,benign,0
1e-06,2,0.0,2000000.0,0.0,0.0,0.0,1e-06,0.0,0,1,0.0,6,1,syn_flood,1
1e-06,2,766.0,2000000.0,766000000.0,383.0,0.0,1e-06,0.0,0,0,0.0,17,8,pulsed_mixed_flood,1
5.60159,7,0.0,1.2496451900264032,0.0,0.0,0.0,0.9335983333333336,2.260017016403697,0,1,0.0,6,1,benign,0
0.020708,4,172.0,193.1620629708325,8305.968707745798,41.4,8.763560920082657,0.006902666666666666,0.011950573221956064,0,0,1.0,17,1,benign,0
1e-06,2,2944.0,2000000.0,2944000000.0,1472.0,0.0,1e-06,0.0,0,0,0.0,17,6,slowloris_low_rate,1
1e-06,2,750.0,2000000.0,750000000.0,375.0,0.0,1e-06,0.0,0,0,0.0,17,8,pulsed_mixed_flood,1
0.000152,4,0.0,26315.78947368421,0.0,0.0,0.0,5.066666666666666e-05,5.0520622851795216e-05,0,1,1.0,6,0,udp_flood,1
1e-06,2,2896.0,2000000.0,2896000000.0,1448.0,0.0,1e-06,0.0,0,0,0.0,17,3,dns_amplification,1
0.028621,12,5136.0,419.2725621047482,179448.65658083226,428.9230769230769,27.038434183157182,0.002601909090909091,0.0029845130743404525,0,0,0.0,17,4,icmp_flood,1
9.2e-05,3,0.0,32608.695652173912,0.0,0.0,0.0,4.6e-05,6.08111831820431e-05,0,0,2.0,6,1,benign,0
0.000146,3,0.0,20547.945205479453,0.0,0.0,0.0,7.3e-05,9.899494936611665e-05,0,0,2.0,6,1,benign,0
0.061188,2,0.0,32.68614761064261,0.0,0.0,0.0,0.061188,0.0,0,0,1.0,6,1,benign,0
0.020577,4,230.0,194.39179666618068,11177.528308305393,53.6,21.36117974270148,0.006859,0.011876672429599127,0,0,1.0,17,1,benign,0
106.998948,14,0.0,0.1308424079085338,0.0,0.0,0.0,8.230688307692308,12.84553808873789,0,1,0.0,6,1,syn_flood,1
1e-06,2,766.0,2000000.0,766000000.0,383.0,0.0,1e-06,0.0,0,0,0.0,17,8,pulsed_mixed_flood,1
4.8e-05,2,766.0,41666.66666666666,15958333.333333332,383.0,0.0,4.8e-05,0.0,0,0,0.0,17,8,pulsed_mixed_flood,1
0.064769,4,180.0,61.75793975512978,2779.10728898084,42.2,15.336231610144653,0.021589666666666663,0.03738920343272017,0,0,1.0,17,1,benign,0
0.000206,3,0.0,14563.106796116504,0.0,0.0,0.0,0.000103,0.00014142135623730948,0,0,2.0,6,1,benign,0
0.02055,4,286.0,194.647201946472,13917.274939172748,64.6,37.79285646785646,0.00685,0.011860217915367323,0,0,1.0,17,1,benign,0
1e-06,2,31.0,2000000.0,31000000.0,20.666666666666664,17.8978583448784,1e-06,0.0,0,0,0.0,6,1,benign,0
1e-06,2,2944.0,2000000.0,2944000000.0,1472.0,0.0,1e-06,0.0,0,0,0.0,17,6,slowloris_low_rate,1
4.8e-05,4,0.0,83333.33333333331,0.0,0.0,0.0,1.6e-05,2.598076211353316e-05,0,1,1.0,6,1,syn_flood,1
1e-06,2,802.0,2000000.0,802000000.0,401.0,0.0,1e-06,0.0,0,0,0.0,17,8,pulsed_mixed_flood,1
4.746819,15,3254.0,3.1600109462779176,685.5117079458896,203.375,387.7033015077381,0.3390585,1.2683146470869096,0,1,0.0,6,1,http_get_flood,1
0.020716,4,316.0,193.0874686232864,15253.910021239622,69.4,52.58136552049595,0.006905333333333334,0.011955192024109579,0,0,1.0,17,1,benign,0
0.020669,4,200.0,193.52653732643088,9676.326866321544,48.4,8.763560920082657,0.006889666666666666,0.011928056561457668,0,0,1.0,17,1,benign,0
1e-06,2,0.0,2000000.0,0.0,0.0,0.0,1e-06,0.0,0,1,0.0,6,0,udp_flood,1
2e-06,2,2944.0,1000000.0,1472000000.0,1472.0,0.0,2e-06,0.0,0,0,0.0,17,6,slowloris_low_rate,1
0.000201,3,0.0,14925.373134328356,0.0,0.0,0.0,0.0001005,0.00014071424945612295,0,0,2.0,6,1,benign,0
0.000178,3,0.0,16853.932584269663,0.0,0.0,0.0,8.9e-05,0.0001216223663640862,0,0,2.0,6,1,http_get_flood,1
1e-06,2,2944.0,2000000.0,2944000000.0,1472.0,0.0,1e-06,0.0,0,0,0.0,17,3,dns_amplification,1
0.106005,4,1438.0,37.73406914768172,13565.397858591576,353.6,32.3156308928048,0.035335,0.06119941721127743,0,0,0.0,17,8,pulsed_mixed_flood,1
0.000328,10,4400.0,30487.80487804878,13414634.146341464,440.0,0.0,3.644444444444444e-05,5.718197074059077e-05,0,0,0.0,17,4,icmp_flood,1
0.04481,4,220.0,89.26578888640928,4909.61838875251,50.2,26.290682760247968,0.014936666666666668,0.0258658694872864,0,0,1.0,17,1,benign,0
1e-06,2,0.0,2000000.0,0.0,0.0,0.0,1e-06,0.0,0,1,0.0,6,0,udp_flood,1
0.000103,3,0.0,29126.213592233013,0.0,0.0,0.0,5.15e-05,6.85893577750951e-05,0,0,2.0,6,1,http_get_flood,1
0.055101,4,196.0,72.59396381190905,3557.104226783544,47.4,8.763560920082657,0.018367,0.03180911308100244,0,0,1.0,17,1,benign,0
0.000902,88,38720.0,97560.97560975607,42926829.26829268,440.0,0.0,1.0367816091954023e-05,3.455333421885945e-05,0,0,0.0,17,4,icmp_flood,1
0.011245,24,10272.0,2134.2819030680303,913472.6545131168,428.48,39.87179454200676,0.0004889130434782608,0.0005297579132399216,0,0,0.0,17,4,icmp_flood,1
9.5e-05,3,0.0,31578.94736842105,0.0,0.0,0.0,4.75e-05,6.293250352560272e-05,0,0,2.0,6,1,benign,0
0.157025,4,410.0,25.47365069256488,2611.0491959879,91.4,60.79720388307344,0.05234166666666667,0.09065496191788584,0,0,1.0,17,1,benign,0
0.049153,6,62.0,122.0678290236608,1261.3675665778285,8.857142857142858,15.126451130702266,0.0098306,0.013754333000912842,0,0,5.0,6,1,benign,0
2e-06,2,0.0,1000000.0,0.0,0.0,0.0,2e-06,0.0,0,0,0.0,6,1,benign,0
0.21553,6,2088.0,27.8383519695634,9687.746485408064,344.1428571428572,33.61759743263722,0.043106,0.059046735405100935,0,0,0.0,17,8,pulsed_mixed_flood,1
1e-06,2,2944.0,2000000.0,2944000000.0,1472.0,0.0,1e-06,0.0,0,0,0.0,17,6,slowloris_low_rate,1
0.000133,3,0.0,22556.390977443607,0.0,0.0,0.0,6.65e-05,8.980256121069154e-05,0,0,2.0,6,1,benign,0
0.0208,4,410.0,192.3076923076923,19711.53846153846,91.4,60.79720388307344,0.006933333333333334,0.012003689446721508,0,0,1.0,17,1,benign,0
0.061115,2,0.0,32.725190215168126,0.0,0.0,0.0,0.061115,0.0,0,0,1.0,6,1,benign,0
0.020656,4,300.0,193.64833462432225,14523.625096824167,69.4,30.672463220289305,0.006885333333333334,0.011923149094653362,0,0,1.0,17,1,benign,0
0.000321,3,0.0,9345.794392523365,0.0,0.0,0.0,0.0001605,0.00022273863607376248,0,0,0.0,6,1,benign,0
0.020781,4,256.0,192.48351859872,12318.945190318078,58.8,28.48157299026864,0.006927,0.011996183893222044,0,0,1.0,17,1,benign,0
71.907236,8,856.0,0.1112544501084703,11.904226161606324,98.66666666666669,69.89635183612947,10.272462285714283,27.16014778994479,0,0,1.0,17,1,benign,0
1e-06,2,2944.0,2000000.0,2944000000.0,1472.0,0.0,1e-06,0.0,0,0,0.0,17,6,slowloris_low_rate,1
2e-06,2,1354.0,1000000.0,677000000.0,677.0,0.0,2e-06,0.0,0,0,0.0,17,3,dns_amplification,1
0.054699,3,0.0,54.84560960895082,0.0,0.0,0.0,0.0273495,0.038675205396998216,0,0,2.0,6,1,benign,0
0.020771,4,260.0,192.57618795435943,12517.452217033364,59.4,30.672463220289305,0.006923666666666666,0.011987812324746052,0,0,1.0,17,1,benign,0
6.8e-05,2,0.0,29411.76470588236,0.0,0.0,0.0,6.8e-05,0.0,0,1,0.0,6,0,udp_flood,1
1e-06,2,0.0,2000000.0,0.0,0.0,0.0,1e-06,0.0,0,1,0.0,6,0,udp_flood,1
1e-06,2,2896.0,2000000.0,2896000000.0,1448.0,0.0,1e-06,0.0,0,0,0.0,17,3,dns_amplification,1
0.053419,8,11776.0,149.7594488852281,220445.90875905572,1472.0,0.0,0.0076312857142857154,0.01144749989756549,0,0,0.0,17,3,dns_amplification,1
0.021041,4,414.0,190.10503303074952,19675.87091868257,91.6,65.17898434311476,0.007013666666666666,0.012143696979640649,0,0,1.0,17,1,benign,0
117.125775,47,7852.0,0.401278027829485,67.03904413866205,163.58333333333331,441.2363593616181,2.5462124999999993,12.0377687548943,0,1,0.0,6,1,benign,0
115.175821,72,10931.0,0.6251312070091517,94.90707255301442,149.7397260273973,366.2372116613486,1.6221946619718313,3.654612897307514,0,1,0.0,6,1,benign,0
1e-06,2,0.0,2000000.0,0.0,0.0,0.0,1e-06,0.0,0,1,0.0,6,0,udp_flood,1
0.020563,4,288.0,194.5241453095365,14005.73846228663,64.2,42.72235948540296,0.006854333333333334,0.011866857432923567,0,0,1.0,17,1,benign,0
0.022697,110,48400.0,4846.455478697626,2132440.410626956,440.0,0.0,0.00020822935779816522,0.0009858884001998696,0,0,0.0,17,4,icmp_flood,1
0.020585,4,156.0,194.31624969638088,7578.333738158853,37.4,8.763560920082657,0.006861666666666666,0.011882157225577068,0,0,1.0,17,1,benign,0
4.804123,15,3488.0,3.1223180588840047,726.0430259591606,218.00000000000003,403.54727108481353,0.34315164285714284,1.2835805703273113,0,1,0.0,6,1,http_get_flood,1
0.020569,4,226.0,194.4674024016724,10987.408235694493,52.0,24.647515087732486,0.006856333333333334,0.011869455519666151,0,0,1.0,17,1,benign,0
0.00021,3,0.0,14285.714285714284,0.0,0.0,0.0,0.000105,0.0001442497833620557,0,0,2.0,6,1,benign,0
0.020588,4,196.0,194.287934719254,9520.108801243445,47.4,8.763560920082657,0.006862666666666666,0.01188129118965331,0,0,1.0,17,1,benign,0
0.020656,4,230.0,193.64833462432225,11134.779240898528,53.6,21.36117974270148,0.006885333333333334,0.011919684993041272,0,0,1.0,17,1,benign,0
4.8e-05,2,2944.0,41666.66666666666,61333333.33333333,1472.0,0.0,4.8e-05,0.0,0,0,0.0,17,3,dns_amplification,1
0.069196,2,0.0,28.90340482108793,0.0,0.0,0.0,0.069196,0.0,0,0,1.0,6,1,benign,0
1e-06,2,37.0,2000000.0,37000000.0,24.666666666666664,21.361959960016154,1e-06,0.0,0,0,0.0,6,1,benign,0
0.000157,3,0.0,19108.280254777063,0.0,0.0,0.0,7.85e-05,0.00010960155108391488,0,0,2.0,6,1,benign,0
0.107027,4,1438.0,37.373746811552216,13435.861978753024,353.6,32.3156308928048,0.035675666666666675,0.06178860315894293,0,0,0.0,17,0,udp_flood,1
2e-06,2,2944.0,1000000.0,1472000000.0,1472.0,0.0,2e-06,0.0,0,0,0.0,17,6,slowloris_low_rate,1
1e-06,2,2944.0,2000000.0,2944000000.0,1472.0,0.0,1e-06,0.0,0,0,0.0,17,6,slowloris_low_rate,1
0.00017,3,0.0,17647.05882352941,0.0,0.0,0.0,8.5e-05,0.00011737972567696688,0,0,2.0,6,1,benign,0
0.003656,177,77880.0,48413.56673960613,21301969.365426697,440.0,0.0,2.0772727272727278e-05,2.926498728035741e-05,0,0,0.0,17,4,icmp_flood,1
5.2e-05,8,2800.0,153846.15384615384,53846153.84615385,360.0,158.74507866387543,7.428571428571429e-06,1.6591736325222695e-05,0,0,0.0,17,4,icmp_flood,1
0.020667,4,400.0,193.5452653989452,19354.52653989452,91.8,44.913249715423625,0.006889,0.01192776789680282,0,0,1.0,17,1,benign,0
0.001473,4,123.0,2715.5465037338768,83503.05498981671,33.8,19.979989989987484,0.000491,0.0008469734352386737,0,0,0.0,6,1,benign,0
5e-05,2,2944.0,40000.0,58880000.0,1472.0,0.0,5e-05,0.0,0,0,0.0,17,6,slowloris_low_rate,1
1e-06,2,2944.0,2000000.0,2944000000.0,1472.0,0.0,1e-06,0.0,0,0,0.0,17,6,slowloris_low_rate,1
0.020901,2,0.0,95.6892014736137,0.0,0.0,0.0,0.020901,0.0,0,0,1.0,6,1,benign,0
0.02058,4,286.0,194.3634596695821,13896.98736637512,63.4,44.36552715791847,0.00686,0.011876672387499792,0,0,1.0,17,1,benign,0
15.809712,4,0.0,0.2530090364707466,0.0,0.0,0.0,5.269904,9.127739746959648,0,1,0.0,6,0,udp_flood,1
0.00017,3,0.0,17647.05882352941,0.0,0.0,0.0,8.5e-05,0.0001159655121145938,0,0,2.0,6,1,benign,0
0.020637,4,320.0,193.8266220865436,15506.129766923488,70.4,52.58136552049595,0.006879,0.011910447388742374,0,0,1.0,17,1,benign,0
117.117527,52,5258.0,0.4439984461078999,44.89507364683341,99.2075471698113,161.1077468521951,2.2964220980392165,11.448819275369562,0,1,0.0,6,1,benign,0
0.020647,4,224.0,193.73274567733813,10849.033757930934,53.2,15.336231610144653,0.006882333333333334,0.011917952942235226,0,0,1.0,17,1,benign,0
0.021189,3,0.0,141.58289678606826,0.0,0.0,0.0,0.0105945,0.014978642945874636,0,0,2.0,6,1,benign,0
4.516131,5,2.0,1.107142374745108,0.4428569498980433,0.5,0.5477225575051661,1.12903275,2.2365740211074874,0,0,0.0,6,1,benign,0
0.026432,4,0.0,151.33171912832933,0.0,0.0,0.0,0.008810666666666668,0.015257058246376768,0,0,3.0,6,1,benign,0
1e-06,2,2944.0,2000000.0,2944000000.0,1472.0,0.0,1e-06,0.0,0,0,0.0,17,3,dns_amplification,1
4e-06,2,2944.0,500000.0,736000000.0,1472.0,0.0,4e-06,0.0,0,0,0.0,17,3,dns_amplification,1
117.363612,81,14792.0,0.690162807872682,126.03565745744088,180.39024390243907,442.4379640157577,1.46704515,9.148020130405564,0,1,0.0,6,1,benign,0
0.02083,4,536.0,192.03072491598653,25732.117138742204,117.6,89.82649943084725,0.006943333333333334,0.012021009954797197,0,0,1.0,17,1,benign,0
15.146461,33,27096.0,2.1787267666024426,1788.9327414502966,796.9411764705882,1193.0208903953803,0.47332690625,1.94501741713063,0,1,1.0,6,1,benign,0
0.107818,4,1438.0,37.09955666029792,13337.2906193771,353.6,32.3156308928048,0.03593933333333333,0.06224701927267952,0,0,0.0,17,8,pulsed_mixed_flood,1
0.000244,2,2944.0,8196.721311475409,12065573.770491805,1472.0,0.0,0.000244,0.0,0,0,0.0,17,6,slowloris_low_rate,1
0.020685,4,196.0,193.376843123036,9475.465313028766,47.4,8.763560920082657,0.006895,0.01191477750526631,0,0,1.0,17,1,benign,0
1e-06,2,2944.0,2000000.0,2944000000.0,1472.0,0.0,1e-06,0.0,0,0,0.0,17,6,slowloris_low_rate,1
0.10772,4,1398.0,37.13330857779428,12978.091347939102,345.6,21.36117974270148,0.03590666666666667,0.06219130497371263,0,0,0.0,17,8,pulsed_mixed_flood,1
0.020984,4,228.0,190.6214258482653,10865.421273351123,54.2,15.336231610144653,0.006994666666666666,0.01211338599786754,0,0,1.0,17,1,benign,0
7.161019,10,0.0,1.396449304212152,0.0,0.0,0.0,0.795668777777778,1.4111584367654098,0,1,4.0,6,1,benign,0
2e-06,3,0.0,1500000.0,0.0,0.0,0.0,1e-06,0.0,0,0,2.0,6,1,benign,0
0.229533,56,23716.0,243.97363342090244,103322.8337537522,416.07017543859655,836.7934943164447,0.004173327272727272,0.014469185451560496,0,1,0.0,6,1,benign,0
1e-06,2,2944.0,2000000.0,2944000000.0,1472.0,0.0,1e-06,0.0,0,0,0.0,17,6,slowloris_low_rate,1
115.772737,59,2480.0,0.5096191169774279,21.421278137356293,41.333333333333336,160.94874083117656,1.9960816724137926,3.96873542896308,0,1,0.0,6,1,benign,0
0.000112,4,0.0,35714.28571428572,0.0,0.0,0.0,3.733333333333333e-05,3.2347076117221684e-05,0,1,1.0,6,1,syn_flood,1
4.453263,15,3226.0,3.3683166702707656,724.4126385528994,201.62500000000003,386.04108157897736,0.31809021428571427,1.1898651253576973,0,1,0.0,6,1,http_get_flood,1
1e-06,2,2944.0,2000000.0,2944000000.0,1472.0,0.0,1e-06,0.0,0,0,0.0,17,3,dns_amplification,1
0.000114,3,0.0,26315.78947368421,0.0,0.0,0.0,5.7e-05,7.91959594928933e-05,0,0,2.0,6,1,http_get_flood,1
0.000104,3,0.0,28846.153846153848,0.0,0.0,0.0,5.2e-05,7.071067811865477e-05,0,0,2.0,6,1,http_get_flood,1
0.020537,4,350.0,194.77041437405651,17042.411257729953,77.6,54.22453319301145,0.006845666666666666,0.011854444412680559,0,0,1.0,17,1,benign,0
0.000118,2,2944.0,16949.15254237288,24949152.54237288,1472.0,0.0,0.000118,0.0,0,0,0.0,17,3,dns_amplification,1
2e-06,2,2944.0,1000000.0,1472000000.0,1472.0,0.0,2e-06,0.0,0,0,0.0,17,6,slowloris_low_rate,1
110.670691,149,80536.0,1.346336583368762,727.7084770348094,536.9066666666669,828.5416503702213,0.7477749391891891,2.533083991119108,0,1,1.0,6,1,benign,0
0.020683,4,480.0,193.39554223275155,23207.465067930185,107.2,70.10848736066126,0.006894333333333334,0.011936139465226321,0,0,1.0,17,1,benign,0
1e-06,2,2896.0,2000000.0,2896000000.0,1448.0,0.0,1e-06,0.0,0,0,0.0,17,3,dns_amplification,1
1e-06,2,802.0,2000000.0,802000000.0,401.0,0.0,1e-06,0.0,0,0,0.0,17,8,pulsed_mixed_flood,1
0.020721,4,262.0,193.04087640557887,12644.177404565417,61.4,22.456624857711805,0.006907,0.011960676862117796,0,0,1.0,17,1,benign,0
1e-06,2,2944.0,2000000.0,2944000000.0,1472.0,0.0,1e-06,0.0,0,0,0.0,17,6,slowloris_low_rate,1
0.020655,4,160.0,193.65770999757927,7746.308399903171,38.4,8.763560920082657,0.006885,0.011920839693578636,0,0,1.0,17,1,benign,0
0.020646,4,244.0,193.74212922600012,11818.269882786011,55.8,28.48157299026864,0.006882,0.01191477750526631,0,0,1.0,17,1,benign,0
1e-06,2,2896.0,2000000.0,2896000000.0,1448.0,0.0,1e-06,0.0,0,0,0.0,17,3,dns_amplification,1
1e-06,2,0.0,2000000.0,0.0,0.0,0.0,1e-06,0.0,0,1,0.0,6,0,udp_flood,1
0.002749,34,14240.0,12368.133866860677,5180065.478355765,419.4285714285714,84.78147887164899,8.330303030303032e-05,0.00020141460424465327,0,0,0.0,17,4,icmp_flood,1
0.000195,3,0.0,15384.615384615385,0.0,0.0,0.0,9.75e-05,0.00013505739520663058,0,0,2.0,6,1,benign,0
1e-06,2,0.0,2000000.0,0.0,0.0,0.0,1e-06,0.0,0,1,0.0,6,1,syn_flood,1
0.000146,3,0.0,20547.945205479453,0.0,0.0,0.0,7.3e-05,9.899494936611665e-05,0,0,2.0,6,1,benign,0
1e-06,2,0.0,2000000.0,0.0,0.0,0.0,1e-06,0.0,0,1,0.0,6,0,udp_flood,1
1e-06,2,0.0,2000000.0,0.0,0.0,0.0,1e-06,0.0,0,1,0.0,6,1,benign,0
5.2e-05,4,0.0,76923.07692307692,0.0,0.0,0.0,1.7333333333333336e-05,2.829016319029166e-05,0,1,1.0,6,1,syn_flood,1
1e-06,2,2944.0,2000000.0,2944000000.0,1472.0,0.0,1e-06,0.0,0,0,0.0,17,3,dns_amplification,1
1e-06,2,31.0,2000000.0,31000000.0,20.666666666666664,17.8978583448784,1e-06,0.0,0,0,0.0,6,1,benign,0
0.020748,4,196.0,192.78966647387705,9446.693657219974,47.4,8.763560920082657,0.006916,0.011973667232723648,0,0,1.0,17,1,benign,0
2e-06,2,2944.0,1000000.0,1472000000.0,1472.0,0.0,2e-06,0.0,0,0,0.0,17,6,slowloris_low_rate,1
1e-06,2,910.0,2000000.0,910000000.0,596.3333333333333,489.59302827280266,1e-06,0.0,0,0,0.0,6,1,benign,0
0.00024,2,2944.0,8333.333333333334,12266666.666666664,1472.0,0.0,0.00024,0.0,0,0,0.0,17,3,dns_amplification,1
7.250244,10,0.0,1.3792639254623706,0.0,0.0,0.0,0.8055826666666666,1.4400061304890337,0,1,4.0,6,1,benign,0
0.000159,2,0.0,12578.61635220126,0.0,0.0,0.0,0.000159,0.0,0,0,1.0,6,1,http_get_flood,1
1e-06,2,31.0,2000000.0,31000000.0,20.666666666666664,17.8978583448784,1e-06,0.0,0,0,0.0,6,1,benign,0
4.9e-05,2,2944.0,40816.32653061225,60081632.65306122,1472.0,0.0,4.9e-05,0.0,0,0,0.0,17,6,slowloris_low_rate,1
3e-06,3,0.0,1000000.0,0.0,0.0,0.0,1.5e-06,7.071067811865476e-07,0,0,0.0,6,1,benign,0
0.106674,4,1438.0,37.49742205223391,13480.323227778092,353.6,32.3156308928048,0.035558,0.06158566454135247,0,0,0.0,17,8,pulsed_mixed_flood,1
1e-06,2,31.0,2000000.0,31000000.0,20.666666666666664,17.8978583448784,1e-06,0.0,0,0,0.0,6,1,benign,0
0.002421,4,1760.0,1652.2098306484925,726972.3254853366,440.0,0.0,0.000807,0.0013581060341519731,0,0,0.0,17,4,icmp_flood,1
9.1e-05,3,0.0,32967.03296703297,0.0,0.0,0.0,4.55e-05,6.293250352560272e-05,0,0,2.0,6,1,http_get_flood,1
1e-06,2,776.0,2000000.0,776000000.0,388.0,0.0,1e-06,0.0,0,0,0.0,17,8,pulsed_mixed_flood,1
0.106802,4,1438.0,37.452482163255375,13464.167337690304,353.6,32.3156308928048,0.03560066666666667,0.06165956537580631,0,0,0.0,17,8,pulsed_mixed_flood,1
0.020612,4,160.0,194.0617116242965,7762.468464971862,38.4,8.763560920082657,0.006870666666666666,0.011897745682831406,0,0,1.0,17,1,benign,0
0.020571,4,260.0,194.44849545476643,12639.152204559818,62.2,15.336231610144653,0.006857,0.01187320832799627,0,0,1.0,17,1,benign,0
1e-06,2,2944.0,2000000.0,2944000000.0,1472.0,0.0,1e-06,0.0,0,0,0.0,17,6,slowloris_low_rate,1
119.26164,424,236542.0,3.5552085314272053,1983.387114247297,556.5694117647058,838.0685456868666,0.2819424113475178,4.02677596101664,0,1,1.0,6,1,benign,0
0.047203,4,300.0,84.7403766709743,6355.528250323073,69.4,30.672463220289305,0.015734333333333333,0.027245736571679124,0,0,1.0,17,1,benign,0
5.5e-05,4,1786.0,72727.27272727272,32472727.272727277,442.6,21.36117974270148,1.8333333333333336e-05,3.002221399786054e-05,0,0,0.0,17,8,pulsed_mixed_flood,1
1e-06,2,2944.0,2000000.0,2944000000.0,1472.0,0.0,1e-06,0.0,0,0,0.0,17,6,slowloris_low_rate,1
1e-06,2,2944.0,2000000.0,2944000000.0,1472.0,0.0,1e-06,0.0,0,0,0.0,17,3,dns_amplification,1
114.205983,26,0.0,0.2276588258953123,0.0,0.0,0.0,4.56823932,6.397120413697855,0,1,0.0,6,1,syn_flood,1
0.211537,6,2088.0,28.36383233193248,9870.613651512502,344.1428571428572,33.61759743263722,0.0423074,0.05800920776307844,0,0,0.0,17,8,pulsed_mixed_flood,1
0.020599,4,260.0,194.18418369823775,12621.971940385456,57.8,39.43602414037196,0.006866333333333334,0.011888508078532534,0,0,1.0,17,1,benign,0
0.021183,3,0.0,141.622999575131,0.0,0.0,0.0,0.0105915,0.014974400305187515,0,0,2.0,6,1,benign,0
0.02059,4,244.0,194.26906265177269,11850.412821758136,55.8,28.48157299026864,0.006863333333333334,0.011881579875308393,0,0,1.0,17,1,benign,0
0.000916,6,2220.0,6550.218340611354,2423580.7860262007,370.0,0.0,0.00018319999999999998,0.00038007854451415686,0,0,0.0,17,8,pulsed_mixed_flood,1
1e-06,2,0.0,2000000.0,0.0,0.0,0.0,1e-06,0.0,0,1,0.0,6,1,syn_flood,1
2e-06,2,766.0,1000000.0,383000000.0,383.0,0.0,2e-06,0.0,0,0,0.0,17,0,udp_flood,1
27.607807,720,1857570.0,26.07957959138152,67284.2286966147,2576.3800277392525,2824.216558493207,0.03839750625869263,1.0191221097386371,0,1,5.0,6,1,benign,0
5.2e-05,12,5280.0,230769.2307692308,101538461.53846157,440.0,0.0,4.727272727272728e-06,1.2728636290592241e-05,0,0,0.0,17,4,icmp_flood,1
0.187109,32,9626.0,171.0233072700939,51445.94861818512,291.6969696969697,594.8049830011769,0.006035774193548387,0.013303477148749939,0,1,1.0,6,1,benign,0
0.106798,4,1438.0,37.45388490421169,13464.6716230641,353.6,32.3156308928048,0.03559933333333333,0.06165812199810609,0,0,0.0,17,8,pulsed_mixed_flood,1
0.000181,2,0.0,11049.723756906076,0.0,0.0,0.0,0.000181,0.0,0,0,1.0,6,1,http_get_flood,1
1e-06,2,2944.0,2000000.0,2944000000.0,1472.0,0.0,1e-06,0.0,0,0,0.0,17,3,dns_amplification,1
0.499875,29,13346.0,58.01450362590648,26698.67466866716,444.86666666666673,743.4206000009331,0.017852678571428568,0.03690699361413224,0,1,0.0,6,1,benign,0
1e-06,2,0.0,2000000.0,0.0,0.0,0.0,1e-06,0.0,0,1,0.0,6,1,syn_flood,1
2e-06,2,2944.0,1000000.0,1472000000.0,1472.0,0.0,2e-06,0.0,0,0,0.0,17,6,slowloris_low_rate,1
1e-06,2,0.0,2000000.0,0.0,0.0,0.0,1e-06,0.0,0,1,0.0,6,0,udp_flood,1
0.000287,4,0.0,13937.282229965158,0.0,0.0,0.0,9.566666666666668e-05,8.666217937101128e-05,0,0,3.0,6,1,benign,0
0.000236,5,154.0,21186.440677966104,652542.3728813559,33.333333333333336,17.90716802475106,5.9000000000000004e-05,0.00011533429672044652,0,0,0.0,6,1,benign,0
1e-06,2,0.0,2000000.0,0.0,0.0,0.0,1e-06,0.0,0,1,0.0,6,0,udp_flood,1
1e-06,2,2944.0,2000000.0,2944000000.0,1472.0,0.0,1e-06,0.0,0,0,0.0,17,3,dns_amplification,1
0.771745,9,800.0,11.66188313497334,1036.6118342198524,80.0,168.65480854231356,0.096468125,0.2483996576719734,0,1,0.0,6,1,benign,0
1e-06,2,766.0,2000000.0,766000000.0,383.0,0.0,1e-06,0.0,0,0,0.0,17,0,udp_flood,1
0.001006,4,123.0,3976.1431411530816,122266.40159045724,33.8,19.979989989987484,0.00033533333333333337,0.0005782165107754478,0,0,0.0,6,1,benign,0
1e-06,2,31.0,2000000.0,31000000.0,20.666666666666664,17.8978583448784,1e-06,0.0,0,0,0.0,6,1,benign,0
0.000306,3,0.0,9803.921568627453,0.0,0.0,0.0,0.000153,0.00021496046148071046,0,0,0.0,6,1,benign,0
1e-06,2,0.0,2000000.0,0.0,0.0,0.0,1e-06,0.0,0,1,0.0,6,0,udp_flood,1
2e-06,2,2944.0,1000000.0,1472000000.0,1472.0,0.0,2e-06,0.0,0,0,0.0,17,6,slowloris_low_rate,1
0.000996,96,42240.0,96385.54216867471,42409638.55421687,440.0,0.0,1.0484210526315788e-05,2.135209549629419e-05,0,0,0.0,17,4,icmp_flood,1
0.026423,3,0.0,113.53744843507548,0.0,0.0,0.0,0.0132115,0.0186810540521674,0,0,2.0,6,1,benign,0
1e-06,2,750.0,2000000.0,750000000.0,375.0,0.0,1e-06,0.0,0,0,0.0,17,0,udp_flood,1
1e-06,2,0.0,2000000.0,0.0,0.0,0.0,1e-06,0.0,0,1,0.0,6,1,syn_flood,1
1e-06,2,766.0,2000000.0,766000000.0,383.0,0.0,1e-06,0.0,0,0,0.0,17,8,pulsed_mixed_flood,1
2e-06,2,0.0,1000000.0,0.0,0.0,0.0,2e-06,0.0,0,1,0.0,6,1,syn_flood,1
0.000159,3,0.0,18867.924528301886,0.0,0.0,0.0,7.95e-05,0.00011101576464628796,0,0,2.0,6,1,benign,0
3e-06,3,0.0,1000000.0,0.0,0.0,0.0,1.5e-06,7.071067811865476e-07,0,0,0.0,6,1,benign,0
0.020823,4,286.0,192.09527925851228,13734.812466983623,63.4,44.36552715791847,0.006941,0.01201696850291287,0,0,1.0,17,1,benign,0
0.020597,4,486.0,194.2030392775647,23595.66927222411,103.4,99.13778290843506,0.006865666666666666,0.01188562132718914,0,0,1.0,17,1,benign,0
0.0002,3,0.0,15000.0,0.0,0.0,0.0,0.0001,0.0001371787155501902,0,0,2.0,6,1,benign,0
0.020679,4,260.0,193.43295130325453,12573.141834711543,59.4,30.672463220289305,0.006893,0.011937294165764702,0,0,1.0,17,1,benign,0
0.020686,4,268.0,193.36749492410328,12955.62215991492,60.0,38.34057902536164,0.006895333333333334,0.011937871516033892,0,0,1.0,17,1,benign,0
0.020848,4,212.0,191.8649270913277,10168.841135840368,51.4,8.763560920082657,0.006949333333333334,0.0120340003462412,0,0,1.0,17,1,benign,0
0.020598,4,264.0,194.1936110301971,12816.778327993008,60.4,30.672463220289305,0.006866,0.011887930728263857,0,0,1.0,17,1,benign,0
2e-06,2,2944.0,1000000.0,1472000000.0,1472.0,0.0,2e-06,0.0,0,0,0.0,17,6,slowloris_low_rate,1
0.216813,6,2088.0,27.673617356892805,9630.418840198696,344.1428571428572,33.61759743263722,0.0433626,0.05938552074622231,0,0,0.0,17,8,pulsed_mixed_flood,1
0.482736,31,9660.0,64.21729475323987,20010.937655364414,301.8750000000001,631.3620580832337,0.0160912,0.03064604797764756,0,1,0.0,6,1,benign,0
1e-06,2,31.0,2000000.0,31000000.0,20.666666666666664,17.8978583448784,1e-06,0.0,0,0,0.0,6,1,benign,0
0.000103,4,0.0,38834.951456310686,0.0,0.0,0.0,3.4333333333333325e-05,5.773502691896257e-05,0,1,1.0,6,0,udp_flood,1
0.020698,4,196.0,193.2553869939124,9469.513962701709,47.4,8.763560920082657,0.006899333333333334,0.011948263820879303,0,0,1.0,17,1,benign,0
0.000307,74,32128.0,241042.34527687295,104651465.7980456,434.24,35.03351291302411,4.2054794520547965e-06,1.0897194980704372e-05,0,0,0.0,17,4,icmp_flood,1
2e-06,2,2944.0,1000000.0,1472000000.0,1472.0,0.0,2e-06,0.0,0,0,0.0,17,6,slowloris_low_rate,1
18.630447,4,0.0,0.2147023096117876,0.0,0.0,0.0,6.210149,10.756291858522248,0,1,0.0,6,0,udp_flood,1
0.020912,4,316.0,191.27773527161443,15110.941086457537,69.4,52.58136552049595,0.006970666666666666,0.012071816778485882,0,0,1.0,17,1,benign,0
5.1e-05,6,2640.0,117647.0588235294,51764705.88235294,440.0,0.0,1.0199999999999999e-05,1.9473058311420943e-05,0,0,0.0,17,4,icmp_flood,1
0.216097,6,2094.0,27.765309097303525,9690.09287495893,345.1428571428572,33.61759743263722,0.0432194,0.05919467296387405,0,0,0.0,17,8,pulsed_mixed_flood,1
9.7e-05,2,2944.0,20618.556701030928,30350515.46391753,1472.0,0.0,9.7e-05,0.0,0,0,0.0,17,3,dns_amplification,1
1e-06,2,2864.0,2000000.0,2864000000.0,1432.0,0.0,1e-06,0.0,0,0,0.0,17,6,slowloris_low_rate,1
0.020611,4,208.0,194.07112706807044,10091.698607539663,50.4,8.763560920082657,0.006870333333333334,0.011897168332562724,0,0,1.0,17,1,benign,0
0.020816,4,300.0,192.15987701767867,14411.990776325902,69.4,30.672463220289305,0.006938666666666666,0.012015525137643103,0,0,1.0,17,1,benign,0
2.1e-05,3,0.0,142857.14285714287,0.0,0.0,0.0,1.05e-05,1.0606601717798212e-05,0,0,0.0,6,1,benign,0
4.8e-05,2,0.0,41666.66666666666,0.0,0.0,0.0,4.8e-05,0.0,0,1,0.0,6,0,udp_flood,1
0.020582,4,204.0,194.34457292780095,9911.57321931785,49.4,8.763560920082657,0.006860666666666666,0.011876961073158965,0,0,1.0,17,1,benign,0
0.104682,6,400.0,57.3164440878088,3821.0962725205854,67.71428571428571,51.77423518094139,0.0209364,0.02873115131351335,0,0,0.0,6,1,benign,0
15.484835,28,12300.0,1.8082207527558407,794.3255449606019,424.13793103448273,851.1585266202902,0.5735124074074074,2.1090480634098383,0,1,1.0,6,1,benign,0
1e-06,2,2944.0,2000000.0,2944000000.0,1472.0,0.0,1e-06,0.0,0,0,0.0,17,6,slowloris_low_rate,1
0.020677,4,200.0,193.45166126614112,9672.583063307056,48.4,8.763560920082657,0.006892333333333334,0.011935273450295696,0,0,1.0,17,1,benign,0
0.000159,3,0.0,18867.924528301886,0.0,0.0,0.0,7.95e-05,0.00010960155108391488,0,0,2.0,6,1,benign,0
26.644782,6,0.0,0.2251848035386441,0.0,0.0,0.0,5.3289564,7.312965441019553,0,1,0.0,6,0,udp_flood,1
0.000102,4,0.0,39215.68627450981,0.0,0.0,0.0,3.4e-05,5.6293871780150284e-05,0,1,1.0,6,1,syn_flood,1
0.020558,4,264.0,194.5714563673509,12841.71612024516,60.4,30.672463220289305,0.006852666666666666,0.01186397068157762,0,0,1.0,17,1,benign,0
2e-06,2,2944.0,1000000.0,1472000000.0,1472.0,0.0,2e-06,0.0,0,0,0.0,17,6,slowloris_low_rate,1
1e-06,2,2944.0,2000000.0,2944000000.0,1472.0,0.0,1e-06,0.0,0,0,0.0,17,3,dns_amplification,1
15.92612,63,49050.0,3.955765748342974,3079.8461897813154,766.40625,1003.0118408953058,0.25687290322580647,1.40775390162003,0,1,1.0,6,1,benign,0
1e-06,2,0.0,2000000.0,0.0,0.0,0.0,1e-06,0.0,0,1,0.0,6,1,syn_flood,1
0.138132,27,7397.0,195.4652071931196,53550.22731879651,264.17857142857144,560.1456856510091,0.005312769230769231,0.013016872393344547,0,1,0.0,6,1,benign,0
7.222323,10,0.0,1.3845960641749198,0.0,0.0,0.0,0.8024803333333335,1.4300022060954138,0,1,4.0,6,1,benign,0
2e-06,2,2944.0,1000000.0,1472000000.0,1472.0,0.0,2e-06,0.0,0,0,0.0,17,6,slowloris_low_rate,1
0.020652,4,230.0,193.6858415649816,11136.935889986444,53.6,21.36117974270148,0.006884,0.011917375591966548,0,0,1.0,17,1,benign,0
0.02061,4,222.0,194.0805434255216,10771.470160116449,49.4,33.411076007815126,0.00687,0.011895724988414957,0,0,1.0,17,1,benign,0
1e-06,2,802.0,2000000.0,802000000.0,401.0,0.0,1e-06,0.0,0,0,0.0,17,8,pulsed_mixed_flood,1
1e-06,2,0.0,2000000.0,0.0,0.0,0.0,1e-06,0.0,0,1,0.0,6,0,udp_flood,1
0.020638,4,644.0,193.8172303517783,31204.574086636298,135.4,140.21697472132252,0.006879333333333334,0.011911024739011053,0,0,1.0,17,1,benign,0
5.1e-05,2,766.0,39215.68627450981,15019607.843137257,383.0,0.0,5.1e-05,0.0,0,0,0.0,17,0,udp_flood,1
0.02057,4,308.0,194.4579484686436,14973.26203208556,69.4,41.62691437039263,0.006856666666666666,0.011871764920740865,0,0,1.0,17,1,benign,0
0.060689,4,212.0,65.9098024353672,3493.2195290744617,51.4,8.763560920082657,0.020229666666666663,0.0350344803633982,0,0,1.0,17,1,benign,0
110.282408,163,18094.0,1.4780235846863263,164.06968552953614,110.32926829268294,282.54639902920263,0.6807556049382716,5.248497452975595,0,1,1.0,6,1,benign,0
0.00059,32,13648.0,54237.288135593226,23132203.38983051,426.9090909090909,52.33806193653646,1.9032258064516127e-05,4.498850510294657e-05,0,0,0.0,17,4,icmp_flood,1
0.054895,3,0.0,54.64978595500501,0.0,0.0,0.0,0.0274475,0.03881238411254841,0,0,2.0,6,1,benign,0
0.02079,4,204.0,192.4001924001924,9812.409812409813,49.4,8.763560920082657,0.00693,0.011998781979851119,0,0,1.0,17,1,benign,0
0.045461,4,204.0,87.98750577418006,4487.362794483183,49.4,8.763560920082657,0.015153666666666668,0.02624345648601444,0,0,1.0,17,1,benign,0
0.044124,4,364.0,90.65361254645998,8249.478741727859,82.8,44.913249715423625,0.014708,0.025468941104804493,0,0,1.0,17,1,benign,0
6.6e-05,3,0.0,45454.54545454545,0.0,0.0,0.0,3.3e-05,4.2426406871192855e-05,0,0,2.0,6,1,http_get_flood,1
19.730336,7,0.0,0.3547836184847536,0.0,0.0,0.0,3.288389333333333,8.054763755829134,0,1,0.0,6,1,http_get_flood,1
2e-06,2,2944.0,1000000.0,1472000000.0,1472.0,0.0,2e-06,0.0,0,0,0.0,17,6,slowloris_low_rate,1
1e-06,2,0.0,2000000.0,0.0,0.0,0.0,1e-06,0.0,0,1,0.0,6,1,syn_flood,1
0.006647,44,18784.0,6619.527606438996,2825936.512712502,427.2,60.0218142163179,0.0001545813953488372,0.00023985136593495526,0,0,0.0,17,4,icmp_flood,1
1e-06,2,2944.0,2000000.0,2944000000.0,1472.0,0.0,1e-06,0.0,0,0,0.0,17,3,dns_amplification,1
0.108761,4,1362.0,36.777889133053215,12522.871249804615,337.4,16.97939928266015,0.03625366666666667,0.06279146057652532,0,0,0.0,17,8,pulsed_mixed_flood,1
0.020701,4,320.0,193.2273803197913,15458.190425583303,70.4,52.58136552049595,0.006900333333333334,0.011946531770071737,0,0,1.0,17,1,benign,0
3e-06,3,0.0,1000000.0,0.0,0.0,0.0,1.5e-06,2.1213203435596424e-06,0,0,0.0,6,1,benign,0
1e-06,2,2944.0,2000000.0,2944000000.0,1472.0,0.0,1e-06,0.0,0,0,0.0,17,6,slowloris_low_rate,1
0.020604,4,230.0,194.1370607649,11162.880993981753,53.6,21.36117974270148,0.006868,0.011892260844767912,0,0,1.0,17,1,benign,0
4.9e-05,2,0.0,40816.32653061225,0.0,0.0,0.0,4.9e-05,0.0,0,1,0.0,6,0,udp_flood,1
4e-06,2,2944.0,500000.0,736000000.0,1472.0,0.0,4e-06,0.0,0,0,0.0,17,0,udp_flood,1
1e-06,2,0.0,2000000.0,0.0,0.0,0.0,1e-06,0.0,0,1,0.0,6,1,syn_flood,1
0.020726,4,132.0,192.99430666795325,6368.812120042458,31.4,8.763560920082657,0.006908666666666666,0.011961831562655168,0,0,1.0,17,1,benign,0
1e-06,2,0.0,2000000.0,0.0,0.0,0.0,1e-06,0.0,0,1,0.0,6,1,syn_flood,1
5.2e-05,2,0.0,38461.53846153846,0.0,0.0,0.0,5.2e-05,0.0,0,1,0.0,6,1,syn_flood,1
0.142437,13,3926.0,91.26842042446836,27563.06296818944,280.4285714285714,553.4706877494076,0.011869750000000002,0.027415050123890967,0,1,0.0,6,1,benign,0
5.120442,7,0.0,1.3670694834547488,0.0,0.0,0.0,0.853407,2.0636439177589723,0,1,0.0,6,1,benign,0
0.020846,4,402.0,191.8833349323611,19284.27516070229,89.6,59.70175876806311,0.006948666666666666,0.01203024755910423,0,0,1.0,17,1,benign,0
1e-06,2,2944.0,2000000.0,2944000000.0,1472.0,0.0,1e-06,0.0,0,0,0.0,17,6,slowloris_low_rate,1
3.924707,2397,7458462.0,610.7462289541613,1900386.9588226583,3110.284403669721,5328.558391176312,0.0016380246243739556,0.04422069282491475,0,1,3.0,6,1,benign,0
1e-06,2,766.0,2000000.0,766000000.0,383.0,0.0,1e-06,0.0,0,0,0.0,17,0,udp_flood,1
0.174064,2,0.0,11.490026656861849,0.0,0.0,0.0,0.174064,0.0,0,0,1.0,6,1,benign,0
0.512743,32,32876.0,62.409433185826046,64117.891419288026,996.2424242424244,1153.597715581103,0.016540096774193547,0.06158580055302512,0,1,1.0,6,1,benign,0
0.000407,32,14080.0,78624.07862407863,34594594.59459459,440.0,0.0,1.3129032258064517e-05,2.403156526388279e-05,0,0,0.0,17,4,icmp_flood,1
0.058163,4,358.0,68.77224352251433,6155.11579526503,79.8,53.12908807800111,0.019387666666666664,0.03357695960526107,0,0,1.0,17,1,benign,0
0.001176,62,27280.0,52721.08843537415,23197278.911564626,440.0,0.0,1.9278688524590174e-05,2.5960310185320072e-05,0,0,0.0,17,4,icmp_flood,1
0.0206,4,320.0,194.17475728155335,15533.980582524273,72.2,42.72235948540296,0.006866666666666666,0.011889085428801214,0,0,1.0,17,1,benign,0
112.947218,52,0.0,0.4603920390496028,0.0,0.0,0.0,2.214651333333333,4.034610798344518,0,0,0.0,17,1,benign,0
0.025725,168,73920.0,6530.612244897959,2873469.387755102,440.0,0.0,0.00015404191616766468,0.0007295176682938753,0,0,0.0,17,4,icmp_flood,1
0.214167,6,2088.0,28.015520598411523,9749.401168247208,344.1428571428572,33.61759743263722,0.0428334,0.05868698704823753,0,0,0.0,17,8,pulsed_mixed_flood,1
0.000129,3,0.0,23255.81395348837,0.0,0.0,0.0,6.45e-05,8.838834764831844e-05,0,0,0.0,6,1,benign,0
1e-06,2,0.0,2000000.0,0.0,0.0,0.0,1e-06,0.0,0,1,0.0,6,0,udp_flood,1
0.020589,4,464.0,194.27849822720867,22536.305794356213,108.2,42.72235948540296,0.006863,0.011881868539922498,0,0,1.0,17,1,benign,0
1e-06,2,2944.0,2000000.0,2944000000.0,1472.0,0.0,1e-06,0.0,0,0,0.0,17,6,slowloris_low_rate,1
13.167545,6,0.0,0.4556658055848679,0.0,0.0,0.0,2.633509,5.888702348272538,0,1,0.0,6,0,udp_flood,1
2e-06,2,0.0,1000000.0,0.0,0.0,0.0,2e-06,0.0,0,0,0.0,6,1,benign,0
43.73969,11,0.0,0.2514878363335451,0.0,0.0,0.0,4.373969,10.302901528292244,0,1,0.0,6,1,http_get_flood,1
3e-06,4,1760.0,1333333.333333333,586666666.6666666,440.0,0.0,1e-06,0.0,0,0,0.0,17,4,icmp_flood,1
0.020702,4,220.0,193.2180465655492,10626.992561105206,52.2,15.336231610144653,0.006900666666666666,0.011947975156206735,0,0,1.0,17,1,benign,0
0.020587,4,316.0,194.297372128042,15349.492398115315,69.4,52.58136552049595,0.006862333333333334,0.011880713839384117,0,0,1.0,17,1,benign,0
1e-06,2,0.0,2000000.0,0.0,0.0,0.0,1e-06,0.0,0,1,0.0,6,0,udp_flood,1
53.770722,10,307.0,0.1859748135797767,5.7094267768991465,32.09090909090909,21.082953044839545,5.974524666666668,17.89994085000997,0,0,0.0,6,1,benign,0
0.020832,4,262.0,192.0122887864824,12576.804915514593,61.4,22.456624857711805,0.006944,0.01198581365615201,0,0,1.0,17,1,benign,0
0.020697,4,232.0,193.2647243561869,11209.35401265884,56.4,8.763560920082657,0.006899,0.011944222368994974,0,0,1.0,17,1,benign,0
0.04478,4,286.0,89.32559178204555,6386.779812416257,64.6,37.79285646785646,0.014926666666666668,0.02584854890188873,0,0,1.0,17,1,benign,0
1e-06,2,2944.0,2000000.0,2944000000.0,1472.0,0.0,1e-06,0.0,0,0,0.0,17,6,slowloris_low_rate,1
0.000217,42,17760.0,193548.3870967742,81843317.97235024,423.2558139534884,76.70974763392068,5.292682926829268e-06,1.2849599025726493e-05,0,0,0.0,17,4,icmp_flood,1
1e-06,2,2896.0,2000000.0,2896000000.0,1448.0,0.0,1e-06,0.0,0,0,0.0,17,3,dns_amplification,1
0.214224,6,2088.0,28.008066323101048,9746.807080439166,344.1428571428572,33.61759743263722,0.0428448,0.0587072665706725,0,0,0.0,17,8,pulsed_mixed_flood,1
0.000204,3,0.0,14705.882352941177,0.0,0.0,0.0,0.000102,0.00014142135623730948,0,0,2.0,6,1,benign,0
0.028426,2,0.0,70.3581228452825,0.0,0.0,0.0,0.028426,0.0,0,0,1.0,6,1,benign,0
0.055686,4,268.0,71.83134001364796,4812.699780914413,61.4,30.672463220289305,0.018562,0.032145130937670796,0,0,1.0,17,1,benign,0
0.02054,4,290.0,194.7419668938656,14118.79259980526,66.6,32.3156308928048,0.006846666666666666,0.011854444412680559,0,0,1.0,17,1,benign,0
0.003109,138,60720.0,44387.26278546157,19530395.62560309,440.0,0.0,2.26934306569343e-05,3.340715008968352e-05,0,0,0.0,17,4,icmp_flood,1
0.020552,4,276.0,194.62826002335535,13429.34994161152,62.6,35.05424368033063,0.006850666666666666,0.011859640565098648,0,0,1.0,17,1,benign,0
1e-06,2,0.0,2000000.0,0.0,0.0,0.0,1e-06,0.0,0,1,0.0,6,1,syn_flood,1
1e-06,2,2944.0,2000000.0,2944000000.0,1472.0,0.0,1e-06,0.0,0,0,0.0,17,6,slowloris_low_rate,1
0.000103,3,0.0,29126.213592233013,0.0,0.0,0.0,5.15e-05,6.85893577750951e-05,0,0,2.0,6,1,http_get_flood,1
1e-06,2,2928.0,2000000.0,2928000000.0,1464.0,0.0,1e-06,0.0,0,0,0.0,17,6,slowloris_low_rate,1
1e-06,2,0.0,2000000.0,0.0,0.0,0.0,1e-06,0.0,0,1,0.0,6,0,udp_flood,1
0.020563,4,272.0,194.5241453095365,13227.641881048485,61.6,35.05424368033063,0.006854333333333334,0.011867723468860123,0,0,1.0,17,1,benign,0
0.020661,4,268.0,193.60147137118244,12971.298581869223,61.4,30.672463220289305,0.006887,0.011924303795190728,0,0,1.0,17,1,benign,0
0.020592,4,456.0,194.25019425019423,22144.522144522147,101.2,70.10848736066126,0.006864,0.011883600590730068,0,0,1.0,17,1,benign,0
0.047063,4,292.0,84.9924569194484,6204.449355119733,67.0,32.863353450309965,0.01568766666666667,0.02716837161725622,0,0,1.0,17,1,benign,0
5.243447,21,6016.0,4.004999001610964,1147.336856842455,273.45454545454544,419.9490589597887,0.26217235000000005,1.1175682923077266,0,1,0.0,6,1,http_get_flood,1
0.000246,2,0.0,8130.081300813006,0.0,0.0,0.0,0.000246,0.0,0,0,1.0,6,1,http_get_flood,1
0.000117,3,0.0,25641.02564102564,0.0,0.0,0.0,5.85e-05,7.990306627407988e-05,0,0,2.0,6,1,http_get_flood,1
4.8e-05,2,0.0,41666.66666666666,0.0,0.0,0.0,4.8e-05,0.0,0,1,0.0,6,1,syn_flood,1
0.0001,3,0.0,30000.0,0.0,0.0,0.0,5e-05,6.788225099390856e-05,0,0,2.0,6,1,http_get_flood,1
0.020624,4,218.0,193.9487975174554,10570.209464701318,49.8,25.74296020274281,0.006874666666666666,0.011902941835249523,0,0,1.0,17,1,benign,0
0.020817,4,220.0,192.15064610654755,10568.285535860115,50.2,26.290682760247968,0.006939,0.012013504401297732,0,0,1.0,17,1,benign,0
41.615006,8,0.0,0.1922383478690355,0.0,0.0,0.0,5.945000857142857,7.812115873365302,0,1,0.0,6,0,udp_flood,1
0.215894,6,2088.0,27.791416157929355,9671.412822959415,344.1428571428572,33.61759743263722,0.0431788,0.059138225177967595,0,0,0.0,17,8,pulsed_mixed_flood,1
0.020636,4,232.0,193.8360147315371,11242.488854429152,56.4,8.763560920082657,0.006878666666666666,0.01190987003847369,0,0,1.0,17,1,benign,0
0.000194,3,0.0,15463.917525773197,0.0,0.0,0.0,9.7e-05,0.0001357645019878171,0,0,2.0,6,1,benign,0
1e-06,2,2944.0,2000000.0,2944000000.0,1472.0,0.0,1e-06,0.0,0,0,0.0,17,6,slowloris_low_rate,1
4.8e-05,2,0.0,41666.66666666666,0.0,0.0,0.0,4.8e-05,0.0,0,1,0.0,6,0,udp_flood,1
0.020595,4,232.0,194.22189851905804,11264.870114105366,56.4,8.763560920082657,0.006865,0.011885332641537636,0,0,1.0,17,1,benign,0
0.000124,2,0.0,16129.032258064515,0.0,0.0,0.0,0.000124,0.0,0,0,1.0,6,1,http_get_flood,1
1e-06,2,2928.0,2000000.0,2928000000.0,1464.0,0.0,1e-06,0.0,0,0,0.0,17,3,dns_amplification,1
0.00404,38,16000.0,9405.940594059406,3960396.03960396,421.5384615384616,80.44411141114522,0.00010918918918918922,0.0003068946469463492,0,0,0.0,17,4,icmp_flood,1
0.105798,4,1398.0,37.80789806990681,13213.860375432429,345.6,21.36117974270148,0.035266,0.06103920722781383,0,0,0.0,17,8,pulsed_mixed_flood,1
0.020678,4,256.0,193.4423058322856,12380.307573266276,61.2,15.336231610144653,0.006892666666666666,0.011933252713880377,0,0,1.0,17,1,benign,0
2e-06,2,2944.0,1000000.0,1472000000.0,1472.0,0.0,2e-06,0.0,0,0,0.0,17,6,slowloris_low_rate,1
0.107746,4,1438.0,37.12434800363819,13346.203107307929,353.6,32.3156308928048,0.03591533333333333,0.06220545005329785,0,0,0.0,17,8,pulsed_mixed_flood,1
1e-06,2,2944.0,2000000.0,2944000000.0,1472.0,0.0,1e-06,0.0,0,0,0.0,17,6,slowloris_low_rate,1
0.000187,3,0.0,16042.780748663105,0.0,0.0,0.0,9.35e-05,0.0001294005409571382,0,0,2.0,6,1,benign,0
0.020572,4,262.0,194.43904335990655,12735.757340073891,61.4,22.456624857711805,0.006857333333333334,0.011872053585346272,0,0,1.0,17,1,benign,0
0.000212,14,6160.0,66037.7358490566,29056603.773584902,440.0,0.0,1.630769230769231e-05,2.387601521536001e-05,0,0,0.0,17,4,icmp_flood,1
0.214101,6,2088.0,28.024156823181578,9752.406574467192,344.1428571428572,33.61759743263722,0.042820199999999996,0.058710987487011326,0,0,0.0,17,8,pulsed_mixed_flood,1
0.229605,49,21000.0,213.40998671631715,91461.42287842164,420.0,831.8732242502397,0.0047834374999999995,0.015413156687059289,0,1,0.0,6,1,benign,0
0.218891,6,2088.0,27.410903143573737,9538.994293963662,344.1428571428572,33.61759743263722,0.043778199999999996,0.05992468491948872,0,0,0.0,17,0,udp_flood,1
0.020633,4,278.0,193.8641981292105,13473.56176998013,63.4,33.411076007815126,0.0068776666666666665,0.011907271951766845,0,0,1.0,17,1,benign,0
4e-06,3,0.0,750000.0,0.0,0.0,0.0,2e-06,1.4142135623730952e-06,0,0,0.0,6,1,benign,0
0.04679,4,160.0,85.48835221201112,3419.534088480445,38.4,8.763560920082657,0.015596666666666668,0.0270098889729916,0,0,1.0,17,1,benign,0
0.216178,6,2088.0,27.75490567957886,9658.707176493444,344.1428571428572,33.61759743263722,0.0432356,0.05921539271844779,0,0,0.0,17,0,udp_flood,1
1e-06,2,0.0,2000000.0,0.0,0.0,0.0,1e-06,0.0,0,1,0.0,6,0,udp_flood,1
1e-06,2,750.0,2000000.0,750000000.0,375.0,0.0,1e-06,0.0,0,0,0.0,17,8,pulsed_mixed_flood,1
8.6e-05,8,3520.0,93023.25581395348,40930232.55813953,440.0,0.0,1.2285714285714284e-05,2.898111043256905e-05,0,0,0.0,17,4,icmp_flood,1
0.026653,4,0.0,150.07691441863955,0.0,0.0,0.0,0.008884333333333333,0.015385518721620448,0,0,3.0,6,1,benign,0
1e-06,2,0.0,2000000.0,0.0,0.0,0.0,1e-06,0.0,0,1,0.0,6,1,syn_flood,1
0.000386,8,3520.0,20725.38860103627,9119170.984455958,440.0,0.0,5.514285714285714e-05,7.825264334497711e-05,0,0,0.0,17,4,icmp_flood,1
60.941493,49,6314.0,0.804049877806571,103.60756996878958,126.27999999999996,357.4486142604762,1.2696144375,3.3247959315627362,0,1,0.0,6,1,benign,0
1e-06,2,2944.0,2000000.0,2944000000.0,1472.0,0.0,1e-06,0.0,0,0,0.0,17,6,slowloris_low_rate,1
0.000164,3,0.0,18292.682926829268,0.0,0.0,0.0,8.2e-05,0.0001131370849898476,0,0,2.0,6,1,benign,0
2e-06,2,750.0,1000000.0,375000000.0,375.0,0.0,2e-06,0.0,0,0,0.0,17,8,pulsed_mixed_flood,1
4.530241,15,3278.0,3.3110821256529177,723.5818138593511,204.875,389.1691791496341,0.3235886428571429,1.210418216155862,0,1,0.0,6,1,http_get_flood,1
1e-06,2,2944.0,2000000.0,2944000000.0,1472.0,0.0,1e-06,0.0,0,0,0.0,17,3,dns_amplification,1
0.000926,48,21120.0,51835.85313174946,22807775.377969764,440.0,0.0,1.970212765957447e-05,2.6345459879156e-05,0,0,0.0,17,4,icmp_flood,1
0.020954,4,536.0,190.89433998281956,25579.84155769781,117.6,89.82649943084725,0.006984666666666666,0.012092601388176713,0,0,1.0,17,1,benign,0
14.340822,12,0.0,0.8367721180836079,0.0,0.0,0.0,1.3037110909090908,2.557258936143325,0,1,5.0,6,1,benign,0
0.020653,4,140.0,193.6764634677771,6778.676221372199,33.4,8.763560920082657,0.006884333333333334,0.011918818957150636,0,0,1.0,17,1,benign,0
29.998166,8,0.0,0.266682969885559,0.0,0.0,0.0,4.285452285714285,7.486556133289673,0,1,0.0,6,0,udp_flood,1
0.020639,4,528.0,193.80783952710885,25582.634817578368,116.2,86.54016408581623,0.006879666666666666,0.01191073605338198,0,0,1.0,17,1,benign,0
0.020656,4,204.0,193.64833462432225,9876.065065840434,49.4,8.763560920082657,0.006885333333333334,0.011920551007958203,0,0,1.0,17,1,benign,0
1e-06,2,2944.0,2000000.0,2944000000.0,1472.0,0.0,1e-06,0.0,0,0,0.0,17,3,dns_amplification,1
0.026383,4,0.0,151.61278095743472,0.0,0.0,0.0,0.008794333333333333,0.015229634084026226,0,0,3.0,6,1,benign,0
3e-06,2,766.0,666666.6666666665,255333333.3333333,383.0,0.0,3e-06,0.0,0,0,0.0,17,0,udp_flood,1
0.045752,4,204.0,87.42787200559538,4458.821472285365,49.4,8.763560920082657,0.015250666666666668,0.026410599393677785,0,0,1.0,17,1,benign,0
0.000161,3,0.0,18633.540372670806,0.0,0.0,0.0,8.05e-05,0.00011101576464628796,0,0,2.0,6,1,benign,0
0.000193,2,0.0,10362.694300518137,0.0,0.0,0.0,0.000193,0.0,0,0,1.0,6,1,http_get_flood,1
34.728441,6,0.0,0.1727690569236897,0.0,0.0,0.0,6.9456882,10.339735816248872,0,1,0.0,6,0,udp_flood,1
0.020808,4,414.0,192.23375624759709,19896.1937716263,91.6,65.17898434311476,0.006936,0.012008308248875025,0,0,1.0,17,1,benign,0
1e-06,2,2944.0,2000000.0,2944000000.0,1472.0,0.0,1e-06,0.0,0,0,0.0,17,6,slowloris_low_rate,1
1e-06,2,2896.0,2000000.0,2896000000.0,1448.0,0.0,1e-06,0.0,0,0,0.0,17,3,dns_amplification,1
0.055461,4,0.0,72.12275292547915,0.0,0.0,0.0,0.018487,0.03034554484599016,0,0,3.0,6,1,benign,0
1e-06,2,766.0,2000000.0,766000000.0,383.0,0.0,1e-06,0.0,0,0,0.0,17,8,pulsed_mixed_flood,1
0.020784,4,224.0,192.4557351809084,10777.521170130867,53.2,15.336231610144653,0.006928,0.011994451842414475,0,0,1.0,17,1,benign,0
2e-06,2,0.0,1000000.0,0.0,0.0,0.0,2e-06,0.0,0,1,0.0,6,1,syn_flood,1
0.020591,4,192.0,194.25962799281243,9324.462143654991,46.4,8.763560920082657,0.006863666666666666,0.01188475533333915,0,0,1.0,17,1,benign,0
1e-06,2,0.0,2000000.0,0.0,0.0,0.0,1e-06,0.0,0,1,0.0,6,1,syn_flood,1
0.000183,2,0.0,10928.96174863388,0.0,0.0,0.0,0.000183,0.0,0,0,1.0,6,1,http_get_flood,1
0.00026,3,0.0,11538.46153846154,0.0,0.0,0.0,0.00013,0.00018101933598375613,0,0,2.0,6,1,benign,0
0.005266,116,51040.0,22028.10482339537,9692366.122293962,440.0,0.0,4.579130434782609e-05,0.000104296346982518,0,0,0.0,17,4,icmp_flood,1
0.020538,4,200.0,194.76093095725,9738.0465478625,48.4,8.763560920082657,0.006846,0.011853289712143208,0,0,1.0,17,1,benign,0
2.6e-05,4,1760.0,153846.15384615384,67692307.6923077,440.0,0.0,8.666666666666666e-06,7.505553499465135e-06,0,0,0.0,17,4,icmp_flood,1
21.935391,28,2226.0,1.2764759926093865,101.47984141244622,76.75862068965519,151.54882644886948,0.8124218888888888,4.156503558626865,0,1,0.0,6,1,benign,0
0.020628,4,200.0,193.91118867558652,9695.559433779328,48.4,8.763560920082657,0.006876,0.01190611729322368,0,0,1.0,17,1,benign,0
4e-06,3,0.0,750000.0,0.0,0.0,0.0,2e-06,1.4142135623730952e-06,0,0,0.0,6,1,benign,0
0.217281,6,2088.0,27.614011349358663,9609.675949576816,344.1428571428572,33.61759743263722,0.0434562,0.059510077757468936,0,0,0.0,17,8,pulsed_mixed_flood,1
13.465363,4,0.0,0.2970584602880739,0.0,0.0,0.0,4.488454333333334,7.774229220735218,0,1,0.0,6,0,udp_flood,1
0.0206,4,140.0,194.17475728155335,6796.116504854369,33.4,8.763560920082657,0.006866666666666666,0.011889085428801214,0,0,1.0,17,1,benign,0
1e-06,2,0.0,2000000.0,0.0,0.0,0.0,1e-06,0.0,0,1,0.0,6,1,syn_flood,1
1e-06,2,31.0,2000000.0,31000000.0,20.666666666666664,17.8978583448784,1e-06,0.0,0,0,0.0,6,1,benign,0
0.062031,2,0.0,32.24194354435685,0.0,0.0,0.0,0.062031,0.0,0,0,1.0,6,1,benign,0
0.041111,2,0.0,48.64878013183819,0.0,0.0,0.0,0.041111,0.0,0,0,1.0,6,1,benign,0
0.020588,4,132.0,194.287934719254,6411.50184573538,31.4,8.763560920082657,0.006862666666666666,0.011882157225577068,0,0,1.0,17,1,benign,0
2e-06,2,776.0,1000000.0,388000000.0,388.0,0.0,2e-06,0.0,0,0,0.0,17,8,pulsed_mixed_flood,1
0.499623,4,0.0,8.006036551559877,0.0,0.0,0.0,0.166541,0.28845487547101717,0,0,0.0,6,1,benign,0
1e-06,2,2944.0,2000000.0,2944000000.0,1472.0,0.0,1e-06,0.0,0,0,0.0,17,6,slowloris_low_rate,1
0.000167,3,0.0,17964.071856287424,0.0,0.0,0.0,8.35e-05,0.00011525840533340723,0,0,2.0,6,1,benign,0
0.371557,2,0.0,5.382754193838362,0.0,0.0,0.0,0.371557,0.0,0,0,1.0,6,1,benign,0
1e-06,2,2944.0,2000000.0,2944000000.0,1472.0,0.0,1e-06,0.0,0,0,0.0,17,6,slowloris_low_rate,1
0.342968,6,62.0,17.49434349560309,180.77488278789852,8.857142857142858,15.126451130702266,0.0685936,0.15317487265312155,0,0,5.0,6,1,benign,0
0.020661,4,196.0,193.60147137118244,9486.47209718794,46.2,15.336231610144653,0.006887,0.011924303795190728,0,0,1.0,17,1,benign,0
0.000368,4,123.0,10869.565217391304,334239.1304347826,33.8,19.979989989987484,0.00012266666666666665,0.0002072687466390757,0,0,0.0,6,1,benign,0
0.108396,4,1438.0,36.901730691169405,13266.172183475404,353.6,32.3156308928048,0.036132,0.06258072772827113,0,0,0.0,17,0,udp_flood,1
0.020542,4,184.0,194.72300652322068,8957.258300068153,43.2,15.336231610144653,0.006847333333333334,0.011855599113217912,0,0,1.0,17,1,benign,0
34.494101,8,520.0,0.2319237135648209,15.075041381713357,62.77777777777778,23.883978823563808,4.927728714285714,13.019190415645264,0,0,1.0,17,1,benign,0
1e-06,2,0.0,2000000.0,0.0,0.0,0.0,1e-06,0.0,0,1,0.0,6,0,udp_flood,1
0.148964,4,328.0,26.85212534572111,2201.8742783491307,74.2,42.72235948540296,0.04965466666666667,0.0859992093471407,0,0,1.0,17,1,benign,0
2e-06,2,2944.0,1000000.0,1472000000.0,1472.0,0.0,2e-06,0.0,0,0,0.0,17,8,pulsed_mixed_flood,1
2e-06,2,0.0,1000000.0,0.0,0.0,0.0,2e-06,0.0,0,1,0.0,6,0,udp_flood,1
1e-06,2,2944.0,2000000.0,2944000000.0,1472.0,0.0,1e-06,0.0,0,0,0.0,17,3,dns_amplification,1
4.6e-05,2,2944.0,43478.260869565216,64000000.0,1472.0,0.0,4.6e-05,0.0,0,0,0.0,17,3,dns_amplification,1
1e-06,2,2896.0,2000000.0,2896000000.0,1448.0,0.0,1e-06,0.0,0,0,0.0,17,3,dns_amplification,1
0.294458,106,78290.0,359.9834271780695,265878.3256016138,731.6822429906543,1152.27797024826,0.0028043619047619043,0.011862562492437976,0,1,1.0,6,1,benign,0
0.000454,4,123.0,8810.57268722467,270925.1101321586,33.8,19.979989989987484,0.00015133333333333332,0.00026125147527494147,0,0,0.0,6,1,benign,0
0.020771,4,484.0,192.57618795435943,23301.71874247749,105.2,86.54016408581623,0.006923666666666666,0.011987812324746052,0,0,1.0,17,1,benign,0
0.020903,4,486.0,191.36009185284408,23250.251160120555,103.4,99.13778290843506,0.006967666666666666,0.01206662062606318,0,0,1.0,17,1,benign,0
8.1e-05,3,0.0,37037.03703703704,0.0,0.0,0.0,4.05e-05,5.303300858899106e-05,0,0,2.0,6,1,http_get_flood,1
2e-06,3,0.0,1500000.0,0.0,0.0,0.0,1e-06,0.0,0,0,0.0,6,1,benign,0
0.000742,102,44880.0,137466.30727762802,60485175.20215633,440.0,0.0,7.346534653465345e-06,1.4504782413786399e-05,0,0,0.0,17,4,icmp_flood,1
0.29567,99,65018.0,334.8327527310853,219900.56481888596,650.1799999999997,1101.65925711532,0.003017040816326529,0.012204789810898576,0,1,1.0,6,1,benign,0
0.020806,4,212.0,192.25223493223103,10189.368451408249,51.4,8.763560920082657,0.006935333333333334,0.012010617649951785,0,0,1.0,17,1,benign,0
0.000314,4,0.0,12738.853503184711,0.0,0.0,0.0,0.00010466666666666669,0.00010454823448214384,0,0,3.0,6,1,benign,0
0.000176,2,0.0,11363.636363636364,0.0,0.0,0.0,0.000176,0.0,0,0,1.0,6,1,http_get_flood,1
0.020696,4,280.0,193.27406262079631,13529.18438345574,64.6,29.57701810527897,0.006898666666666666,0.011946243105400685,0,0,1.0,17,1,benign,0
2e-06,2,2944.0,1000000.0,1472000000.0,1472.0,0.0,2e-06,0.0,0,0,0.0,17,3,dns_amplification,1
1e-06,2,2944.0,2000000.0,2944000000.0,1472.0,0.0,1e-06,0.0,0,0,0.0,17,6,slowloris_low_rate,1
0.02059,4,192.0,194.26906265177269,9324.91500728509,46.4,8.763560920082657,0.006863333333333334,0.011882445890191688,0,0,1.0,17,1,benign,0
0.020807,4,286.0,192.2429951458644,13745.374152929304,65.4,33.411076007815126,0.006935666666666666,0.012007730898605838,0,0,1.0,17,1,benign,0
0.020777,4,196.0,192.5205756365212,9433.508206189535,47.4,8.763560920082657,0.006925666666666666,0.011990410390530146,0,0,1.0,17,1,benign,0
0.105444,180,79200.0,1707.067258449983,751109.5937179925,440.0,0.0,0.0005890726256983239,0.0007977930022701108,0,0,0.0,17,4,icmp_flood,1
0.020584,4,204.0,194.32568985619892,9910.610182666149,49.4,8.763560920082657,0.006861333333333334,0.011879847824502354,0,0,1.0,17,1,benign,0
32.817509,6,0.0,0.1828292330170458,0.0,0.0,0.0,6.5635018,9.707180913780876,0,1,0.0,6,0,udp_flood,1
39.154535,10,0.0,0.2553982571878328,0.0,0.0,0.0,4.350503888888889,6.899258484110493,0,1,0.0,6,0,udp_flood,1
0.020636,4,226.0,193.8360147315371,10951.734832331846,52.0,24.647515087732486,0.006878666666666666,0.011909004002574414,0,0,1.0,17,1,benign,0
0.000105,20,8080.0,190476.19047619047,76952380.95238096,405.71428571428567,108.28533735328293,5.526315789473684e-06,1.395774743467915e-05,0,0,0.0,17,4,icmp_flood,1
0.000517,4,123.0,7736.943907156674,237911.0251450677,33.8,19.979989989987484,0.0001723333333333333,0.0002941603870906709,0,0,0.0,6,1,benign,0
0.055668,4,0.0,71.85456635769201,0.0,0.0,0.0,0.018556,0.031168982193841357,0,0,3.0,6,1,benign,0
0.000166,3,0.0,18072.289156626503,0.0,0.0,0.0,8.3e-05,0.0001145512985522207,0,0,2.0,6,1,benign,0
0.743843,21,16398.0,28.23176396094337,22044.97454435949,745.3636363636364,1159.8182347516088,0.03719215,0.13428470440439713,0,1,0.0,6,1,benign,0
1e-06,2,2944.0,2000000.0,2944000000.0,1472.0,0.0,1e-06,0.0,0,0,0.0,17,3,dns_amplification,1
0.054923,4,268.0,72.82923365438887,4879.558654844054,61.4,30.672463220289305,0.018307666666666663,0.031704612682279115,0,0,1.0,17,1,benign,0
0.020827,4,326.0,192.05838574926776,15652.758438565324,72.2,50.93819784798045,0.006942333333333334,0.012022742005604768,0,0,1.0,17,1,benign,0
0.020602,4,152.0,194.1559071934764,7377.924473352102,36.4,8.763560920082657,0.006867333333333334,0.011889374093421962,0,0,1.0,17,1,benign,0
0.090753,25,11528.0,275.4729871188831,127026.1038202594,443.3846153846154,761.4618087296608,0.003781375,0.007907247560541888,0,1,0.0,6,1,benign,0
0.020528,4,276.0,194.8558067030397,13445.05066250974,62.6,35.05424368033063,0.006842666666666666,0.011849248344656017,0,0,1.0,17,1,benign,0
5e-05,2,0.0,40000.0,0.0,0.0,0.0,5e-05,0.0,0,1,0.0,6,1,syn_flood,1
6.3e-05,3,0.0,47619.04761904762,0.0,0.0,0.0,3.15e-05,4.171930009000632e-05,0,0,0.0,6,1,benign,0
0.054795,4,484.0,72.99936125558902,8832.92271192627,106.2,81.06293851076458,0.018265,0.03163071184782284,0,0,1.0,17,1,benign,0
1e-06,2,2944.0,2000000.0,2944000000.0,1472.0,0.0,1e-06,0.0,0,0,0.0,17,6,slowloris_low_rate,1
0.0003,4,0.0,13333.333333333336,0.0,0.0,0.0,0.0001,9.198369420718e-05,0,0,3.0,6,1,benign,0
7.269149,10,0.0,1.3756768502062622,0.0,0.0,0.0,0.807683222222222,1.448358586686993,0,1,4.0,6,1,benign,0
1e-06,2,2944.0,2000000.0,2944000000.0,1472.0,0.0,1e-06,0.0,0,0,0.0,17,6,slowloris_low_rate,1
0.020848,4,262.0,191.8649270913277,12567.152724481964,61.6,21.36117974270148,0.006949333333333334,0.01203486636125775,0,0,1.0,17,1,benign,0
1e-06,2,0.0,2000000.0,0.0,0.0,0.0,1e-06,0.0,0,1,0.0,6,0,udp_flood,1
4e-06,3,0.0,750000.0,0.0,0.0,0.0,2e-06,1.4142135623730952e-06,0,0,0.0,6,1,benign,0
0.00025,3,0.0,12000.0,0.0,0.0,0.0,0.000125,0.0001725340546095176,0,0,2.0,6,1,benign,0
0.040892,5,76.0,122.27330529198866,1858.554240438228,12.666666666666664,19.623115620784247,0.010223,0.02017357233279884,1,0,1.0,6,1,benign,0
0.000193,3,0.0,15544.041450777202,0.0,0.0,0.0,9.65e-05,0.00013222896808188435,0,0,2.0,6,1,benign,0
0.106157,4,1438.0,37.680039940842335,13545.97435873282,353.6,32.3156308928048,0.03538566666666667,0.06128804047555553,0,0,0.0,17,8,pulsed_mixed_flood,1
0.000193,3,0.0,15544.041450777202,0.0,0.0,0.0,9.65e-05,0.00013222896808188435,0,0,2.0,6,1,benign,0
0.046136,4,264.0,86.70019074041961,5722.212588867696,60.4,30.672463220289305,0.015378666666666667,0.026631435866909865,0,0,1.0,17,1,benign,0
0.000133,3,0.0,22556.390977443607,0.0,0.0,0.0,6.65e-05,8.980256121069154e-05,0,0,2.0,6,1,benign,0
1e-06,2,772.0,2000000.0,772000000.0,386.0,0.0,1e-06,0.0,0,0,0.0,17,8,pulsed_mixed_flood,1
0.032628,2,0.0,61.29704548240775,0.0,0.0,0.0,0.032628,0.0,0,0,1.0,6,1,benign,0
0.215415,6,2088.0,27.853213564515013,9692.918320451225,344.1428571428572,33.61759743263722,0.043083,0.059012835315717535,0,0,0.0,17,8,pulsed_mixed_flood,1
3e-06,2,2944.0,666666.6666666665,981333333.3333333,1472.0,0.0,3e-06,0.0,0,0,0.0,17,8,pulsed_mixed_flood,1
1e-06,2,0.0,2000000.0,0.0,0.0,0.0,1e-06,0.0,0,1,0.0,6,1,syn_flood,1
116.497397,12,0.0,0.1030065933576181,0.0,0.0,0.0,10.590672454545457,14.13709676794267,0,0,0.0,17,1,benign,0
1e-06,2,880.0,2000000.0,880000000.0,440.0,0.0,1e-06,0.0,0,0,0.0,17,4,icmp_flood,1
0.055819,4,0.0,71.66018739139002,0.0,0.0,0.0,0.01860633333333333,0.02911400879874384,0,0,3.0,6,1,benign,0
27.474205,6,0.0,0.2183866648734695,0.0,0.0,0.0,5.494841,7.562186712447696,0,1,0.0,6,0,udp_flood,1
0.021027,2,0.0,95.11580349074998,0.0,0.0,0.0,0.021027,0.0,0,0,1.0,6,1,benign,0
0.014158,8,3520.0,565.0515609549371,248622.6868201724,440.0,0.0,0.0020225714285714283,0.0025227983706684965,0,0,0.0,17,4,icmp_flood,1
0.020567,4,292.0,194.4863130257208,14197.50085087762,67.0,32.863353450309965,0.006855666666666666,0.01186916683400033,0,0,1.0,17,1,benign,0
3e-06,2,0.0,666666.6666666665,0.0,0.0,0.0,3e-06,0.0,0,0,0.0,6,1,benign,0
1e-06,2,2944.0,2000000.0,2944000000.0,1472.0,0.0,1e-06,0.0,0,0,0.0,17,3,dns_amplification,1
108.434549,14,0.0,0.1291101418238941,0.0,0.0,0.0,8.341119153846154,9.948665701149073,0,1,0.0,6,1,syn_flood,1
54.302621,8,215.0,0.147322538998624,3.959293235588021,29.0,22.282279955157197,7.757517285714285,20.515043277578567,0,0,0.0,6,1,benign,0
0.054041,4,204.0,74.01787531688903,3774.911641161341,49.4,8.763560920082657,0.018013666666666664,0.031195389744853863,0,0,1.0,17,1,benign,0
8.2e-05,3,0.0,36585.365853658535,0.0,0.0,0.0,4.1e-05,5.656854249492381e-05,0,0,2.0,6,1,http_get_flood,1
0.020692,4,260.0,193.31142470520007,12565.242605838006,59.4,30.672463220289305,0.006897333333333334,0.011943933704325945,0,0,1.0,17,1,benign,0
1e-06,2,31.0,2000000.0,31000000.0,20.666666666666664,17.8978583448784,1e-06,0.0,0,0,0.0,6,1,benign,0
0.020854,4,156.0,191.80972475304495,7480.579265368754,37.4,8.763560920082657,0.006951333333333334,0.012037464447853346,0,0,1.0,17,1,benign,0
117.370255,70,13064.0,0.5964032369189279,111.30588410155536,184.00000000000003,457.0327903209697,1.701018188405797,9.844234971679493,0,1,0.0,6,1,benign,0
117.110362,63,11904.0,0.5379541052054814,101.64770902168333,186.0,439.5782971952542,1.888876806451613,10.400285938772086,0,1,0.0,6,1,benign,0
107.778952,20,0.0,0.185564988607423,0.0,0.0,0.0,5.672576421052631,7.150129501354684,0,1,0.0,6,1,syn_flood,1
1e-06,2,0.0,2000000.0,0.0,0.0,0.0,1e-06,0.0,0,1,0.0,6,1,syn_flood,1
2e-06,2,714.0,1000000.0,357000000.0,357.0,0.0,2e-06,0.0,0,0,0.0,17,3,dns_amplification,1
5.1e-05,2,2944.0,39215.68627450981,57725490.19607844,1472.0,0.0,5.1e-05,0.0,0,0,0.0,17,6,slowloris_low_rate,1
0.020661,4,484.0,193.60147137118244,23425.77803591308,105.6,84.34927385579559,0.006887,0.011923437759304153,0,0,1.0,17,1,benign,0
1e-06,2,0.0,2000000.0,0.0,0.0,0.0,1e-06,0.0,0,1,0.0,6,0,udp_flood,1
1e-06,2,0.0,2000000.0,0.0,0.0,0.0,1e-06,0.0,0,1,0.0,6,1,syn_flood,1
0.040935,4,0.0,97.71589104678148,0.0,0.0,0.0,0.013645,0.023630369188821405,0,0,3.0,6,1,benign,0
5.054067,7,0.0,1.385023190234716,0.0,0.0,0.0,0.8423444999999998,2.036397141020165,0,1,0.0,6,1,benign,0
0.020807,4,196.0,192.2429951458644,9419.906762147357,46.2,15.336231610144653,0.006935666666666666,0.012009462949413406,0,0,1.0,17,1,benign,0
1e-06,2,2944.0,2000000.0,2944000000.0,1472.0,0.0,1e-06,0.0,0,0,0.0,17,6,slowloris_low_rate,1
1e-06,2,2944.0,2000000.0,2944000000.0,1472.0,0.0,1e-06,0.0,0,0,0.0,17,6,slowloris_low_rate,1
1e-06,2,0.0,2000000.0,0.0,0.0,0.0,1e-06,0.0,0,1,0.0,6,0,udp_flood,1
0.046972,4,204.0,85.15711487694797,4343.012858724345,49.4,8.763560920082657,0.015657333333333332,0.027114966721966182,0,0,1.0,17,1,benign,0
5.1e-05,2,1942.0,39215.68627450981,38078431.37254902,971.0,0.0,5.1e-05,0.0,0,0,0.0,17,3,dns_amplification,1
1e-06,2,0.0,2000000.0,0.0,0.0,0.0,1e-06,0.0,0,1,0.0,6,0,udp_flood,1
5.083626,19,1590.0,3.737489736656473,312.7688779623049,79.49999999999999,171.12153268180026,0.28242366666666674,1.1720069357489515,0,1,0.0,6,1,benign,0
0.054075,4,196.0,73.97133610725844,3624.595469255664,47.4,8.763560920082657,0.018025,0.031214153632607114,0,0,1.0,17,1,benign,0
0.000953,140,61600.0,146904.51206715635,64637985.3095488,440.0,0.0,6.856115107913671e-06,1.6474205200013785e-05,0,0,0.0,17,4,icmp_flood,1
1e-06,3,0.0,3000000.0,0.0,0.0,0.0,5e-07,7.071067811865476e-07,0,0,0.0,6,1,benign,0
3e-06,3,0.0,1000000.0,0.0,0.0,0.0,1.5e-06,7.071067811865476e-07,0,0,0.0,6,1,benign,0
0.000652,88,38576.0,134969.32515337426,59165644.17177914,438.3820224719101,10.731755784901276,7.494252873563216e-06,1.565015310365588e-05,0,0,0.0,17,4,icmp_flood,1
0.106963,4,1398.0,37.396108934865325,13069.940072735431,345.6,21.36117974270148,0.03565433333333333,0.061710088586335164,0,0,0.0,17,8,pulsed_mixed_flood,1
0.065247,4,156.0,61.30550063604457,2390.9145248057384,37.4,8.763560920082657,0.021749,0.037665176874667666,0,0,1.0,17,1,benign,0
2.5e-05,3,0.0,120000.0,0.0,0.0,0.0,1.25e-05,1.4849242404917495e-05,0,0,2.0,6,1,http_get_flood,1
3e-06,2,0.0,666666.6666666665,0.0,0.0,0.0,3e-06,0.0,1,0,0.0,6,1,benign,0
2e-06,2,2944.0,1000000.0,1472000000.0,1472.0,0.0,2e-06,0.0,0,0,0.0,17,6,slowloris_low_rate,1
0.020696,4,320.0,193.27406262079631,15461.925009663704,70.4,52.58136552049595,0.006898666666666666,0.011945377069533355,0,0,1.0,17,1,benign,0
0.020587,4,212.0,194.297372128042,10297.760722786225,51.4,8.763560920082657,0.006862333333333334,0.011881579875308393,0,0,1.0,17,1,benign,0
1e-06,2,0.0,2000000.0,0.0,0.0,0.0,1e-06,0.0,0,1,0.0,6,1,syn_flood,1
0.106425,4,1438.0,37.58515386422364,13511.862814188396,353.6,32.3156308928048,0.035475,0.06144277034769835,0,0,0.0,17,0,udp_flood,1
1e-06,2,0.0,2000000.0,0.0,0.0,0.0,1e-06,0.0,0,1,0.0,6,1,syn_flood,1
117.317318,16,4800.0,0.1363822517661032,40.91467552983099,300.0,0.0,7.821154533333334,5.16197604580325,0,0,0.0,17,1,benign,0
1e-06,2,0.0,2000000.0,0.0,0.0,0.0,1e-06,0.0,0,1,0.0,6,1,syn_flood,1
1e-06,2,31.0,2000000.0,31000000.0,20.666666666666664,17.8978583448784,1e-06,0.0,0,0,0.0,6,1,benign,0
24.562502,4,0.0,0.1628498595134974,0.0,0.0,0.0,8.187500666666667,14.181166275645328,0,1,0.0,6,0,udp_flood,1
0.006589,20,8800.0,3035.3619669145546,1335559.265442404,440.0,0.0,0.0003467894736842107,0.000385534344766004,0,0,0.0,17,4,icmp_flood,1
7.266517,10,0.0,1.3761751331483845,0.0,0.0,0.0,0.807390777777778,1.4483452526642933,0,1,4.0,6,1,benign,0
72.108278,10,0.0,0.1386803329293205,0.0,0.0,0.0,8.012030888888889,11.178954207431149,0,1,0.0,6,1,syn_flood,1
104.405552,14,0.0,0.1340924858095669,0.0,0.0,0.0,8.031196307692309,9.345640486279716,0,1,0.0,6,1,syn_flood,1
0.045067,4,294.0,88.75673996494108,6523.6203874231705,69.4,22.456624857711805,0.015022333333333332,0.02601511445935484,0,0,1.0,17,1,benign,0
7.6e-05,4,0.0,52631.57894736842,0.0,0.0,0.0,2.5333333333333337e-05,4.215843134336634e-05,0,1,1.0,6,1,syn_flood,1
43.468476,10,0.0,0.2300517736117549,0.0,0.0,0.0,4.829830666666667,8.082798237957368,0,1,0.0,6,0,udp_flood,1
4.8e-05,2,766.0,41666.66666666666,15958333.333333332,383.0,0.0,4.8e-05,0.0,0,0,0.0,17,8,pulsed_mixed_flood,1
9.9e-05,4,0.0,40404.04040404041,0.0,0.0,0.0,3.3e-05,5.715767664977295e-05,0,1,1.0,6,1,syn_flood,1
118.36417,162,60134.0,1.3686574239484803,508.0422563686291,368.9202453987732,680.1610737116114,0.7351811801242236,6.47369383579588,0,1,1.0,6,1,benign,0
0.054685,4,84.0,73.14620096918715,1536.0702203529306,16.8,23.004347415216976,0.018228333333333336,0.0315689353848579,0,0,3.0,6,1,benign,0
0.020591,4,268.0,194.25962799281243,13015.395075518429,60.0,38.34057902536164,0.006863666666666666,0.011883889276383104,0,0,1.0,17,1,benign,0
2e-06,3,0.0,1500000.0,0.0,0.0,0.0,1e-06,0.0,0,0,2.0,6,1,benign,0
0.054873,2,0.0,36.44779764182749,0.0,0.0,0.0,0.054873,0.0,0,0,1.0,6,1,benign,0
0.000285,4,557.0,14035.087719298248,1954385.964912281,222.8,305.0814645303775,9.5e-05,8.080222769206304e-05,0,0,3.0,6,1,benign,0
1e-06,2,802.0,2000000.0,802000000.0,401.0,0.0,1e-06,0.0,0,0,0.0,17,8,pulsed_mixed_flood,1
1e-06,2,2800.0,2000000.0,2800000000.0,1400.0,0.0,1e-06,0.0,0,0,0.0,17,6,slowloris_low_rate,1
1e-06,2,0.0,2000000.0,0.0,0.0,0.0,1e-06,0.0,0,1,0.0,6,1,syn_flood,1
0.045556,4,218.0,87.80402142418123,4785.319167617878,50.8,20.265734627691145,0.015185333333333332,0.02629743874093698,0,0,1.0,17,1,benign,0
0.000136,3,0.0,22058.82352941177,0.0,0.0,0.0,6.8e-05,9.333809511662427e-05,0,0,2.0,6,1,benign,0
0.237639,53,21910.0,223.0273650368837,92198.67109354943,405.7407407407409,848.4138627225619,0.004569980769230771,0.014903578307647188,0,1,0.0,6,1,benign,0
0.215517,6,2088.0,27.840031180834927,9688.330850930552,344.1428571428572,33.61759743263722,0.0431034,0.059043403029466375,0,0,0.0,17,8,pulsed_mixed_flood,1
1e-06,2,2944.0,2000000.0,2944000000.0,1472.0,0.0,1e-06,0.0,0,0,0.0,17,3,dns_amplification,1
1e-06,2,2944.0,2000000.0,2944000000.0,1472.0,0.0,1e-06,0.0,0,0,0.0,17,6,slowloris_low_rate,1
0.000414,84,36672.0,202898.5507246377,88579710.14492755,436.6117647058824,21.956718311068183,4.987951807228916e-06,1.1803775724890012e-05,0,0,0.0,17,4,icmp_flood,1
2e-06,2,340.0,1000000.0,170000000.0,170.0,0.0,2e-06,0.0,0,0,0.0,17,3,dns_amplification,1
1e-06,2,2944.0,2000000.0,2944000000.0,1472.0,0.0,1e-06,0.0,0,0,0.0,17,3,dns_amplification,1
0.020617,4,314.0,194.014648105932,15230.14987631566,70.4,44.36552715791847,0.006872333333333334,0.011898900383368764,0,0,1.0,17,1,benign,0
0.000839,4,123.0,4767.580452920143,146603.0989272944,33.8,19.979989989987484,0.0002796666666666666,0.00048006700921156135,0,0,0.0,6,1,benign,0
3e-06,2,0.0,666666.6666666665,0.0,0.0,0.0,3e-06,0.0,1,0,1.0,6,1,benign,0
1e-06,2,0.0,2000000.0,0.0,0.0,0.0,1e-06,0.0,0,1,0.0,6,1,syn_flood,1
0.000478,5,154.0,10460.251046025103,322175.7322175732,33.333333333333336,17.90716802475106,0.0001195,0.00023566713814191398,0,0,0.0,6,1,benign,0
0.020841,4,62.0,191.929369991843,2974.9052348735668,12.4,16.97939928266015,0.006947,0.012029092900131747,0,0,3.0,6,1,benign,0
35.076337,6,0.0,0.1710554896310866,0.0,0.0,0.0,7.0152674,9.693989842491549,0,1,0.0,6,0,udp_flood,1
0.215199,6,1988.0,27.88117045153556,9237.961142942117,327.8571428571429,29.74574799546185,0.0430398,0.05895907423967918,0,0,0.0,17,8,pulsed_mixed_flood,1
1e-06,2,0.0,2000000.0,0.0,0.0,0.0,1e-06,0.0,0,1,0.0,6,0,udp_flood,1
0.024896,2,0.0,80.33419023136247,0.0,0.0,0.0,0.024896,0.0,0,0,1.0,6,1,benign,0
0.055552,4,0.0,72.00460829493088,0.0,0.0,0.0,0.018517333333333337,0.03041505012873287,0,0,3.0,6,1,benign,0
0.046345,4,496.0,86.30920271873991,10702.341137123747,111.2,70.10848736066126,0.015448333333333331,0.026752968103246667,0,0,1.0,17,1,benign,0
0.106137,4,1438.0,37.68714020558336,13548.526903907215,353.6,32.3156308928048,0.035379,0.06127562744680793,0,0,0.0,17,0,udp_flood,1
7.5e-05,2,2944.0,26666.66666666667,39253333.333333336,1472.0,0.0,7.5e-05,0.0,0,0,0.0,17,6,slowloris_low_rate,1
0.078169,42,18192.0,537.2973941076385,232726.5284191943,433.30232558139534,30.68389905356827,0.001906560975609756,0.0030071763171518606,0,0,0.0,17,4,icmp_flood,1
0.020645,4,208.0,193.7515136837007,10075.078711552434,48.8,17.527121840165314,0.006881666666666666,0.01191506619089182,0,0,1.0,17,1,benign,0
0.214968,6,2088.0,27.911130959026465,9713.073573741209,344.1428571428572,33.61759743263722,0.0429936,0.05888552409378727,0,0,0.0,17,8,pulsed_mixed_flood,1
1e-06,2,2944.0,2000000.0,2944000000.0,1472.0,0.0,1e-06,0.0,0,0,0.0,17,3,dns_amplification,1
0.056038,4,196.0,71.38013490845498,3497.626610514294,47.4,8.763560920082657,0.018679333333333336,0.03234835823242554,0,0,1.0,17,1,benign,0
2e-06,2,802.0,1000000.0,401000000.0,401.0,0.0,2e-06,0.0,0,0,0.0,17,8,pulsed_mixed_flood,1
0.000217,3,0.0,13824.884792626728,0.0,0.0,0.0,0.0001085,0.00014919953083036155,0,0,2.0,6,1,benign,0
0.000218,4,0.0,18348.623853211007,0.0,0.0,0.0,7.266666666666667e-05,7.795083920865337e-05,0,0,3.0,6,1,benign,0
0.106071,4,1438.0,37.710590076458224,13556.957132486728,353.6,32.3156308928048,0.035357,0.06123752232904267,0,0,0.0,17,0,udp_flood,1
5.1e-05,2,0.0,39215.68627450981,0.0,0.0,0.0,5.1e-05,0.0,0,1,0.0,6,1,syn_flood,1
0.020587,4,200.0,194.297372128042,9714.8686064021,48.4,8.763560920082657,0.006862333333333334,0.011880713839384117,0,0,1.0,17,1,benign,0
1e-06,2,2944.0,2000000.0,2944000000.0,1472.0,0.0,1e-06,0.0,0,0,0.0,17,6,slowloris_low_rate,1
4.7e-05,2,2944.0,42553.191489361714,62638297.87234042,1472.0,0.0,4.7e-05,0.0,0,0,0.0,17,3,dns_amplification,1
0.020841,2,0.0,95.9646849959215,0.0,0.0,0.0,0.020841,0.0,0,0,1.0,6,1,benign,0
1e-06,2,0.0,2000000.0,0.0,0.0,0.0,1e-06,0.0,0,1,0.0,6,0,udp_flood,1
0.000153,3,0.0,19607.843137254906,0.0,0.0,0.0,7.65e-05,0.00010394469683442249,0,0,2.0,6,1,benign,0
0.045554,4,184.0,87.80787636651009,4039.162312859464,43.2,15.336231610144653,0.015184666666666667,0.026295418010241507,0,0,1.0,17,1,benign,0
2e-06,2,2944.0,1000000.0,1472000000.0,1472.0,0.0,2e-06,0.0,0,0,0.0,17,6,slowloris_low_rate,1
0.054951,2,0.0,36.39606194609743,0.0,0.0,0.0,0.054951,0.0,0,0,1.0,6,1,benign,0
5e-06,2,776.0,400000.0,155200000.0,388.0,0.0,5e-06,0.0,0,0,0.0,17,8,pulsed_mixed_flood,1
117.078677,69,6868.0,0.5893472814012068,58.66140766178968,98.1142857142857,223.5711178137661,1.7217452500000003,3.717908765748399,0,1,0.0,6,1,benign,0
0.020762,4,152.0,192.65966669877665,7321.06733455351,36.4,8.763560920082657,0.006920666666666666,0.011983482229023972,0,0,1.0,17,1,benign,0
0.105443,4,1438.0,37.93518773176029,13637.699989567824,353.6,32.3156308928048,0.035147666666666674,0.06087494636000374,0,0,0.0,17,8,pulsed_mixed_flood,1
117.578358,49,9478.0,0.4167433602023937,80.61007281629159,189.56,489.4750274007649,2.4495491250000003,11.828862377484684,0,1,0.0,6,1,benign,0
110.662029,144,76670.0,1.3012593506667045,692.8302389973347,528.758620689655,839.6179296086444,0.7738603426573427,2.572524798033141,0,1,1.0,6,1,benign,0
0.020647,4,204.0,193.73274567733813,9880.370029544243,49.4,8.763560920082657,0.006882333333333334,0.011916220891429182,0,0,1.0,17,1,benign,0
0.00011,3,0.0,27272.727272727272,0.0,0.0,0.0,5.5e-05,7.495331880577403e-05,0,0,2.0,6,1,benign,0
0.000287,52,22736.0,181184.66898954703,79219512.19512196,437.2830188679245,13.851377824399009,5.627450980392158e-06,1.3044478961328773e-05,0,0,0.0,17,4,icmp_flood,1
0.039044,5,76.0,128.06064952361442,1946.5218727589383,19.0,20.81345718519632,0.009761,0.01941147442450813,0,0,0.0,6,1,benign,0
5e-05,6,2640.0,120000.0,52800000.0,440.0,0.0,1e-05,2.012461179749811e-05,0,0,0.0,17,4,icmp_flood,1
0.032309,4,0.0,123.804512674487,0.0,0.0,0.0,0.010769666666666669,0.018650145772441923,0,0,3.0,6,1,benign,0
0.0207,4,200.0,193.23671497584544,9661.835748792271,48.4,8.763560920082657,0.0069,0.011946820455669364,0,0,1.0,17,1,benign,0
0.000235,2,2944.0,8510.638297872341,12527659.574468086,1472.0,0.0,0.000235,0.0,0,0,0.0,17,6,slowloris_low_rate,1
5.225196,21,6086.0,4.018987995856997,1164.7409972755088,276.6363636363636,421.46123873682114,0.2612598,1.1176021642459455,0,1,0.0,6,1,http_get_flood,1
0.032411,2,0.0,61.707445003239634,0.0,0.0,0.0,0.032411,0.0,0,0,1.0,6,1,benign,0
1e-06,2,802.0,2000000.0,802000000.0,401.0,0.0,1e-06,0.0,0,0,0.0,17,8,pulsed_mixed_flood,1
1e-06,2,2944.0,2000000.0,2944000000.0,1472.0,0.0,1e-06,0.0,0,0,0.0,17,3,dns_amplification,1
0.000155,3,0.0,19354.83870967742,0.0,0.0,0.0,7.75e-05,0.00010677312395916868,0,0,2.0,6,1,benign,0
1e-06,2,2944.0,2000000.0,2944000000.0,1472.0,0.0,1e-06,0.0,0,0,0.0,17,3,dns_amplification,1
0.020845,4,320.0,191.89254017750065,15351.403214200049,70.4,52.58136552049595,0.006948333333333334,0.012033134310450179,0,0,1.0,17,1,benign,0
0.005782,200,88000.0,34590.10722933241,15219647.18090626,440.0,0.0,2.905527638190953e-05,7.673509436279903e-05,0,0,0.0,17,4,icmp_flood,1
103.364024,36,0.0,0.3482836542818805,0.0,0.0,0.0,2.953257828571428,4.4290054821611085,0,0,0.0,17,1,benign,0
0.000176,2,0.0,11363.636363636364,0.0,0.0,0.0,0.000176,0.0,0,0,1.0,6,1,http_get_flood,1
0.020884,4,260.0,191.5341888527102,12449.722275426164,59.4,30.672463220289305,0.006961333333333334,0.012054784955914116,0,0,1.0,17,1,benign,0
0.000165,3,0.0,18181.81818181818,0.0,0.0,0.0,8.25e-05,0.00011384419177103415,0,0,2.0,6,1,benign,0
1e-06,2,808.0,2000000.0,808000000.0,404.0,0.0,1e-06,0.0,0,0,0.0,17,8,pulsed_mixed_flood,1
3e-06,3,0.0,1000000.0,0.0,0.0,0.0,1.5e-06,7.071067811865476e-07,0,0,0.0,6,1,benign,0
0.213721,6,2088.0,28.07398430664277,9769.746538711684,344.1428571428572,33.61759743263722,0.042744199999999996,0.0585716069200769,0,0,0.0,17,0,udp_flood,1
0.000306,4,0.0,13071.8954248366,0.0,0.0,0.0,0.000102,8.973850901368931e-05,0,0,3.0,6,1,benign,0
0.02056,4,224.0,194.5525291828794,10894.941634241246,53.2,15.336231610144653,0.006853333333333334,0.01186599141805409,0,0,1.0,17,1,benign,0
0.000263,10,3680.0,38022.81368821293,13992395.437262358,374.54545454545456,145.62717029206033,2.9222222222222207e-05,3.6955303333140765e-05,0,0,0.0,17,4,icmp_flood,1
0.054828,2,0.0,36.47771211789596,0.0,0.0,0.0,0.054828,0.0,0,0,1.0,6,1,benign,0
0.019309,200,88000.0,10357.864208400228,4557460.2516961,440.0,0.0,9.703015075376888e-05,0.00038954157088811085,0,0,0.0,17,4,icmp_flood,1
0.105804,4,1438.0,37.80575403576425,13591.168575857246,353.6,32.3156308928048,0.035268,0.0610842358305316,0,0,0.0,17,8,pulsed_mixed_flood,1
6.6e-05,3,0.0,45454.54545454545,0.0,0.0,0.0,3.3e-05,4.2426406871192855e-05,0,0,0.0,6,1,benign,0
0.020641,4,268.0,193.78906060752868,12983.867060704424,64.2,15.336231610144653,0.006880333333333334,0.011911890753920356,0,0,1.0,17,1,benign,0
9.012762,6,0.0,0.6657226719178871,0.0,0.0,0.0,1.8025524,2.6882595541387553,0,1,0.0,6,1,benign,0
1e-06,2,2944.0,2000000.0,2944000000.0,1472.0,0.0,1e-06,0.0,0,0,0.0,17,6,slowloris_low_rate,1
5e-05,2,2944.0,40000.0,58880000.0,1472.0,0.0,5e-05,0.0,0,0,0.0,17,6,slowloris_low_rate,1
4.9e-05,2,0.0,40816.32653061225,0.0,0.0,0.0,4.9e-05,0.0,0,1,0.0,6,1,syn_flood,1
2e-06,2,520.0,1000000.0,260000000.0,260.0,0.0,2e-06,0.0,0,0,0.0,17,3,dns_amplification,1
0.054966,3,0.0,54.57919441109049,0.0,0.0,0.0,0.027483,0.03886258869401265,0,0,2.0,6,1,benign,0
0.001364,28,11600.0,20527.859237536657,8504398.826979471,415.1724137931035,92.83705731992296,5.0518518518518534e-05,0.0001590221006339323,0,0,0.0,17,4,icmp_flood,1
0.020848,4,496.0,191.8649270913277,23791.25095932464,115.8,44.913249715423625,0.006949333333333334,0.0120340003462412,0,0,1.0,17,1,benign,0
1e-06,2,2896.0,2000000.0,2896000000.0,1448.0,0.0,1e-06,0.0,0,0,0.0,17,3,dns_amplification,1
0.020726,4,538.0,192.99430666795325,25957.73424683972,113.2,116.6649047486004,0.006908666666666666,0.011961831562655168,0,0,1.0,17,1,benign,0
0.020661,4,204.0,193.60147137118244,9873.675039930304,49.4,8.763560920082657,0.006887,0.011924303795190728,0,0,1.0,17,1,benign,0
0.106663,4,1398.0,37.50128910681305,13106.70054283116,345.6,21.36117974270148,0.03555433333333333,0.061580179711765486,0,0,0.0,17,0,udp_flood,1
1e-06,2,2944.0,2000000.0,2944000000.0,1472.0,0.0,1e-06,0.0,0,0,0.0,17,3,dns_amplification,1
0.108834,4,1398.0,36.7532205009464,12845.250565080763,345.6,21.36117974270148,0.036278,0.06283360714617615,0,0,0.0,17,8,pulsed_mixed_flood,1
0.02062,4,196.0,193.98642095053347,9505.33462657614,47.4,8.763560920082657,0.006873333333333334,0.011900632434174803,0,0,1.0,17,1,benign,0
117.448696,210,107354.0,1.7880147430500208,914.0501653590092,508.78672985781975,794.7818011518083,0.5619554832535887,5.666019711365772,0,1,1.0,6,1,benign,0
47.338904,18,0.0,0.3802369400018218,0.0,0.0,0.0,2.784641411764706,4.449275789805896,0,0,0.0,17,1,benign,0
0.000183,3,0.0,16393.442622950817,0.0,0.0,0.0,9.15e-05,0.000126572113832392,0,0,2.0,6,1,benign,0
0.000183,3,0.0,16393.442622950817,0.0,0.0,0.0,9.15e-05,0.000126572113832392,0,0,2.0,6,1,benign,0
9.8e-05,3,0.0,30612.244897959183,0.0,0.0,0.0,4.9e-05,6.505382386916237e-05,0,0,2.0,6,1,benign,0
4.8e-05,2,0.0,41666.66666666666,0.0,0.0,0.0,4.8e-05,0.0,0,1,0.0,6,1,syn_flood,1
4.9e-05,2,2944.0,40816.32653061225,60081632.65306122,1472.0,0.0,4.9e-05,0.0,0,0,0.0,17,6,slowloris_low_rate,1
0.000166,2,0.0,12048.192771084336,0.0,0.0,0.0,0.000166,0.0,0,0,1.0,6,1,http_get_flood,1
0.001679,4,123.0,2382.3704586063127,73257.89160214414,33.8,19.979989989987484,0.0005596666666666668,0.000965907000354244,0,0,0.0,6,1,benign,0
4.8e-05,2,0.0,41666.66666666666,0.0,0.0,0.0,4.8e-05,0.0,0,1,0.0,6,1,syn_flood,1
0.00061,54,23184.0,88524.59016393444,38006557.37704919,429.5272727272728,54.40855547697355,1.1509433962264149e-05,2.3305349865765748e-05,0,0,0.0,17,4,icmp_flood,1
2e-06,2,2944.0,1000000.0,1472000000.0,1472.0,0.0,2e-06,0.0,0,0,0.0,17,6,slowloris_low_rate,1
1e-06,2,0.0,2000000.0,0.0,0.0,0.0,1e-06,0.0,0,1,0.0,6,0,udp_flood,1
1.1e-05,4,60.0,363636.3636363637,5454545.454545455,15.0,0.0,3.6666666666666666e-06,2.8867513459481285e-06,0,0,0.0,17,1,benign,0
1e-06,2,2944.0,2000000.0,2944000000.0,1472.0,0.0,1e-06,0.0,0,0,0.0,17,3,dns_amplification,1
0.02078,4,232.0,192.49278152069297,11164.581328200193,55.2,15.336231610144653,0.006926666666666666,0.011992142441337715,0,0,1.0,17,1,benign,0
0.047891,4,474.0,83.52300014616523,9897.47551732058,112.8,31.22018577779447,0.015963666666666668,0.02764468558933766,0,0,1.0,17,1,benign,0
0.023316,4,256.0,171.55601303825702,10979.58483444845,58.4,30.672463220289305,0.007772,0.01345716875869512,0,0,1.0,17,1,benign,0
4.8e-05,2,0.0,41666.66666666666,0.0,0.0,0.0,4.8e-05,0.0,0,1,0.0,6,1,syn_flood,1
0.001348,4,123.0,2967.3590504451035,91246.29080118691,33.8,19.979989989987484,0.0004493333333333334,0.0007748040612524777,0,0,0.0,6,1,benign,0
0.000189,3,0.0,15873.015873015873,0.0,0.0,0.0,9.45e-05,0.0001308147545195113,0,0,2.0,6,1,benign,0
1e-06,2,0.0,2000000.0,0.0,0.0,0.0,1e-06,0.0,0,1,0.0,6,0,udp_flood,1
0.020794,4,290.0,192.3631816870251,13946.33067230932,66.6,32.3156308928048,0.006931333333333334,0.01200195739591394,0,0,1.0,17,1,benign,0
0.020565,4,160.0,194.5052273279844,7780.209093119377,38.4,8.763560920082657,0.006855,0.011868012133461949,0,0,1.0,17,1,benign,0
0.026834,5,62.0,186.3307743906984,2310.50160244466,10.333333333333334,16.00833116432399,0.006708499999999999,0.013415666674948857,0,0,0.0,6,1,benign,0
2e-06,2,2944.0,1000000.0,1472000000.0,1472.0,0.0,2e-06,0.0,0,0,0.0,17,3,dns_amplification,1
0.001182,4,123.0,3384.0947546531297,104060.91370558376,33.8,19.979989989987484,0.000394,0.000679830125840272,0,0,0.0,6,1,benign,0
0.000391,44,18928.0,112531.96930946287,48409207.16112532,430.4,45.01636066223843,9.093023255813952e-06,1.962968349147884e-05,0,0,0.0,17,4,icmp_flood,1
0.054839,2,0.0,36.47039515673153,0.0,0.0,0.0,0.054839,0.0,0,0,1.0,6,1,benign,0
0.023906,200,88000.0,8366.100560528737,3681084.246632645,440.0,0.0,0.00012013065326633163,0.000121892455559392,0,0,0.0,17,4,icmp_flood,1
0.10188,2,0.0,19.630938358853548,0.0,0.0,0.0,0.10188,0.0,0,0,1.0,6,1,benign,0
0.020568,4,276.0,194.4768572539868,13418.903150525088,62.6,35.05424368033063,0.006856,0.01185415842647634,0,0,1.0,17,1,benign,0
1e-06,2,0.0,2000000.0,0.0,0.0,0.0,1e-06,0.0,0,1,0.0,6,1,syn_flood,1
0.02916,4,230.0,137.1742112482853,7887.517146776408,52.0,30.124740662784134,0.00972,0.016830337697146782,0,0,1.0,17,1,benign,0
4.9e-05,2,0.0,40816.32653061225,0.0,0.0,0.0,4.9e-05,0.0,0,1,0.0,6,0,udp_flood,1
1e-06,2,0.0,2000000.0,0.0,0.0,0.0,1e-06,0.0,0,1,0.0,6,0,udp_flood,1
2e-06,2,431.0,1000000.0,215500000.0,277.0,213.0422493309719,2e-06,0.0,0,0,0.0,6,1,benign,0
1e-06,2,2944.0,2000000.0,2944000000.0,1472.0,0.0,1e-06,0.0,0,0,0.0,17,6,slowloris_low_rate,1
4.8e-05,2,802.0,41666.66666666666,16708333.333333332,401.0,0.0,4.8e-05,0.0,0,0,0.0,17,8,pulsed_mixed_flood,1
2e-06,3,0.0,1500000.0,0.0,0.0,0.0,1e-06,0.0,0,0,0.0,6,1,benign,0
30.030885,479,907982.0,15.95024588852443,30234.939796146533,1891.6291666666664,1254.7045797501764,0.06282611924686193,1.3656436184000926,0,1,2.0,6,1,benign,0
0.000139,3,0.0,21582.73381294964,0.0,0.0,0.0,6.95e-05,9.545941546018392e-05,0,0,2.0,6,1,benign,0
60.423625,48,12506.0,0.7943912666610121,206.97202460130453,255.22448979591843,640.4140023357977,1.2856090425531914,3.3648303941681883,0,1,0.0,6,1,benign,0
1e-06,2,0.0,2000000.0,0.0,0.0,0.0,1e-06,0.0,0,1,0.0,6,1,syn_flood,1
1.1e-05,3,0.0,272727.2727272727,0.0,0.0,0.0,5.5e-06,6.363961030678927e-06,0,0,0.0,6,1,benign,0
1e-06,2,2944.0,2000000.0,2944000000.0,1472.0,0.0,1e-06,0.0,0,0,0.0,17,3,dns_amplification,1
4.8e-05,2,2944.0,41666.66666666666,61333333.33333333,1472.0,0.0,4.8e-05,0.0,0,0,0.0,17,6,slowloris_low_rate,1
1e-06,2,2944.0,2000000.0,2944000000.0,1472.0,0.0,1e-06,0.0,0,0,0.0,17,6,slowloris_low_rate,1
2e-06,2,202.0,1000000.0,101000000.0,101.0,0.0,2e-06,0.0,0,0,0.0,17,3,dns_amplification,1
0.000222,5,154.0,22522.52252252252,693693.6936936937,33.333333333333336,17.90716802475106,5.5499999999999994e-05,0.00010633751297950628,0,0,0.0,6,1,benign,0
0.000276,3,0.0,10869.565217391304,0.0,0.0,0.0,0.000138,0.00019091883092036785,0,0,2.0,6,1,benign,0
115.675896,77,11058.0,0.6656529377563671,95.59467773649232,141.76923076923077,330.74629988121546,1.522051263157894,3.562044335330888,0,1,0.0,6,1,benign,0
0.0001,3,0.0,30000.0,0.0,0.0,0.0,5e-05,2.8284271247461903e-06,0,0,2.0,6,1,http_get_flood,1
0.120848,2,0.0,16.549715344896068,0.0,0.0,0.0,0.120848,0.0,0,0,1.0,6,1,benign,0
0.020958,4,226.0,190.857906288768,10783.471705315393,52.0,24.647515087732486,0.006986,0.01209664284006104,0,0,1.0,17,1,benign,0
2e-06,2,2944.0,1000000.0,1472000000.0,1472.0,0.0,2e-06,0.0,0,0,0.0,17,3,dns_amplification,1
0.020592,4,588.0,194.25019425019423,28554.778554778564,134.2,70.10848736066126,0.006864,0.011883600590730068,0,0,1.0,17,1,benign,0
2e-06,2,2944.0,1000000.0,1472000000.0,1472.0,0.0,2e-06,0.0,0,0,0.0,17,6,slowloris_low_rate,1
1e-06,2,1002.0,2000000.0,1002000000.0,501.0,0.0,1e-06,0.0,0,0,0.0,17,8,pulsed_mixed_flood,1
2e-06,2,2736.0,1000000.0,1368000000.0,1368.0,0.0,2e-06,0.0,0,0,0.0,17,6,slowloris_low_rate,1
0.109117,4,1438.0,36.657899319079526,13178.514805209086,353.6,32.3156308928048,0.036372333333333326,0.06299786329974481,0,0,0.0,17,8,pulsed_mixed_flood,1
34.380031,6,0.0,0.1745199124456868,0.0,0.0,0.0,6.8760062,9.569496088962687,0,1,0.0,6,0,udp_flood,1
5.805805,28,10247.0,4.822759290055384,1764.9576587570543,353.3448275862069,768.0364702958017,0.21502981481481484,0.493394980381223,0,1,0.0,6,1,benign,0
0.107228,25,8343.0,233.14805834297007,77806.17003021599,320.8846153846153,677.313536077529,0.004467833333333333,0.008363185645728998,0,1,0.0,6,1,benign,0
2.3e-05,6,2640.0,260869.5652173913,114782608.69565216,440.0,0.0,4.6e-06,5.856620185738528e-06,0,0,0.0,17,4,icmp_flood,1
0.000278,5,154.0,17985.61151079137,553956.8345323742,33.333333333333336,17.90716802475106,6.95e-05,0.00013433664181202885,0,0,0.0,6,1,benign,0
0.01317,6,74.0,455.5808656036447,5618.830675778284,10.571428571428571,18.054151349547865,0.002634,0.005742591967047631,0,0,5.0,6,1,benign,0
0.0206,4,314.0,194.17475728155335,15242.71844660194,70.8,42.17463692789779,0.006866666666666666,0.01188821943494203,0,0,1.0,17,1,benign,0
1e-06,2,750.0,2000000.0,750000000.0,375.0,0.0,1e-06,0.0,0,0,0.0,17,8,pulsed_mixed_flood,1
5.2e-05,4,0.0,76923.07692307692,0.0,0.0,0.0,1.7333333333333336e-05,2.829016319029166e-05,0,1,1.0,6,1,syn_flood,1
58.910822,45,9388.0,0.7638664420605097,159.35951462364588,204.08695652173915,508.1135405087225,1.338882318181818,8.801742089150432,0,1,1.0,6,1,benign,0
0.000946,176,77440.0,186046.51162790696,81860465.11627907,440.0,0.0,5.405714285714287e-06,1.418964214385873e-05,0,0,0.0,17,4,icmp_flood,1
116.049012,63,4586.0,0.5428740746194375,39.51778581277366,71.65625,195.9871407143765,1.8717582580645158,3.860369347764033,0,1,0.0,6,1,benign,0
0.032378,2,0.0,61.77033788374823,0.0,0.0,0.0,0.032378,0.0,0,0,1.0,6,1,benign,0
1e-06,2,0.0,2000000.0,0.0,0.0,0.0,1e-06,0.0,0,1,0.0,6,1,syn_flood,1
1e-06,2,2944.0,2000000.0,2944000000.0,1472.0,0.0,1e-06,0.0,0,0,0.0,17,6,slowloris_low_rate,1
1e-06,2,802.0,2000000.0,802000000.0,401.0,0.0,1e-06,0.0,0,0,0.0,17,8,pulsed_mixed_flood,1
0.020722,4,484.0,193.031560660168,23356.81883988032,105.6,84.34927385579559,0.006907333333333334,0.011959522161580425,0,0,1.0,17,1,benign,0
0.239893,6,2054.0,25.011150804733774,8562.150625487197,339.42857142857144,23.957303290487022,0.047978599999999996,0.06569684667318518,0,0,0.0,17,8,pulsed_mixed_flood,1
0.044904,4,226.0,89.07892392659895,5032.959201852842,51.4,27.933850432763467,0.014968,0.025920140354558262,0,0,1.0,17,1,benign,0
0.020644,2,0.0,96.8804495252858,0.0,0.0,0.0,0.020644,0.0,0,0,1.0,6,1,benign,0
5.6e-05,10,4112.0,178571.42857142858,73428571.42857143,413.8181818181818,58.25086811682412,6.222222222222222e-06,1.5666666666666663e-05,0,0,0.0,17,4,icmp_flood,1
0.055498,4,0.0,72.07466935745433,0.0,0.0,0.0,0.018499333333333336,0.03072794801696549,0,0,3.0,6,1,benign,0
0.000113,4,0.0,35398.230088495584,0.0,0.0,0.0,3.766666666666667e-05,6.350852961085883e-05,0,1,1.0,6,1,syn_flood,1
1e-06,2,2944.0,2000000.0,2944000000.0,1472.0,0.0,1e-06,0.0,0,0,0.0,17,6,slowloris_low_rate,1
0.020621,4,160.0,193.97701372387368,7759.0805489549475,38.4,8.763560920082657,0.006873666666666666,0.011901209784443485,0,0,1.0,17,1,benign,0
1e-06,2,0.0,2000000.0,0.0,0.0,0.0,1e-06,0.0,0,1,0.0,6,1,syn_flood,1
0.020915,4,132.0,191.25029882859192,6311.259861343534,31.4,8.763560920082657,0.006971666666666666,0.012070950763437543,0,0,1.0,17,1,benign,0
0.000166,3,0.0,18072.289156626503,0.0,0.0,0.0,8.3e-05,0.0001131370849898476,0,0,2.0,6,1,benign,0
0.000111,4,0.0,36036.03603603604,0.0,0.0,0.0,3.7e-05,5.892367945062493e-05,0,1,1.0,6,0,udp_flood,1
2e-06,2,2928.0,1000000.0,1464000000.0,1464.0,0.0,2e-06,0.0,0,0,0.0,17,6,slowloris_low_rate,1
0.020705,4,362.0,193.1900507123883,17483.69958947114,80.8,53.12908807800111,0.006901666666666666,0.01194970720701279,0,0,1.0,17,1,benign,0
0.020642,4,160.0,193.77967251235344,7751.186900494138,38.4,8.763560920082657,0.006880666666666666,0.011913334140085776,0,0,1.0,17,1,benign,0
7.277046,10,0.0,1.3741839752009262,0.0,0.0,0.0,0.8085606666666665,1.4484873395293278,0,1,4.0,6,1,benign,0
0.045479,4,364.0,87.95268145737595,8003.694012621208,84.6,35.05424368033063,0.015159666666666669,0.02625298277021744,0,0,1.0,17,1,benign,0
0.04014,2,0.0,49.82561036372695,0.0,0.0,0.0,0.04014,0.0,0,0,1.0,6,1,benign,0
54.771951,25,12.0,0.4564380041894071,0.2190902420109154,0.5000000000000001,0.5099019513592785,2.2821646250000005,4.116260476728265,0,0,0.0,6,1,benign,0
1e-06,2,750.0,2000000.0,750000000.0,375.0,0.0,1e-06,0.0,0,0,0.0,17,8,pulsed_mixed_flood,1
0.000544,56,24640.0,102941.17647058824,45294117.64705882,440.0,0.0,9.890909090909088e-06,2.051618397055858e-05,0,0,0.0,17,4,icmp_flood,1
1e-06,2,0.0,2000000.0,0.0,0.0,0.0,1e-06,0.0,0,1,0.0,6,1,syn_flood,1
0.318106,27,18540.0,84.87736792138469,58282.45930601749,662.142857142857,934.342141881248,0.012234846153846153,0.024964934343502384,0,1,1.0,6,1,benign,0
0.020542,4,196.0,194.72300652322068,9541.427319637814,47.4,8.763560920082657,0.006847333333333334,0.011856465128078156,0,0,1.0,17,1,benign,0
4.8e-05,2,2896.0,41666.66666666666,60333333.33333333,1448.0,0.0,4.8e-05,0.0,0,0,0.0,17,3,dns_amplification,1
7.243186,10,0.0,1.380607925849205,0.0,0.0,0.0,0.8047984444444445,1.4401711622558193,0,1,4.0,6,1,benign,0
0.020585,4,280.0,194.31624969638088,13602.13747874666,63.2,37.24513391035129,0.006861666666666666,0.011870899937803088,0,0,1.0,17,1,benign,0
0.013554,46,19664.0,3393.832079091044,1450789.4348531796,427.74468085106383,58.76055615991068,0.0003012000000000001,0.0004105039364222732,0,0,0.0,17,4,icmp_flood,1
24.163568,6,0.0,0.2483077002535387,0.0,0.0,0.0,4.8327136,10.806221341798935,0,1,0.0,6,0,udp_flood,1
1.710088,4,0.0,2.3390609138243184,0.0,0.0,0.0,0.5700293333333333,0.9872790642003572,0,1,0.0,6,1,syn_flood,1
3e-06,3,62.0,1000000.0,20666666.666666668,23.25,15.5,1.5e-06,7.071067811865476e-07,0,0,0.0,6,1,benign,0
0.020617,4,334.0,194.014648105932,16200.223116845322,73.8,53.12908807800111,0.006872333333333334,0.011900632434174803,0,0,1.0,17,1,benign,0
0.02056,4,230.0,194.5525291828794,11186.770428015565,52.4,27.933850432763467,0.006853333333333334,0.011867723468860123,0,0,1.0,17,1,benign,0
58.126384,14,368.0,0.2408544801273033,6.331032049060544,27.6,23.32625743050706,4.471260307692308,16.083977348765885,0,0,0.0,6,1,benign,0
0.021292,2,0.0,93.93199323689647,0.0,0.0,0.0,0.021292,0.0,0,0,1.0,6,1,benign,0
0.020699,4,256.0,193.24605053384224,12367.747234165903,61.2,15.336231610144653,0.006899666666666666,0.011945377069533355,0,0,1.0,17,1,benign,0
1e-06,2,2944.0,2000000.0,2944000000.0,1472.0,0.0,1e-06,0.0,0,0,0.0,17,6,slowloris_low_rate,1
110.986489,66,4590.0,0.5946669778877318,41.35638528037408,68.50746268656718,192.1784503050389,1.707484446153846,3.7743436784313618,0,1,0.0,6,1,benign,0
1e-06,2,0.0,2000000.0,0.0,0.0,0.0,1e-06,0.0,0,1,0.0,6,1,syn_flood,1
4.8e-05,2,0.0,41666.66666666666,0.0,0.0,0.0,4.8e-05,0.0,0,1,0.0,6,1,syn_flood,1
1e-06,2,802.0,2000000.0,802000000.0,401.0,0.0,1e-06,0.0,0,0,0.0,17,8,pulsed_mixed_flood,1
1e-06,2,2944.0,2000000.0,2944000000.0,1472.0,0.0,1e-06,0.0,0,0,0.0,17,3,dns_amplification,1
1e-06,2,2944.0,2000000.0,2944000000.0,1472.0,0.0,1e-06,0.0,0,0,0.0,17,3,dns_amplification,1
1e-06,2,0.0,2000000.0,0.0,0.0,0.0,1e-06,0.0,0,1,0.0,6,1,syn_flood,1
2e-06,2,2944.0,1000000.0,1472000000.0,1472.0,0.0,2e-06,0.0,0,0,0.0,17,3,dns_amplification,1
0.218648,6,2088.0,27.4413669459588,9549.595697193665,344.1428571428572,33.61759743263722,0.0437296,0.05987958363499199,0,0,0.0,17,8,pulsed_mixed_flood,1
0.045585,4,536.0,87.74816277284194,11758.25381156082,117.6,89.82649943084725,0.015195,0.02631418189874046,0,0,1.0,17,1,benign,0
1e-06,2,2944.0,2000000.0,2944000000.0,1472.0,0.0,1e-06,0.0,0,0,0.0,17,6,slowloris_low_rate,1
5.391844,7,0.0,1.2982571454218632,0.0,0.0,0.0,0.8986406666666665,2.181083621997714,0,1,0.0,6,1,benign,0
0.000192,3,0.0,15625.0,0.0,0.0,0.0,9.6e-05,0.00013152186130069784,0,0,2.0,6,1,benign,0
0.020657,4,156.0,193.638960158784,7551.9194461925745,37.4,8.763560920082657,0.006885666666666666,0.011921128358227395,0,0,1.0,17,1,benign,0
1.1e-05,12,4848.0,1090909.0909090908,440727272.7272728,406.7692307692308,81.11530254947156,1e-06,0.0,0,0,0.0,17,4,icmp_flood,1
3e-06,3,0.0,1000000.0,0.0,0.0,0.0,1.5e-06,7.071067811865476e-07,0,0,0.0,6,1,benign,0
0.020578,4,160.0,194.3823500826125,7775.294003304501,38.4,8.763560920082657,0.006859333333333334,0.011876383722890285,0,0,1.0,17,1,benign,0
0.065131,9,1034.0,138.18304647556462,15875.696672859316,103.4,217.98634004094032,0.008141375,0.02124673108260253,0,1,0.0,6,1,benign,0
15.114133,32,27254.0,2.1172236607948336,1803.2129266032,825.8787878787876,1209.9992447718655,0.48755267741935476,1.9770982471276841,0,1,1.0,6,1,benign,0
28.569413,6,0.0,0.2100148154951591,0.0,0.0,0.0,5.7138826,7.8300439608594665,0,1,0.0,6,0,udp_flood,1
30.069917,2195,8836584.0,72.99654335593942,293867.92121840577,4023.9453551912575,6616.562066006961,0.013705522789425707,0.5472532892871007,0,1,4.0,6,1,benign,0
0.020587,4,262.0,194.297372128042,12726.477874386748,61.4,22.456624857711805,0.006862333333333334,0.011880713839384117,0,0,1.0,17,1,benign,0
1e-06,2,2944.0,2000000.0,2944000000.0,1472.0,0.0,1e-06,0.0,0,0,0.0,17,6,slowloris_low_rate,1
0.020867,4,402.0,191.6902285905976,19264.86797335506,89.6,59.70175876806311,0.006955666666666666,0.012043237950540268,0,0,1.0,17,1,benign,0
0.000403,98,43120.0,243176.17866004969,106997518.61042184,440.0,0.0,4.1546391752577304e-06,1.1985529648797309e-05,0,0,0.0,17,4,icmp_flood,1
1e-06,2,0.0,2000000.0,0.0,0.0,0.0,1e-06,0.0,0,1,0.0,6,1,syn_flood,1
0.044741,4,404.0,89.4034554435529,9029.74899979884,92.8,44.913249715423625,0.014913666666666667,0.025826898271634043,0,0,1.0,17,1,benign,0
1e-06,2,0.0,2000000.0,0.0,0.0,0.0,1e-06,0.0,0,1,0.0,6,1,syn_flood,1
0.020774,4,320.0,192.5483777799172,15403.870222393376,70.4,52.58136552049595,0.006924666666666666,0.01199300847716424,0,0,1.0,17,1,benign,0
1e-06,2,31.0,2000000.0,31000000.0,20.666666666666664,17.8978583448784,1e-06,0.0,0,0,0.0,6,1,benign,0
0.020716,4,280.0,193.0874686232864,13516.122803630044,63.6,35.05424368033063,0.006905333333333334,0.011956924116733924,0,0,1.0,17,1,benign,0
1e-06,2,2928.0,2000000.0,2928000000.0,1464.0,0.0,1e-06,0.0,0,0,0.0,17,6,slowloris_low_rate,1
0.020646,4,132.0,193.74212922600012,6393.490264458007,31.4,8.763560920082657,0.006882,0.01191477750526631,0,0,1.0,17,1,benign,0
0.02065,4,728.0,193.70460048426148,35254.237288135584,153.0,158.8395416764982,0.006883333333333334,0.011852194325665324,0,0,1.0,17,1,benign,0
0.002037,6,1920.0,2945.508100147275,942562.592047128,337.1428571428572,175.66201313073597,0.0004074,0.0009092971461519057,0,0,0.0,17,4,icmp_flood,1
0.138787,31,7502.0,223.3638597274961,54054.05405405405,234.43750000000003,528.6498894780564,0.004626233333333334,0.01249232741541875,0,1,0.0,6,1,benign,0
4e-06,8,3088.0,2000000.0,772000000.0,392.0,95.24704719832528,5.714285714285714e-07,5.345224838248488e-07,0,0,0.0,17,4,icmp_flood,1
0.020556,4,312.0,194.59038723487055,15178.050204319905,69.6,46.00869483043395,0.006852,0.011863682016979385,0,0,1.0,17,1,benign,0
4.6e-05,2,750.0,43478.260869565216,16304347.826086955,375.0,0.0,4.6e-05,0.0,0,0,0.0,17,8,pulsed_mixed_flood,1
1e-06,2,2944.0,2000000.0,2944000000.0,1472.0,0.0,1e-06,0.0,0,0,0.0,17,3,dns_amplification,1
0.020602,4,220.0,194.1559071934764,10678.5748956412,50.2,26.290682760247968,0.006867333333333334,0.011889374093421962,0,0,1.0,17,1,benign,0
1e-06,2,750.0,2000000.0,750000000.0,375.0,0.0,1e-06,0.0,0,0,0.0,17,8,pulsed_mixed_flood,1
0.020636,4,208.0,193.8360147315371,10079.47276603993,50.4,8.763560920082657,0.006878666666666666,0.01190813798766765,0,0,1.0,17,1,benign,0
23.153311,28,2254.0,1.2093302767798524,97.35108728077812,77.72413793103449,154.901788367368,0.8575300370370371,4.390905442963772,0,1,0.0,6,1,benign,0
60.759702,52,12512.0,0.8558303989048531,205.9259605980293,236.0754716981133,619.1801604683096,1.1913667058823523,3.2503647564374822,0,1,0.0,6,1,benign,0
1e-06,2,2944.0,2000000.0,2944000000.0,1472.0,0.0,1e-06,0.0,0,0,0.0,17,3,dns_amplification,1
0.000151,3,0.0,19867.54966887417,0.0,0.0,0.0,7.55e-05,0.0001025304832720494,0,0,2.0,6,1,benign,0
0.000191,3,0.0,15706.806282722511,0.0,0.0,0.0,9.55e-05,0.0001308147545195113,0,0,2.0,6,1,benign,0
0.054691,4,84.0,73.13817629957397,1535.9017022910534,16.8,23.004347415216976,0.018230333333333335,0.0315723994864713,0,0,3.0,6,1,benign,0
23.452872,4,0.0,0.1705548045458995,0.0,0.0,0.0,7.817624,13.540521962469837,0,1,0.0,6,0,udp_flood,1
1e-06,2,2944.0,2000000.0,2944000000.0,1472.0,0.0,1e-06,0.0,0,0,0.0,17,3,dns_amplification,1
0.020885,4,538.0,191.5250179554704,25760.114915010767,113.2,116.6649047486004,0.006961666666666666,0.012052764219602627,0,0,1.0,17,1,benign,0
0.054768,3,0.0,54.77651183172656,0.0,0.0,0.0,0.027384,0.03872258155133772,0,0,2.0,6,1,benign,0
1e-06,2,2928.0,2000000.0,2928000000.0,1464.0,0.0,1e-06,0.0,0,0,0.0,17,3,dns_amplification,1
0.058499,4,286.0,68.37723721773021,4888.97246106771,64.6,37.79285646785646,0.019499666666666665,0.03377008330361851,0,0,1.0,17,1,benign,0
4.5e-05,2,2896.0,44444.444444444445,64355555.55555555,1448.0,0.0,4.5e-05,0.0,0,0,0.0,17,3,dns_amplification,1
1e-06,2,2944.0,2000000.0,2944000000.0,1472.0,0.0,1e-06,0.0,0,0,0.0,17,3,dns_amplification,1
116.928721,42,3022.0,0.3591931874462221,25.844805058630552,72.44186046511628,91.62950822419948,2.851920024390244,12.703999310964116,0,0,1.0,6,1,benign,0
1e-06,2,0.0,2000000.0,0.0,0.0,0.0,1e-06,0.0,0,1,0.0,6,1,syn_flood,1
1e-06,2,31.0,2000000.0,31000000.0,20.666666666666664,17.8978583448784,1e-06,0.0,0,0,0.0,6,1,benign,0
1e-06,2,2944.0,2000000.0,2944000000.0,1472.0,0.0,1e-06,0.0,0,0,0.0,17,6,slowloris_low_rate,1
4.8e-05,2,766.0,41666.66666666666,15958333.333333332,383.0,0.0,4.8e-05,0.0,0,0,0.0,17,8,pulsed_mixed_flood,1
0.020562,4,212.0,194.53360568038127,10310.281101060207,51.4,8.763560920082657,0.006854,0.011867146118591443,0,0,1.0,17,1,benign,0
0.0209,4,264.0,191.38755980861245,12631.578947368424,60.4,30.672463220289305,0.006966666666666666,0.012064888575255612,0,0,1.0,17,1,benign,0
2e-06,2,970.0,1000000.0,485000000.0,485.0,0.0,2e-06,0.0,0,0,0.0,17,8,pulsed_mixed_flood,1
0.020635,4,290.0,193.8454082868912,14053.792100799612,66.6,32.3156308928048,0.0068783333333333335,0.01190929268820501,0,0,1.0,17,1,benign,0
1e-06,2,0.0,2000000.0,0.0,0.0,0.0,1e-06,0.0,0,1,0.0,6,1,syn_flood,1
0.020749,4,610.0,192.78037495782928,29399.00718106897,131.2,116.6649047486004,0.006916333333333334,0.011974244582992837,0,0,1.0,17,1,benign,0
0.000431,4,123.0,9280.742459396752,285382.83062645013,33.8,19.979989989987484,0.0001436666666666667,0.000244508350232325,0,0,0.0,6,1,benign,0
0.020888,4,242.0,191.4975105323631,11585.599387207963,55.0,30.124740662784134,0.0069626666666666665,0.01205536238913345,0,0,1.0,17,1,benign,0
1e-06,2,2896.0,2000000.0,2896000000.0,1448.0,0.0,1e-06,0.0,0,0,0.0,17,3,dns_amplification,1
0.020753,4,196.0,192.743217848022,9444.417674553077,47.4,8.763560920082657,0.006917666666666666,0.011976553984069596,0,0,1.0,17,1,benign,0
0.054937,3,0.0,54.608005533611234,0.0,0.0,0.0,0.0274685,0.03884491102448299,0,0,2.0,6,1,benign,0
2e-06,2,2944.0,1000000.0,1472000000.0,1472.0,0.0,2e-06,0.0,0,0,0.0,17,3,dns_amplification,1
0.000129,3,0.0,23255.81395348837,0.0,0.0,0.0,6.45e-05,8.697413408594533e-05,0,0,2.0,6,1,http_get_flood,1
54.770289,11,338.0,0.2008388160960772,6.171229076406736,32.0,20.10427362979868,5.4770289,17.297927900688187,0,0,0.0,6,1,benign,0
2e-06,2,2944.0,1000000.0,1472000000.0,1472.0,0.0,2e-06,0.0,0,0,0.0,17,3,dns_amplification,1
0.104895,4,1438.0,38.1333714667048,13708.947042280375,353.6,32.3156308928048,0.034965,0.06055855841249856,0,0,0.0,17,8,pulsed_mixed_flood,1
0.004141,48,20976.0,11591.4030427433,5065443.129678822,437.0612244897959,14.393876248925713,8.810638297872343e-05,0.0004988523888165088,0,0,0.0,17,4,icmp_flood,1
4.9e-05,2,2944.0,40816.32653061225,60081632.65306122,1472.0,0.0,4.9e-05,0.0,0,0,0.0,17,6,slowloris_low_rate,1
1e-06,2,31.0,2000000.0,31000000.0,20.666666666666664,17.8978583448784,1e-06,0.0,0,0,0.0,6,1,benign,0
1e-06,2,2944.0,2000000.0,2944000000.0,1472.0,0.0,1e-06,0.0,0,0,0.0,17,3,dns_amplification,1
0.040915,2,0.0,48.88182818037394,0.0,0.0,0.0,0.040915,0.0,0,0,1.0,6,1,benign,0
1e-06,2,2736.0,2000000.0,2736000000.0,1368.0,0.0,1e-06,0.0,0,0,0.0,17,3,dns_amplification,1
1e-06,3,0.0,3000000.0,0.0,0.0,0.0,5e-07,7.071067811865476e-07,0,0,0.0,6,1,benign,0
0.000497,28,12320.0,56338.02816901407,24788732.394366197,440.0,0.0,1.8407407407407406e-05,3.379378556805886e-05,0,0,0.0,17,4,icmp_flood,1
1e-06,2,0.0,2000000.0,0.0,0.0,0.0,1e-06,0.0,0,1,0.0,6,1,syn_flood,1
3e-06,3,62.0,1000000.0,20666666.666666668,23.25,15.5,1.5e-06,2.1213203435596424e-06,0,0,0.0,6,1,benign,0
0.156984,27,9521.0,171.99205014523773,60649.49294195586,340.0357142857143,635.1095258208302,0.006037846153846152,0.0130378839930176,0,1,0.0,6,1,benign,0
0.000809,34,14672.0,42027.19406674907,18135970.333745364,431.7714285714285,33.9125915486596,2.4515151515151518e-05,9.056562579564928e-05,0,0,0.0,17,4,icmp_flood,1
23.18528,42,4598.0,1.8114941894167336,198.31548292709857,106.93023255813956,155.9258669015255,0.5654946341463415,3.591516824387683,0,1,0.0,6,1,benign,0
1e-06,2,2944.0,2000000.0,2944000000.0,1472.0,0.0,1e-06,0.0,0,0,0.0,17,6,slowloris_low_rate,1
0.020644,4,204.0,193.7608990505716,9881.80585157915,49.4,8.763560920082657,0.006881333333333334,0.011912756789817097,0,0,1.0,17,1,benign,0
2e-06,2,766.0,1000000.0,383000000.0,383.0,0.0,2e-06,0.0,0,0,0.0,17,8,pulsed_mixed_flood,1
4.9e-05,2,802.0,40816.32653061225,16367346.938775511,401.0,0.0,4.9e-05,0.0,0,0,0.0,17,8,pulsed_mixed_flood,1
0.111677,4,1398.0,35.817581059663134,12518.244580352266,345.6,21.36117974270148,0.03722566666666667,0.06447587998882477,0,0,0.0,17,8,pulsed_mixed_flood,1
0.104363,4,1398.0,38.32775983825685,13395.552063470772,345.6,21.36117974270148,0.03478766666666667,0.06025227409262933,0,0,0.0,17,8,pulsed_mixed_flood,1
0.000154,2,0.0,12987.012987012988,0.0,0.0,0.0,0.000154,0.0,0,0,1.0,6,1,http_get_flood,1
4.5e-05,2,2896.0,44444.444444444445,64355555.55555555,1448.0,0.0,4.5e-05,0.0,0,0,0.0,17,3,dns_amplification,1
1e-06,2,0.0,2000000.0,0.0,0.0,0.0,1e-06,0.0,0,1,0.0,6,1,syn_flood,1
0.216377,6,2088.0,27.72937973999085,9649.824149516817,344.1428571428572,33.61759743263722,0.0432754,0.059270412827986965,0,0,0.0,17,8,pulsed_mixed_flood,1
0.175035,2,0.0,11.42628617133716,0.0,0.0,0.0,0.175035,0.0,0,0,1.0,6,1,benign,0
1e-06,2,31.0,2000000.0,31000000.0,20.666666666666664,17.8978583448784,1e-06,0.0,0,0,0.0,6,1,benign,0
1e-06,2,0.0,2000000.0,0.0,0.0,0.0,1e-06,0.0,0,1,0.0,6,0,udp_flood,1
0.000134,3,0.0,22388.059701492533,0.0,0.0,0.0,6.7e-05,9.19238815542512e-05,0,0,2.0,6,1,benign,0
0.063444,4,204.0,63.04772712943698,3215.434083601286,49.4,8.763560920082657,0.021148,0.03662594637685148,0,0,1.0,17,1,benign,0
0.107809,4,1438.0,37.10265376731071,13338.4040293482,353.6,32.3156308928048,0.03593633333333333,0.062242689147668846,0,0,0.0,17,8,pulsed_mixed_flood,1
0.020692,4,292.0,193.31142470520007,14111.734003479609,67.0,32.863353450309965,0.006897333333333334,0.011943067668456596,0,0,1.0,17,1,benign,0
1e-06,2,31.0,2000000.0,31000000.0,20.666666666666664,17.8978583448784,1e-06,0.0,0,0,0.0,6,1,benign,0
0.045944,4,188.0,87.06251088281387,4091.938011492253,44.2,15.336231610144653,0.015314666666666667,0.026521450645342406,0,0,1.0,17,1,benign,0
1e-06,2,2944.0,2000000.0,2944000000.0,1472.0,0.0,1e-06,0.0,0,0,0.0,17,3,dns_amplification,1
1e-06,2,31.0,2000000.0,31000000.0,20.666666666666664,17.8978583448784,1e-06,0.0,0,0,0.0,6,1,benign,0
1e-06,2,0.0,2000000.0,0.0,0.0,0.0,1e-06,0.0,0,1,0.0,6,1,syn_flood,1
1e-06,2,2944.0,2000000.0,2944000000.0,1472.0,0.0,1e-06,0.0,0,0,0.0,17,6,slowloris_low_rate,1
1e-06,2,2944.0,2000000.0,2944000000.0,1472.0,0.0,1e-06,0.0,0,0,0.0,17,3,dns_amplification,1
0.055449,4,0.0,72.13836137712133,0.0,0.0,0.0,0.018483,0.016256106575684104,0,0,3.0,6,1,benign,0
0.045249,4,368.0,88.39974364074345,8132.776414948397,86.4,30.672463220289305,0.015083,0.026118460157520767,0,0,1.0,17,1,benign,0
0.141959,30,7502.0,211.32862305313503,52846.24433815396,242.00000000000003,535.626051146382,0.004895137931034482,0.012459442161681863,0,1,0.0,6,1,benign,0
1e-06,2,0.0,2000000.0,0.0,0.0,0.0,1e-06,0.0,0,1,0.0,6,1,syn_flood,1
0.000195,4,0.0,20512.82051282051,0.0,0.0,0.0,6.5e-05,0.00010998636279102968,0,0,3.0,6,1,benign,0
0.020825,4,156.0,192.0768307322929,7490.996398559424,37.4,8.763560920082657,0.006941666666666666,0.012018989239255245,0,0,1.0,17,1,benign,0
31.79814,8,0.0,0.2515870425125495,0.0,0.0,0.0,4.542591428571428,7.096505143108961,0,1,0.0,6,0,udp_flood,1
0.020858,4,402.0,191.77294083804767,19273.1805542238,89.6,59.70175876806311,0.006952666666666666,0.012037175762334507,0,0,1.0,17,1,benign,0
0.020617,4,456.0,194.014648105932,22117.66988407625,101.2,70.10848736066126,0.006872333333333334,0.01189803434745981,0,0,1.0,17,1,benign,0
5.255381,7,0.0,1.3319681294277237,0.0,0.0,0.0,0.8758968333333332,2.1253624683629297,0,1,0.0,6,1,benign,0
0.020684,4,320.0,193.38619222587505,15470.895378070005,70.4,52.58136552049595,0.006894666666666666,0.011936716815495513,0,0,1.0,17,1,benign,0
0.000108,4,0.0,37037.03703703704,0.0,0.0,0.0,3.6e-05,6.062177826491071e-05,0,1,1.0,6,0,udp_flood,1
4e-06,3,62.0,750000.0,15500000.0,23.25,15.5,2e-06,1.4142135623730952e-06,0,0,0.0,6,1,benign,0
0.0401,4,0.0,99.75062344139651,0.0,0.0,0.0,0.013366666666666667,0.023148281714488732,0,0,3.0,6,1,benign,0
0.020692,4,364.0,193.31142470520007,17591.33964817321,84.6,35.05424368033063,0.006897333333333334,0.011941335617649028,0,0,1.0,17,1,benign,0
1e-06,2,2896.0,2000000.0,2896000000.0,1448.0,0.0,1e-06,0.0,0,0,0.0,17,3,dns_amplification,1
0.020591,4,228.0,194.25962799281243,11072.798795590305,54.2,15.336231610144653,0.006863666666666666,0.01188302324046088,0,0,1.0,17,1,benign,0
2e-06,2,1012.0,1000000.0,506000000.0,506.0,0.0,2e-06,0.0,0,0,0.0,17,8,pulsed_mixed_flood,1
1e-06,2,2944.0,2000000.0,2944000000.0,1472.0,0.0,1e-06,0.0,0,0,0.0,17,6,slowloris_low_rate,1
5.114072,27,7959.0,5.279550229249804,1556.294084244414,284.25000000000006,620.0313985478358,0.19669507692307692,0.9444087495651836,0,1,0.0,6,1,benign,0
1e-06,2,750.0,2000000.0,750000000.0,375.0,0.0,1e-06,0.0,0,0,0.0,17,8,pulsed_mixed_flood,1
36.650515,4,0.0,0.1091389848137195,0.0,0.0,0.0,12.216838333333332,21.16018383516302,0,1,0.0,6,0,udp_flood,1
1e-06,2,0.0,2000000.0,0.0,0.0,0.0,1e-06,0.0,0,0,0.0,6,1,benign,0
2e-06,2,2944.0,1000000.0,1472000000.0,1472.0,0.0,2e-06,0.0,0,0,0.0,17,6,slowloris_low_rate,1
0.000142,2,0.0,14084.50704225352,0.0,0.0,0.0,0.000142,0.0,0,0,1.0,6,1,http_get_flood,1
0.000163,3,0.0,18404.907975460126,0.0,0.0,0.0,8.15e-05,0.00011101576464628796,0,0,2.0,6,1,benign,0
2e-06,2,2944.0,1000000.0,1472000000.0,1472.0,0.0,2e-06,0.0,0,0,0.0,17,6,slowloris_low_rate,1
0.014009,122,53680.0,8708.6872724677,3831822.399885788,440.0,0.0,0.00011577685950413225,0.0005945965927641378,0,0,0.0,17,4,icmp_flood,1
53.755405,10,307.0,0.1860278050179326,5.711053614050531,32.09090909090909,21.082953044839545,5.972822777777777,17.894882422357195,0,0,0.0,6,1,benign,0
1e-06,2,2944.0,2000000.0,2944000000.0,1472.0,0.0,1e-06,0.0,0,0,0.0,17,3,dns_amplification,1
1e-06,2,2944.0,2000000.0,2944000000.0,1472.0,0.0,1e-06,0.0,0,0,0.0,17,3,dns_amplification,1
1e-06,2,2944.0,2000000.0,2944000000.0,1472.0,0.0,1e-06,0.0,0,0,0.0,17,3,dns_amplification,1
1e-06,2,750.0,2000000.0,750000000.0,375.0,0.0,1e-06,0.0,0,0,0.0,17,8,pulsed_mixed_flood,1
2e-06,2,2896.0,1000000.0,1448000000.0,1448.0,0.0,2e-06,0.0,0,0,0.0,17,6,slowloris_low_rate,1
1e-06,2,0.0,2000000.0,0.0,0.0,0.0,1e-06,0.0,0,1,0.0,6,0,udp_flood,1
1e-06,2,31.0,2000000.0,31000000.0,20.666666666666664,17.8978583448784,1e-06,0.0,0,0,0.0,6,1,benign,0
0.109018,6,400.0,55.036782916582574,3669.1188611055054,67.71428571428571,51.77423518094139,0.0218036,0.029852712427851508,0,0,0.0,6,1,benign,0
0.106491,4,1438.0,37.561859687673135,13503.48855771849,353.6,32.3156308928048,0.035497,0.06148087547359747,0,0,0.0,17,8,pulsed_mixed_flood,1
0.020623,4,228.0,193.95820200746743,11055.61751442564,54.2,15.336231610144653,0.006874333333333334,0.011901498449074946,0,0,1.0,17,1,benign,0
0.020721,4,290.0,193.04087640557887,13995.463539404467,66.6,32.3156308928048,0.006907,0.011958078817268266,0,0,1.0,17,1,benign,0
0.000132,2,0.0,15151.515151515148,0.0,0.0,0.0,0.000132,0.0,0,0,1.0,6,1,http_get_flood,1
0.102521,2,0.0,19.508198320344125,0.0,0.0,0.0,0.102521,0.0,0,0,1.0,6,1,benign,0
0.000101,4,0.0,39603.96039603961,0.0,0.0,0.0,3.3666666666666674e-05,5.658032638058332e-05,0,1,1.0,6,1,syn_flood,1
2e-06,2,2944.0,1000000.0,1472000000.0,1472.0,0.0,2e-06,0.0,0,0,0.0,17,3,dns_amplification,1
0.106117,4,1438.0,37.694243146715415,13551.080411244193,353.6,32.3156308928048,0.035372333333333325,0.06126494646478795,0,0,0.0,17,8,pulsed_mixed_flood,1
0.063507,4,580.0,62.98518273576142,9132.851496685404,122.6,122.6898528811572,0.021169,0.03666231945744842,0,0,1.0,17,1,benign,0
0.028788,2,0.0,69.47339169098235,0.0,0.0,0.0,0.028788,0.0,0,0,1.0,6,1,benign,0
0.081742,24,15029.0,293.60671380685574,183858.9709084681,601.1600000000002,834.7056207629929,0.003554,0.008520469539985353,0,1,1.0,6,1,benign,0
1e-06,2,2944.0,2000000.0,2944000000.0,1472.0,0.0,1e-06,0.0,0,0,0.0,17,6,slowloris_low_rate,1
0.020814,8,690.0,384.3566830018257,33150.763908907466,81.1111111111111,48.76331726934819,0.0029734285714285713,0.007819844219615096,0,0,1.0,17,1,benign,0
0.045186,4,536.0,88.52299384765196,11862.08117558536,117.6,89.82649943084725,0.015062,0.026083819141375753,0,0,1.0,17,1,benign,0
0.020676,4,496.0,193.46101760495264,23989.166183014127,115.8,44.913249715423625,0.006892,0.011932964049220963,0,0,1.0,17,1,benign,0
0.020558,4,272.0,194.5714563673509,13230.859032979864,61.6,35.05424368033063,0.006852666666666666,0.01186397068157762,0,0,1.0,17,1,benign,0
4.5e-05,2,766.0,44444.444444444445,17022222.22222222,383.0,0.0,4.5e-05,0.0,0,0,0.0,17,8,pulsed_mixed_flood,1
7.8e-05,3,0.0,38461.53846153846,0.0,0.0,0.0,3.9e-05,5.091168824543142e-05,0,0,2.0,6,1,benign,0
0.020658,4,288.0,193.62958660083265,13941.33023525995,66.0,32.863353450309965,0.006886,0.011922571744384682,0,0,1.0,17,1,benign,0
0.045975,4,300.0,87.00380641653072,6525.285481239804,69.4,30.672463220289305,0.015325,0.026541080554491368,0,0,1.0,17,1,benign,0
1e-06,2,31.0,2000000.0,31000000.0,20.666666666666664,17.8978583448784,1e-06,0.0,0,0,0.0,6,1,benign,0
1e-06,2,0.0,2000000.0,0.0,0.0,0.0,1e-06,0.0,0,1,0.0,6,0,udp_flood,1
7.162437,10,0.0,1.3961728389373618,0.0,0.0,0.0,0.7958263333333335,1.4104350749034853,0,1,4.0,6,1,benign,0
116.862986,69,12168.0,0.590435024482431,104.12193301307566,173.8285714285714,424.5058839976829,1.7185733235294125,9.877925305083481,0,1,0.0,6,1,benign,0
0.528255,29,13912.0,54.89772931633397,26335.76587064959,463.73333333333335,766.4095840832844,0.01886625,0.04245388321603067,0,1,0.0,6,1,benign,0
0.020846,4,496.0,191.8833349323611,23793.533531612786,111.2,70.10848736066126,0.006948666666666666,0.012031113594897745,0,0,1.0,17,1,benign,0
0.020592,4,300.0,194.25019425019423,14568.764568764567,67.4,41.62691437039263,0.006864,0.011884466626651784,0,0,1.0,17,1,benign,0
0.000123,3,0.0,24390.243902439022,0.0,0.0,0.0,6.15e-05,8.414570696119915e-05,0,0,2.0,6,1,benign,0
117.086744,40,2622.0,0.3416270589948253,22.393653717110794,63.95121951219512,131.9361495609737,3.002224205128205,13.043408033264335,0,1,0.0,6,1,benign,0
1e-06,2,750.0,2000000.0,750000000.0,375.0,0.0,1e-06,0.0,0,0,0.0,17,8,pulsed_mixed_flood,1
1e-06,2,750.0,2000000.0,750000000.0,375.0,0.0,1e-06,0.0,0,0,0.0,17,8,pulsed_mixed_flood,1
0.053352,3,37.0,56.23031938821413,693.5072724546408,18.5,21.361959960016154,0.026676,0.037724146776302314,0,0,2.0,6,1,benign,0
0.020711,4,132.0,193.134083337357,6373.42475013278,31.4,8.763560920082657,0.0069036666666666665,0.011952305272763631,0,0,1.0,17,1,benign,0
0.020882,4,410.0,191.55253328225265,19634.134661430897,91.4,60.79720388307344,0.006960666666666666,0.012053630255376733,0,0,1.0,17,1,benign,0
1e-06,2,0.0,2000000.0,0.0,0.0,0.0,1e-06,0.0,0,1,0.0,6,1,syn_flood,1
9.012791,6,0.0,0.6657205298558461,0.0,0.0,0.0,1.8025582,2.686401199212005,0,1,0.0,6,1,benign,0
0.000157,3,0.0,19108.280254777063,0.0,0.0,0.0,7.85e-05,0.0001081873375215418,0,0,2.0,6,1,benign,0
0.055547,4,0.0,72.011089707815,0.0,0.0,0.0,0.018515666666666666,0.028573698121407618,0,0,3.0,6,1,benign,0
0.020561,4,280.0,194.5430669714508,13618.014688001556,63.2,37.24513391035129,0.006853666666666666,0.011865702732385188,0,0,1.0,17,1,benign,0
0.020729,4,140.0,192.9663756090501,6753.823146316754,33.4,8.763560920082657,0.006909666666666666,0.011963563613461223,0,0,1.0,17,1,benign,0
0.000227,3,0.0,13215.859030837008,0.0,0.0,0.0,0.0001135,0.0001576848122046001,0,0,2.0,6,1,benign,0
0.10932,4,1398.0,36.589828027808274,12788.144895718991,345.6,21.36117974270148,0.03644,0.0630735005608536,0,0,0.0,17,0,udp_flood,1
0.000117,3,0.0,25641.02564102564,0.0,0.0,0.0,5.85e-05,7.990306627407988e-05,0,0,2.0,6,1,benign,0
1e-06,2,2944.0,2000000.0,2944000000.0,1472.0,0.0,1e-06,0.0,0,0,0.0,17,3,dns_amplification,1
0.000276,4,0.0,14492.753623188406,0.0,0.0,0.0,9.2e-05,8.906739021662193e-05,0,0,3.0,6,1,benign,0
1e-06,2,31.0,2000000.0,31000000.0,20.666666666666664,17.8978583448784,1e-06,0.0,0,0,0.0,6,1,benign,0
1e-06,2,0.0,2000000.0,0.0,0.0,0.0,1e-06,0.0,0,1,0.0,6,0,udp_flood,1
0.063385,2,0.0,31.553206594620185,0.0,0.0,0.0,0.063385,0.0,0,0,1.0,6,1,benign,0
0.000101,3,0.0,29702.970297029704,0.0,0.0,0.0,5.05e-05,6.717514421272203e-05,0,0,2.0,6,1,benign,0
0.066639,4,156.0,60.02491033779018,2340.971503173817,37.4,8.763560920082657,0.022213,0.038470580486912334,0,0,1.0,17,1,benign,0
0.054812,4,484.0,72.97672042618404,8830.183171568271,106.2,81.06293851076458,0.018270666666666664,0.0316439909040142,0,0,1.0,17,1,benign,0
0.215051,6,2088.0,27.900358519606986,9709.324764823228,344.1428571428572,33.61759743263722,0.0430102,0.05888768973817872,0,0,0.0,17,8,pulsed_mixed_flood,1
0.045417,4,438.0,88.07274808992226,9643.965915846493,98.0,62.9880941130941,0.015139,0.02621718705353417,0,0,1.0,17,1,benign,0
0.059814,2,0.0,33.4369879961213,0.0,0.0,0.0,0.059814,0.0,0,0,1.0,6,1,benign,0
7.199397,10,0.0,1.3890052180759027,0.0,0.0,0.0,0.799933,1.429574666616176,0,1,4.0,6,1,benign,0
1e-06,2,2928.0,2000000.0,2928000000.0,1464.0,0.0,1e-06,0.0,0,0,0.0,17,3,dns_amplification,1
0.106524,4,1398.0,37.55022342382937,13123.803086628366,345.6,21.36117974270148,0.035508,0.06149992802434812,0,0,0.0,17,8,pulsed_mixed_flood,1
0.000206,5,31.0,24271.844660194176,150485.43689320388,5.166666666666667,12.655697004379752,5.15e-05,5.974668749534711e-05,0,0,4.0,6,1,benign,0
0.000538,4,31.0,7434.944237918216,57620.81784386617,12.4,16.97939928266015,0.00017933333333333332,0.00015895387171545504,0,0,3.0,6,1,benign,0
60.04847,50,5268.0,0.8326606822788324,87.72912948489778,103.29411764705884,214.6430799366844,1.225478979591837,8.392786565416317,0,1,0.0,6,1,benign,0
1e-06,2,2944.0,2000000.0,2944000000.0,1472.0,0.0,1e-06,0.0,0,0,0.0,17,6,slowloris_low_rate,1
3e-06,2,0.0,666666.6666666665,0.0,0.0,0.0,3e-06,0.0,0,0,0.0,6,1,http_get_flood,1
7.199492,10,0.0,1.3889868896305462,0.0,0.0,0.0,0.7999435555555555,1.4295857053043473,0,1,4.0,6,1,benign,0
1e-06,2,0.0,2000000.0,0.0,0.0,0.0,1e-06,0.0,0,1,0.0,6,0,udp_flood,1
0.021064,4,216.0,189.897455374098,10254.462590201292,50.8,17.527121840165314,0.007021333333333334,0.012155243902667413,0,0,1.0,17,1,benign,0
9.8e-05,2,0.0,20408.163265306124,0.0,0.0,0.0,9.8e-05,0.0,0,0,0.0,6,1,benign,0
33.640576,6,0.0,0.1783560424173474,0.0,0.0,0.0,6.7281152,9.263816401086364,0,1,0.0,6,0,udp_flood,1
7.362709,10,0.0,1.3581957401820444,0.0,0.0,0.0,0.8180787777777779,1.468681728720673,0,1,4.0,6,1,benign,0
1e-06,2,0.0,2000000.0,0.0,0.0,0.0,1e-06,0.0,0,0,0.0,6,1,benign,0
0.020588,4,160.0,194.287934719254,7771.517388770158,38.4,8.763560920082657,0.006862666666666666,0.011880425174771031,0,0,1.0,17,1,benign,0
0.020811,4,62.0,192.20604488011148,2979.193695641728,12.4,16.97939928266015,0.006937,0.012011772392115995,0,0,3.0,6,1,benign,0
0.060655,4,694.0,65.9467480009892,11441.760778171629,145.2,155.005483773962,0.020218333333333335,0.03501744852688918,0,0,1.0,17,1,benign,0
0.020556,4,290.0,194.59038723487055,14107.803074528118,66.6,32.3156308928048,0.006852,0.011863682016979385,0,0,1.0,17,1,benign,0
0.020611,4,290.0,194.07112706807044,14070.156712435108,66.6,32.3156308928048,0.006870333333333334,0.011895436281756683,0,0,1.0,17,1,benign,0
0.011279,6,2496.0,531.962053373526,221296.2142033868,419.4285714285714,35.1324026261472,0.0022558,0.003095729833173431,0,0,0.0,17,4,icmp_flood,1
1e-06,2,2944.0,2000000.0,2944000000.0,1472.0,0.0,1e-06,0.0,0,0,0.0,17,6,slowloris_low_rate,1
0.000857,28,11888.0,32672.112018669777,13871645.274212368,425.1034482758621,55.70223439195377,3.174074074074075e-05,3.8830591224121404e-05,0,0,0.0,17,4,icmp_flood,1
0.020645,4,244.0,193.7515136837007,11818.84233470574,55.8,28.48157299026864,0.006881666666666666,0.011915932247765318,0,0,1.0,17,1,benign,0
0.02067,4,288.0,193.5171746492501,13933.236574746008,66.0,32.863353450309965,0.00689,0.011928633911726858,0,0,1.0,17,1,benign,0
0.000196,2,0.0,10204.081632653062,0.0,0.0,0.0,0.000196,0.0,0,0,1.0,6,1,http_get_flood,1
0.000322,4,0.0,12422.360248447205,0.0,0.0,0.0,0.00010733333333333332,0.0001055003949439685,0,0,3.0,6,1,benign,0
1e-06,2,2944.0,2000000.0,2944000000.0,1472.0,0.0,1e-06,0.0,0,0,0.0,17,6,slowloris_low_rate,1
9.5e-05,4,0.0,42105.26315789473,0.0,0.0,0.0,3.1666666666666666e-05,5.398456569551462e-05,0,1,1.0,6,0,udp_flood,1
0.055512,4,0.0,72.05649228995533,0.0,0.0,0.0,0.018504,0.030148506546759487,0,0,3.0,6,1,benign,0
0.232365,67,34298.0,288.33946592645185,147603.98510963356,504.3823529411765,983.7698740340994,0.003520681818181816,0.013304745786209684,0,1,1.0,6,1,benign,0
3.2e-05,6,1920.0,187500.0,60000000.0,337.1428571428572,175.66201313073597,6.4000000000000006e-06,1.2641202474448384e-05,0,0,0.0,17,4,icmp_flood,1
110.257517,55,6550.0,0.4988322020710842,59.40638042846548,116.98214285714286,459.27201253016335,2.0418058703703705,4.061219932445083,0,0,1.0,6,1,benign,0
0.020648,4,180.0,193.72336303758237,8717.551336691206,41.8,17.527121840165314,0.006882666666666666,0.011916798241697864,0,0,1.0,17,1,benign,0
0.217292,6,2088.0,27.612613441820223,9609.189477753438,344.1428571428572,33.61759743263722,0.0434584,0.05950978301338361,0,0,0.0,17,8,pulsed_mixed_flood,1
1e-06,2,2944.0,2000000.0,2944000000.0,1472.0,0.0,1e-06,0.0,0,0,0.0,17,3,dns_amplification,1
30.024944,1702,2034244.0,56.68620064703534,67751.79997005156,1194.5061655901368,1110.837618052754,0.017651348618459732,0.6930443464217365,0,1,1.0,6,1,benign,0
1e-06,2,750.0,2000000.0,750000000.0,375.0,0.0,1e-06,0.0,0,0,0.0,17,8,pulsed_mixed_flood,1
0.058684,2,0.0,34.08083975189149,0.0,0.0,0.0,0.058684,0.0,0,0,1.0,6,1,benign,0
0.020608,4,200.0,194.0993788819876,9704.96894409938,48.4,8.763560920082657,0.006869333333333334,0.0118928381950371,0,0,1.0,17,1,benign,0
1e-06,2,802.0,2000000.0,802000000.0,401.0,0.0,1e-06,0.0,0,0,0.0,17,8,pulsed_mixed_flood,1
1e-06,2,750.0,2000000.0,750000000.0,375.0,0.0,1e-06,0.0,0,0,0.0,17,8,pulsed_mixed_flood,1
0.00126,46,20240.0,36507.93650793652,16063492.063492063,440.0,0.0,2.8e-05,7.734544706586278e-05,0,0,0.0,17,4,icmp_flood,1
1e-06,2,1715.0,2000000.0,1715000000.0,1133.0,954.3599949704512,1e-06,0.0,0,0,0.0,6,1,benign,0
1e-06,2,0.0,2000000.0,0.0,0.0,0.0,1e-06,0.0,0,1,0.0,6,1,syn_flood,1
1e-06,2,2944.0,2000000.0,2944000000.0,1472.0,0.0,1e-06,0.0,0,0,0.0,17,6,slowloris_low_rate,1
0.020824,4,196.0,192.0860545524395,9412.216673069535,47.4,8.763560920082657,0.006941333333333334,0.012021009954797197,0,0,1.0,17,1,benign,0
0.057735,4,610.0,69.28206460552525,10565.5148523426,131.2,116.6649047486004,0.019245,0.033328987668394615,0,0,1.0,17,1,benign,0
0.139668,4,424.0,28.63934473179254,3035.7705415700093,96.4,52.58136552049595,0.046556,0.08063302727170796,0,0,1.0,17,1,benign,0
0.00158,4,123.0,2531.645569620253,77848.10126582277,33.8,19.979989989987484,0.0005266666666666667,0.0009078834359835704,0,0,0.0,6,1,benign,0
2e-06,2,766.0,1000000.0,383000000.0,383.0,0.0,2e-06,0.0,0,0,0.0,17,8,pulsed_mixed_flood,1
4e-06,3,62.0,750000.0,15500000.0,23.25,15.5,2e-06,1.4142135623730952e-06,0,0,0.0,6,1,benign,0
1e-06,2,802.0,2000000.0,802000000.0,401.0,0.0,1e-06,0.0,0,0,0.0,17,8,pulsed_mixed_flood,1
1e-06,2,0.0,2000000.0,0.0,0.0,0.0,1e-06,0.0,0,1,0.0,6,1,syn_flood,1
0.020843,4,536.0,191.91095331766056,25716.06774456652,117.6,89.82649943084725,0.006947666666666666,0.0120276494932856,0,0,1.0,17,1,benign,0
0.000302,54,23472.0,178807.94701986754,77721854.30463576,434.7636363636364,27.204277738486773,5.698113207547172e-06,1.37695105014113e-05,0,0,0.0,17,4,icmp_flood,1
1e-06,2,802.0,2000000.0,802000000.0,401.0,0.0,1e-06,0.0,0,0,0.0,17,8,pulsed_mixed_flood,1
1e-06,2,2944.0,2000000.0,2944000000.0,1472.0,0.0,1e-06,0.0,0,0,0.0,17,3,dns_amplification,1
0.000197,3,0.0,15228.426395939086,0.0,0.0,0.0,9.85e-05,0.0001364716087690037,0,0,2.0,6,1,benign,0
0.020634,4,224.0,193.85480275273815,10855.86895415334,50.6,29.57701810527897,0.006878,0.011910447388742374,0,0,1.0,17,1,benign,0
1e-06,2,0.0,2000000.0,0.0,0.0,0.0,1e-06,0.0,0,1,0.0,6,0,udp_flood,1
0.020619,4,380.0,193.9958290896746,18429.603763519084,82.2,70.10848736066126,0.006873,0.011899189047998188,0,0,1.0,17,1,benign,0
35.698103,8,0.0,0.2241015439952089,0.0,0.0,0.0,5.099728999999999,9.23264887513024,0,1,0.0,6,0,udp_flood,1
9.7e-05,3,0.0,30927.8350515464,0.0,0.0,0.0,4.85e-05,6.434671708797581e-05,0,0,2.0,6,1,http_get_flood,1
58.674146,53,10380.0,0.903293931197567,176.90926426095746,192.22222222222211,435.40667031346567,1.1283489615384614,8.098398582060042,0,1,0.0,6,1,benign,0
4.3e-05,2,2944.0,46511.62790697674,68465116.27906977,1472.0,0.0,4.3e-05,0.0,0,0,0.0,17,3,dns_amplification,1
9.014167,6,0.0,0.6656189085469573,0.0,0.0,0.0,1.8028334,2.6849759280286483,0,1,0.0,6,1,benign,0
9.015578,6,0.0,0.6655147346071434,0.0,0.0,0.0,1.8031156000000002,2.686703749181104,0,1,0.0,6,1,benign,0
0.02069,4,156.0,193.330111164814,7539.874335427743,37.4,8.763560920082657,0.006896666666666666,0.01194018091711065,0,0,1.0,17,1,benign,0
0.000149,3,0.0,20134.228187919463,0.0,0.0,0.0,7.45e-05,0.0001025304832720494,0,0,2.0,6,1,benign,0
0.020713,4,224.0,193.1154347511225,10814.46434606286,53.2,15.336231610144653,0.006904333333333334,0.011954326009162259,0,0,1.0,17,1,benign,0
1e-06,2,2944.0,2000000.0,2944000000.0,1472.0,0.0,1e-06,0.0,0,0,0.0,17,6,slowloris_low_rate,1
2e-06,2,2944.0,1000000.0,1472000000.0,1472.0,0.0,2e-06,0.0,0,0,0.0,17,6,slowloris_low_rate,1
0.020571,4,184.0,194.44849545476643,8944.630790919256,43.2,15.336231610144653,0.006857,0.01187320828588465,0,0,1.0,17,1,benign,0
0.000544,14,5728.0,25735.29411764706,10529411.764705883,411.2,76.00300745929165,4.184615384615385e-05,4.824390488936773e-05,0,0,0.0,17,4,icmp_flood,1
1e-06,2,750.0,2000000.0,750000000.0,375.0,0.0,1e-06,0.0,0,0,0.0,17,8,pulsed_mixed_flood,1
0.045401,4,262.0,88.10378626021453,5770.798000044051,61.6,21.36117974270148,0.015133666666666669,0.026207083419055487,0,0,1.0,17,1,benign,0
1e-06,2,2944.0,2000000.0,2944000000.0,1472.0,0.0,1e-06,0.0,0,0,0.0,17,6,slowloris_low_rate,1
0.006327,4,1760.0,632.211158526948,278172.9097518571,440.0,0.0,0.002109,0.003612262033684711,0,0,0.0,17,4,icmp_flood,1
0.020564,4,232.0,194.5146858587824,11281.851779809374,56.4,8.763560920082657,0.006854666666666666,0.01186743478319276,0,0,1.0,17,1,benign,0
0.000189,3,0.0,15873.015873015873,0.0,0.0,0.0,9.45e-05,0.0001294005409571382,0,0,0.0,6,1,benign,0
1e-06,2,0.0,2000000.0,0.0,0.0,0.0,1e-06,0.0,0,1,0.0,6,1,syn_flood,1
7.951375,4,0.0,0.503057647262266,0.0,0.0,0.0,2.650458333333333,4.5907276306522835,0,1,0.0,6,0,udp_flood,1
0.859493,9,720.0,10.471289469489571,837.7031575591658,72.0,151.78932768808218,0.107436625,0.2799284832865798,0,1,0.0,6,1,benign,0
0.020832,4,220.0,192.0122887864824,10560.675883256528,52.2,15.336231610144653,0.006944,0.012022164655335578,0,0,1.0,17,1,benign,0
0.020779,4,304.0,192.5020453342317,14630.15544540161,69.4,36.14968879534096,0.006926333333333334,0.011994163177701616,0,0,1.0,17,1,benign,0
0.132427,9,754.0,67.96197150127996,5693.702945773898,75.39999999999998,158.95715705113054,0.016553375,0.03102546014825105,0,1,0.0,6,1,benign,0
1e-06,2,2944.0,2000000.0,2944000000.0,1472.0,0.0,1e-06,0.0,0,0,0.0,17,6,slowloris_low_rate,1
0.020574,4,226.0,194.4201419267036,10984.738018858754,52.0,24.647515087732486,0.006858,0.011874074321815576,0,0,1.0,17,1,benign,0
0.001256,6,2352.0,4777.0700636942665,1872611.464968153,398.8571428571428,70.2648052522944,0.0002512,0.0003540949025332052,0,0,0.0,17,4,icmp_flood,1
0.0003,5,154.0,16666.666666666668,513333.33333333343,33.333333333333336,17.90716802475106,7.5e-05,0.0001460022830871719,0,0,0.0,6,1,benign,0
1e-06,2,0.0,2000000.0,0.0,0.0,0.0,1e-06,0.0,0,1,0.0,6,1,syn_flood,1
0.021015,4,192.0,190.3402331667856,9136.331192005711,46.4,8.763560920082657,0.007005,0.012129551846626488,0,0,1.0,17,1,benign,0
1e-06,2,766.0,2000000.0,766000000.0,383.0,0.0,1e-06,0.0,0,0,0.0,17,8,pulsed_mixed_flood,1
0.032386,2,0.0,61.755079355276976,0.0,0.0,0.0,0.032386,0.0,0,0,1.0,6,1,benign,0
1e-06,2,2896.0,2000000.0,2896000000.0,1448.0,0.0,1e-06,0.0,0,0,0.0,17,6,slowloris_low_rate,1
0.02066,4,512.0,193.6108422071636,24782.18780251694,115.2,70.10848736066126,0.006886666666666666,0.011923726444922046,0,0,1.0,17,1,benign,0
0.05362,21,2622.0,391.644908616188,48899.66430436404,119.18181818181814,217.81460801150016,0.002681,0.007573689805052614,0,1,0.0,6,1,benign,0
0.020801,4,62.0,192.2984471900389,2980.625931445604,12.4,16.97939928266015,0.006933666666666666,0.012006864966898447,0,0,3.0,6,1,benign,0
0.000189,3,0.0,15873.015873015873,0.0,0.0,0.0,9.45e-05,0.0001294005409571382,0,0,2.0,6,1,benign,0
1e-06,2,2736.0,2000000.0,2736000000.0,1368.0,0.0,1e-06,0.0,0,0,0.0,17,6,slowloris_low_rate,1
115.486873,59,2632.0,0.5108805742796413,22.790469008542644,43.86666666666668,172.95198380060566,1.991152982758621,3.963249208695109,0,1,0.0,6,1,benign,0
0.045577,4,184.0,87.76356495600851,4037.123987976392,43.2,15.336231610144653,0.015192333333333332,0.02630783104578052,0,0,1.0,17,1,benign,0
3e-06,2,84.0,666666.6666666665,28000000.0,42.0,0.0,3e-06,0.0,0,0,0.0,17,3,dns_amplification,1
1e-06,2,0.0,2000000.0,0.0,0.0,0.0,1e-06,0.0,0,1,0.0,6,1,syn_flood,1
0.107678,4,1398.0,37.14779249243114,12983.153476104682,345.6,21.36117974270148,0.03589266666666667,0.06212722316612367,0,0,0.0,17,8,pulsed_mixed_flood,1
5.953112,7,0.0,1.175855586120335,0.0,0.0,0.0,0.9921853333333336,2.410243977516605,0,1,0.0,6,1,benign,0
0.106895,4,1438.0,37.41989803077787,13452.45334206464,353.6,32.3156308928048,0.03563166666666667,0.06171412497421747,0,0,0.0,17,8,pulsed_mixed_flood,1
0.032558,2,0.0,61.42883469500585,0.0,0.0,0.0,0.032558,0.0,0,0,1.0,6,1,benign,0
70.708254,46,2222.0,0.6505605413478319,31.424902671193102,48.255319148936174,53.112459884707135,1.5712945333333335,8.89699185395346,0,0,1.0,6,1,benign,0
25.34834,6,0.0,0.2367018905379997,0.0,0.0,0.0,5.069668,6.964945161018282,0,1,0.0,6,0,udp_flood,1
0.004941,62,27280.0,12548.067192875937,5521149.564865412,440.0,0.0,8.100000000000002e-05,0.0003271035513921139,0,0,0.0,17,4,icmp_flood,1
7.354021,10,0.0,1.3598003051663845,0.0,0.0,0.0,0.8171134444444444,1.4681766304852517,0,1,4.0,6,1,benign,0
1e-06,2,2944.0,2000000.0,2944000000.0,1472.0,0.0,1e-06,0.0,0,0,0.0,17,6,slowloris_low_rate,1
7.244851,10,0.0,1.3802906367570569,0.0,0.0,0.0,0.8049834444444445,1.4391224818107136,0,1,4.0,6,1,benign,0
1e-06,2,0.0,2000000.0,0.0,0.0,0.0,1e-06,0.0,0,1,0.0,6,0,udp_flood,1
5.279157,21,6002.0,3.9779078364216094,1136.9239444858338,272.81818181818187,419.70643213738,0.26395785000000005,1.1175670542504976,0,1,0.0,6,1,http_get_flood,1
5.721861,21,6588.0,3.6701345943216728,1151.3736527329131,299.45454545454544,433.7911201612314,0.28609305,1.1218688086314528,0,1,0.0,6,1,http_get_flood,1
4.9e-05,2,766.0,40816.32653061225,15632653.06122449,383.0,0.0,4.9e-05,0.0,0,0,0.0,17,0,udp_flood,1
1e-06,2,880.0,2000000.0,880000000.0,440.0,0.0,1e-06,0.0,0,0,0.0,17,4,icmp_flood,1
1e-06,2,968.0,2000000.0,968000000.0,484.0,0.0,1e-06,0.0,0,0,0.0,17,8,pulsed_mixed_flood,1
0.000107,4,0.0,37383.17757009346,0.0,0.0,0.0,3.566666666666667e-05,6.004442799572108e-05,0,1,1.0,6,0,udp_flood,1
0.241272,15,2990.0,62.17049636924302,12392.65227626911,186.875,374.17195244967246,0.017233714285714286,0.06415927592799343,0,1,0.0,6,1,http_get_flood,1
1e-06,2,2944.0,2000000.0,2944000000.0,1472.0,0.0,1e-06,0.0,0,0,0.0,17,3,dns_amplification,1
7.780492,21,5904.0,2.6990581058370093,758.8209074696048,268.3636363636364,418.0832163069642,0.3890246,1.2498814427447618,0,1,0.0,6,1,http_get_flood,1
5.070822,24,9517.0,4.732960454932159,1876.8160270662236,380.68,770.8084349131976,0.22047052173913048,1.0318482370846571,0,1,0.0,6,1,benign,0
0.061355,4,164.0,65.19436068780051,2672.9687881998207,38.2,15.336231610144653,0.020451666666666663,0.035418129613706786,0,0,1.0,17,1,benign,0
0.000136,3,0.0,22058.82352941177,0.0,0.0,0.0,6.8e-05,9.19238815542512e-05,0,0,2.0,6,1,benign,0
0.02049,4,224.0,195.21717911176185,10932.162030258662,53.2,15.336231610144653,0.00683,0.011825576899246818,0,0,1.0,17,1,benign,0
1e-06,2,2944.0,2000000.0,2944000000.0,1472.0,0.0,1e-06,0.0,0,0,0.0,17,6,slowloris_low_rate,1
0.107847,4,1398.0,37.08958060956726,12962.808423043754,345.6,21.36117974270148,0.035949,0.062263762430485994,0,0,0.0,17,8,pulsed_mixed_flood,1
0.04083,4,0.0,97.96718099436688,0.0,0.0,0.0,0.01361,0.02357147944020485,0,0,3.0,6,1,benign,0
4.5e-05,2,0.0,44444.444444444445,0.0,0.0,0.0,4.5e-05,0.0,0,1,0.0,6,0,udp_flood,1
1e-06,2,766.0,2000000.0,766000000.0,383.0,0.0,1e-06,0.0,0,0,0.0,17,8,pulsed_mixed_flood,1
2e-06,3,1322.0,1500000.0,661000000.0,653.25,736.5190085802268,1e-06,0.0,0,0,0.0,6,1,benign,0
37.13476,6,0.0,0.1615736846017047,0.0,0.0,0.0,7.426952,10.17537261170086,0,1,0.0,6,0,udp_flood,1
0.000218,3,0.0,13761.467889908256,0.0,0.0,0.0,0.000109,0.00015132085117392118,0,0,0.0,6,1,benign,0
4.8e-05,2,0.0,41666.66666666666,0.0,0.0,0.0,4.8e-05,0.0,0,1,0.0,6,0,udp_flood,1
0.000104,4,0.0,38461.53846153846,0.0,0.0,0.0,3.466666666666667e-05,2.9263173671584788e-05,0,1,1.0,6,1,syn_flood,1
1e-06,2,2944.0,2000000.0,2944000000.0,1472.0,0.0,1e-06,0.0,0,0,0.0,17,6,slowloris_low_rate,1
1e-06,2,0.0,2000000.0,0.0,0.0,0.0,1e-06,0.0,0,1,0.0,6,0,udp_flood,1
0.020836,4,294.0,191.9754271453254,14110.193895181415,69.4,22.456624857711805,0.006945333333333334,0.012024474056412337,0,0,1.0,17,1,benign,0
1e-06,2,2944.0,2000000.0,2944000000.0,1472.0,0.0,1e-06,0.0,0,0,0.0,17,6,slowloris_low_rate,1
0.000221,3,0.0,13574.660633484162,0.0,0.0,0.0,0.0001105,0.00015202795795510774,0,0,2.0,6,1,benign,0
0.000209,3,0.0,14354.066985645932,0.0,0.0,0.0,0.0001045,0.0001435426765808691,0,0,2.0,6,1,benign,0
1e-06,2,2944.0,2000000.0,2944000000.0,1472.0,0.0,1e-06,0.0,0,0,0.0,17,6,slowloris_low_rate,1
1e-06,2,2944.0,2000000.0,2944000000.0,1472.0,0.0,1e-06,0.0,0,0,0.0,17,6,slowloris_low_rate,1
1e-06,2,31.0,2000000.0,31000000.0,20.666666666666664,17.8978583448784,1e-06,0.0,0,0,0.0,6,1,benign,0
0.045217,4,438.0,88.4623040007077,9686.622288077491,98.0,62.9880941130941,0.015072333333333332,0.026101716999717344,0,0,1.0,17,1,benign,0
0.079122,4,528.0,50.55483936199793,6673.238795783725,116.2,86.54016408581623,0.026374,0.045679375948014016,0,0,1.0,17,1,benign,0
102.655079,315,232618.0,3.068528153390248,2266.0154983661355,736.1329113924053,961.8719454383408,0.32692700318471335,4.108196457727983,0,1,1.0,6,1,benign,0
1e-06,2,766.0,2000000.0,766000000.0,383.0,0.0,1e-06,0.0,0,0,0.0,17,8,pulsed_mixed_flood,1
0.000208,2,0.0,9615.384615384615,0.0,0.0,0.0,0.000208,0.0,0,0,1.0,6,1,http_get_flood,1
1e-06,2,31.0,2000000.0,31000000.0,20.666666666666664,17.8978583448784,1e-06,0.0,0,0,0.0,6,1,benign,0
1e-06,2,0.0,2000000.0,0.0,0.0,0.0,1e-06,0.0,0,1,0.0,6,1,syn_flood,1
0.020557,4,330.0,194.58092134066257,16052.92601060466,76.4,33.411076007815126,0.0068523333333333335,0.01186425936724806,0,0,1.0,17,1,benign,0
0.054783,13,16084.0,237.29989230235657,293594.7282916233,1148.857142857143,1060.9121515971967,0.00456525,0.013574623980226687,0,0,3.0,6,1,benign,0
0.000191,3,0.0,15706.806282722511,0.0,0.0,0.0,9.55e-05,0.00013222896808188435,0,0,2.0,6,1,benign,0
0.046063,4,290.0,86.83759199357401,6295.7254195341175,66.6,32.3156308928048,0.015354333333333333,0.02658928929725903,0,0,1.0,17,1,benign,0
90.849008,12,0.0,0.1320872980803488,0.0,0.0,0.0,8.259000727272726,9.75638663008978,0,1,0.0,6,1,syn_flood,1
1e-06,2,0.0,2000000.0,0.0,0.0,0.0,1e-06,0.0,0,1,0.0,6,1,syn_flood,1
0.004404,12,4704.0,2724.7956403269754,1068119.8910081745,395.6923076923077,108.15373673262872,0.00040036363636363636,0.0006673500240094807,0,0,0.0,17,4,icmp_flood,1
0.040904,2,0.0,48.89497359671425,0.0,0.0,0.0,0.040904,0.0,0,0,1.0,6,1,benign,0
1e-06,2,0.0,2000000.0,0.0,0.0,0.0,1e-06,0.0,0,1,0.0,6,1,syn_flood,1
0.054819,2,0.0,36.483700906619966,0.0,0.0,0.0,0.054819,0.0,0,0,1.0,6,1,benign,0
14.341537,12,0.0,0.8367304006537095,0.0,0.0,0.0,1.3037760909090907,2.5572613638877217,0,1,5.0,6,1,benign,0
0.020614,4,200.0,194.04288347724847,9702.144173862423,48.4,8.763560920082657,0.006871333333333334,0.01189630229665224,0,0,1.0,17,1,benign,0
0.020592,4,314.0,194.25019425019423,15248.64024864025,70.8,42.17463692789779,0.006864,0.011883600590730068,0,0,1.0,17,1,benign,0
1e-06,2,0.0,2000000.0,0.0,0.0,0.0,1e-06,0.0,0,1,0.0,6,0,udp_flood,1
0.020876,4,262.0,191.6075876604713,12550.296991760875,61.4,22.456624857711805,0.006958666666666666,0.012051032168795058,0,0,1.0,17,1,benign,0
0.055566,13,1362.0,233.95601626894145,24511.39185833064,97.28571428571428,166.8446668525634,0.0046305,0.010319914036816041,0,1,0.0,6,1,benign,0
119.075176,258,117956.0,2.1666984561080977,990.601097242972,455.4285714285716,759.3128355831245,0.46332753307393004,5.104044485303868,0,1,1.0,6,1,benign,0
1e-06,2,2944.0,2000000.0,2944000000.0,1472.0,0.0,1e-06,0.0,0,0,0.0,17,6,slowloris_low_rate,1
0.000665,6,2900.0,9022.556390977445,4360902.255639099,480.71428571428567,21.07695649846284,0.000133,0.00016228370220080636,0,0,0.0,17,8,pulsed_mixed_flood,1
1e-06,2,0.0,2000000.0,0.0,0.0,0.0,1e-06,0.0,0,1,0.0,6,1,syn_flood,1
31.907988,6,0.0,0.1880406874917967,0.0,0.0,0.0,6.381597599999999,8.762154649772611,0,1,0.0,6,0,udp_flood,1
1e-06,2,0.0,2000000.0,0.0,0.0,0.0,1e-06,0.0,0,1,0.0,6,1,syn_flood,1
0.044445,4,286.0,89.9988750140623,6434.919563505457,65.4,33.411076007815126,0.014815,0.025655136561710208,0,0,1.0,17,1,benign,0
0.006651,26,11440.0,3909.1865884829353,1720042.0989324911,440.0,0.0,0.00026604,0.0007462593092663345,0,0,0.0,17,4,icmp_flood,1
1e-06,2,0.0,2000000.0,0.0,0.0,0.0,1e-06,0.0,0,1,0.0,6,0,udp_flood,1
0.105072,4,1398.0,38.06913354652048,13305.162174508909,345.6,21.36117974270148,0.035024,0.060661615433484764,0,0,0.0,17,8,pulsed_mixed_flood,1
28.08415,6,0.0,0.2136436388496714,0.0,0.0,0.0,5.61683,7.699768122229526,0,1,0.0,6,0,udp_flood,1
0.000246,6,2640.0,24390.243902439022,10731707.31707317,440.0,0.0,4.92e-05,8.636376555014263e-05,0,0,0.0,17,4,icmp_flood,1
0.000146,2,0.0,13698.6301369863,0.0,0.0,0.0,0.000146,0.0,0,0,1.0,6,1,http_get_flood,1
1e-06,2,766.0,2000000.0,766000000.0,383.0,0.0,1e-06,0.0,0,0,0.0,17,8,pulsed_mixed_flood,1
0.054951,2,0.0,36.39606194609743,0.0,0.0,0.0,0.054951,0.0,0,0,1.0,6,1,benign,0
0.00025,52,22880.0,208000.0,91520000.0,440.0,0.0,4.9019607843137265e-06,1.2249497788825115e-05,0,0,0.0,17,4,icmp_flood,1
2e-06,3,0.0,1500000.0,0.0,0.0,0.0,1e-06,0.0,0,0,2.0,6,1,http_get_flood,1
0.020633,4,232.0,193.8641981292105,11244.123491494209,56.4,8.763560920082657,0.0068776666666666665,0.01190813798766765,0,0,1.0,17,1,benign,0
30.034457,15,2874.0,0.4994263755126319,95.69009354822028,179.625,354.8347737562747,2.1453183571428567,8.001775793314396,0,1,0.0,6,1,benign,0
0.000997,200,88000.0,200601.80541624877,88264794.38314945,440.0,0.0,5.010050251256286e-06,1.303917560670584e-05,0,0,0.0,17,4,icmp_flood,1
0.000402,88,38576.0,218905.47263681595,95960199.00497513,438.3820224719101,10.731755784901276,4.620689655172411e-06,1.2378940649824138e-05,0,0,0.0,17,4,icmp_flood,1
0.00018,2,0.0,11111.111111111111,0.0,0.0,0.0,0.00018,0.0,0,0,1.0,6,1,http_get_flood,1
1e-06,2,802.0,2000000.0,802000000.0,401.0,0.0,1e-06,0.0,0,0,0.0,17,8,pulsed_mixed_flood,1
1e-06,2,2944.0,2000000.0,2944000000.0,1472.0,0.0,1e-06,0.0,0,0,0.0,17,6,slowloris_low_rate,1
1e-06,2,0.0,2000000.0,0.0,0.0,0.0,1e-06,0.0,0,1,0.0,6,1,syn_flood,1
1e-06,2,2944.0,2000000.0,2944000000.0,1472.0,0.0,1e-06,0.0,0,0,0.0,17,6,slowloris_low_rate,1
0.054412,4,264.0,73.51319561861355,4851.870910828494,60.4,30.672463220289305,0.018137333333333335,0.031410452724106565,0,0,1.0,17,1,benign,0
0.000158,3,0.0,18987.3417721519,0.0,0.0,0.0,7.9e-05,0.00010889444430272828,0,0,2.0,6,1,benign,0
1e-06,2,0.0,2000000.0,0.0,0.0,0.0,1e-06,0.0,0,1,0.0,6,0,udp_flood,1
0.109207,4,1438.0,36.627688701273726,13167.654088107904,353.6,32.3156308928048,0.03640233333333333,0.0630489587965839,0,0,0.0,17,8,pulsed_mixed_flood,1
1e-06,2,0.0,2000000.0,0.0,0.0,0.0,1e-06,0.0,0,1,0.0,6,0,udp_flood,1
1e-06,2,766.0,2000000.0,766000000.0,383.0,0.0,1e-06,0.0,0,0,0.0,17,8,pulsed_mixed_flood,1
9.012178,6,0.0,0.6657658115496609,0.0,0.0,0.0,1.8024356000000001,2.684712830163834,0,1,0.0,6,1,benign,0
116.696884,65,4024.0,0.556998591324855,34.482497407557176,60.96969696969694,166.57518235106747,1.8233888125,3.8076480730471713,0,1,0.0,6,1,benign,0
1e-06,2,2928.0,2000000.0,2928000000.0,1464.0,0.0,1e-06,0.0,0,0,0.0,17,6,slowloris_low_rate,1
13.807618,4,0.0,0.289695152342714,0.0,0.0,0.0,4.6025393333333335,7.971830237116714,0,1,0.0,6,0,udp_flood,1
0.035172,4,416.0,113.72682815876264,11827.590128511316,101.2,15.336231610144653,0.011724,0.02030223354707556,0,0,1.0,17,1,benign,0
1e-06,2,2944.0,2000000.0,2944000000.0,1472.0,0.0,1e-06,0.0,0,0,0.0,17,6,slowloris_low_rate,1
2e-06,2,2944.0,1000000.0,1472000000.0,1472.0,0.0,2e-06,0.0,0,0,0.0,17,6,slowloris_low_rate,1
0.020638,4,132.0,193.8172303517783,6395.968601608683,31.4,8.763560920082657,0.006879333333333334,0.011910158703112792,0,0,1.0,17,1,benign,0
9.6e-05,3,0.0,31250.0,0.0,0.0,0.0,4.8e-05,6.505382386916237e-05,0,0,2.0,6,1,http_get_flood,1
0.108231,6,400.0,55.43698201069935,3695.79880071329,67.71428571428571,51.77423518094139,0.0216462,0.03015345569250729,0,0,0.0,6,1,benign,0
0.00038,20,46720.0,52631.57894736842,122947368.42105262,2294.285714285714,987.1401695229072,2e-05,2.1273353180811807e-05,0,0,0.0,6,1,benign,0
30.065005,4,0.0,0.1330450468908952,0.0,0.0,0.0,10.021668333333333,17.357993696634452,0,1,0.0,6,0,udp_flood,1
0.058966,2,0.0,33.91785096496286,0.0,0.0,0.0,0.058966,0.0,0,0,1.0,6,1,benign,0
0.108036,4,1438.0,37.02469547187975,13310.378022140769,353.6,32.3156308928048,0.036012,0.06237288163136284,0,0,0.0,17,8,pulsed_mixed_flood,1
0.020709,4,132.0,193.1527355256169,6374.040272345356,31.4,8.763560920082657,0.006903,0.011953748658893575,0,0,1.0,17,1,benign,0
0.020849,4,62.0,191.85572449517963,2973.763729675284,12.4,16.97939928266015,0.0069496666666666665,0.012033711702269313,0,0,3.0,6,1,benign,0
1e-06,2,2944.0,2000000.0,2944000000.0,1472.0,0.0,1e-06,0.0,0,0,0.0,17,6,slowloris_low_rate,1
0.000221,44,19072.0,199095.0226244344,86298642.53393665,433.6,30.01090710815895,5.13953488372093e-06,1.3475871551192164e-05,0,0,0.0,17,4,icmp_flood,1
1e-06,2,31.0,2000000.0,31000000.0,20.666666666666664,17.8978583448784,1e-06,0.0,0,0,0.0,6,1,benign,0
1e-06,2,0.0,2000000.0,0.0,0.0,0.0,1e-06,0.0,0,1,0.0,6,1,syn_flood,1
0.047855,4,288.0,83.58583220144185,6018.1799185038135,66.0,32.863353450309965,0.01595166666666667,0.027624767009575547,0,0,1.0,17,1,benign,0
0.535452,28,16484.0,52.29226896155024,30785.205770078363,568.4137931034484,870.7345633446256,0.019831555555555557,0.04446653488111407,0,1,0.0,6,1,benign,0
0.314123,27,11362.0,85.95359142756182,36170.54465925769,405.78571428571433,730.2151056566144,0.012081653846153846,0.03762383967533596,0,1,1.0,6,1,benign,0
1e-06,2,0.0,2000000.0,0.0,0.0,0.0,1e-06,0.0,0,1,0.0,6,1,syn_flood,1
1e-06,2,2944.0,2000000.0,2944000000.0,1472.0,0.0,1e-06,0.0,0,0,0.0,17,6,slowloris_low_rate,1
1e-06,2,0.0,2000000.0,0.0,0.0,0.0,1e-06,0.0,0,1,0.0,6,1,syn_flood,1
0.000733,146,63808.0,199181.44611186895,87050477.48976807,437.0612244897959,25.10831999033249,5.055172413793103e-06,1.368179006235459e-05,0,0,0.0,17,4,icmp_flood,1
0.020709,4,300.0,193.1527355256169,14486.455164421264,69.4,30.672463220289305,0.006903,0.011951150572225252,0,0,1.0,17,1,benign,0
4.8e-05,2,0.0,41666.66666666666,0.0,0.0,0.0,4.8e-05,0.0,0,1,0.0,6,1,syn_flood,1
1e-06,2,2944.0,2000000.0,2944000000.0,1472.0,0.0,1e-06,0.0,0,0,0.0,17,6,slowloris_low_rate,1
1e-06,2,2944.0,2000000.0,2944000000.0,1472.0,0.0,1e-06,0.0,0,0,0.0,17,6,slowloris_low_rate,1
1e-06,2,0.0,2000000.0,0.0,0.0,0.0,1e-06,0.0,0,1,0.0,6,0,udp_flood,1
34.402774,10,0.0,0.2906742345835251,0.0,0.0,0.0,3.822530444444445,6.054051044877866,0,1,0.0,6,0,udp_flood,1
0.020605,4,220.0,194.1276389225916,10677.02014074254,52.2,15.336231610144653,0.006868333333333334,0.011891106144229528,0,0,1.0,17,1,benign,0
2e-06,2,802.0,1000000.0,401000000.0,401.0,0.0,2e-06,0.0,0,0,0.0,17,8,pulsed_mixed_flood,1
0.034636,68,29920.0,1963.275204989029,863841.0901951727,440.0,0.0,0.0005169552238805968,0.0023607228440563647,0,0,0.0,17,4,icmp_flood,1
8.7e-05,3,0.0,34482.758620689645,0.0,0.0,0.0,4.35e-05,5.868986283848344e-05,0,0,0.0,6,1,benign,0
0.015325,4,0.0,261.01141924959217,0.0,0.0,0.0,0.005108333333333334,0.00854138076269483,0,0,3.0,6,1,benign,0
1e-06,2,31.0,2000000.0,31000000.0,20.666666666666664,17.8978583448784,1e-06,0.0,0,0,0.0,6,1,benign,0
0.043434,13,1664.0,299.3046921766358,38311.00059860938,118.85714285714285,195.1026779545964,0.0036195,0.008095850525255065,0,1,0.0,6,1,benign,0
1e-06,2,2944.0,2000000.0,2944000000.0,1472.0,0.0,1e-06,0.0,0,0,0.0,17,3,dns_amplification,1
1e-06,2,2896.0,2000000.0,2896000000.0,1448.0,0.0,1e-06,0.0,0,0,0.0,17,3,dns_amplification,1
0.000134,3,0.0,22388.059701492533,0.0,0.0,0.0,6.7e-05,9.050966799187808e-05,0,0,2.0,6,1,http_get_flood,1
1e-06,2,2944.0,2000000.0,2944000000.0,1472.0,0.0,1e-06,0.0,0,0,0.0,17,6,slowloris_low_rate,1
9.9e-05,3,0.0,30303.030303030304,0.0,0.0,0.0,4.95e-05,6.717514421272203e-05,0,0,2.0,6,1,benign,0
4.8e-05,2,2944.0,41666.66666666666,61333333.33333333,1472.0,0.0,4.8e-05,0.0,0,0,0.0,17,6,slowloris_low_rate,1
0.216348,6,2088.0,27.733096677575016,9651.117643796106,344.1428571428572,33.61759743263722,0.0432696,0.05925552615832553,0,0,0.0,17,8,pulsed_mixed_flood,1
1e-06,2,750.0,2000000.0,750000000.0,375.0,0.0,1e-06,0.0,0,0,0.0,17,8,pulsed_mixed_flood,1
0.000222,3,0.0,13513.513513513511,0.0,0.0,0.0,0.000111,0.00015414927829866739,0,0,2.0,6,1,benign,0
0.000733,76,33440.0,103683.49249658936,45620736.69849931,440.0,0.0,9.773333333333332e-06,1.8484159276097578e-05,0,0,0.0,17,4,icmp_flood,1
0.000147,3,0.0,20408.163265306124,0.0,0.0,0.0,7.35e-05,0.0001011162697096763,0,0,2.0,6,1,benign,0
0.109442,4,1398.0,36.54903967398257,12773.889366056908,345.6,21.36117974270148,0.03648066666666667,0.06318463610984346,0,0,0.0,17,8,pulsed_mixed_flood,1
1e-06,2,2944.0,2000000.0,2944000000.0,1472.0,0.0,1e-06,0.0,0,0,0.0,17,6,slowloris_low_rate,1
0.469468,34,35594.0,72.42240152683462,75817.73411606331,1016.9714285714284,1213.136830595749,0.014226303030303028,0.05024878553226737,0,1,1.0,6,1,benign,0
0.046722,4,408.0,85.61277342579513,8732.502889431104,89.0,71.20393247567159,0.015574,0.026973227226270127,0,0,1.0,17,1,benign,0
1e-06,2,31.0,2000000.0,31000000.0,20.666666666666664,17.8978583448784,1e-06,0.0,0,0,0.0,6,1,benign,0
1e-06,2,2944.0,2000000.0,2944000000.0,1472.0,0.0,1e-06,0.0,0,0,0.0,17,6,slowloris_low_rate,1
1e-06,2,2928.0,2000000.0,2928000000.0,1464.0,0.0,1e-06,0.0,0,0,0.0,17,6,slowloris_low_rate,1
4.6e-05,2,2944.0,43478.260869565216,64000000.0,1472.0,0.0,4.6e-05,0.0,0,0,0.0,17,3,dns_amplification,1
2e-06,2,2944.0,1000000.0,1472000000.0,1472.0,0.0,2e-06,0.0,0,0,0.0,17,6,slowloris_low_rate,1
0.104493,4,196.0,38.2800761773516,1875.723732690228,47.4,8.763560920082657,0.034831,0.06032386552600886,0,0,1.0,17,1,benign,0
1e-06,2,2928.0,2000000.0,2928000000.0,1464.0,0.0,1e-06,0.0,0,0,0.0,17,3,dns_amplification,1
0.020699,4,280.0,193.24605053384224,13527.223537368956,64.6,29.57701810527897,0.006899666666666666,0.011929788612265237,0,0,1.0,17,1,benign,0
0.020685,4,132.0,193.376843123036,6381.435823060189,31.4,8.763560920082657,0.006895,0.011938160201639111,0,0,1.0,17,1,benign,0
0.000696,4,123.0,5747.126436781609,176724.1379310345,33.8,19.979989989987484,0.000232,0.00040010373654841066,0,0,0.0,6,1,benign,0
0.000184,3,0.0,16304.347826086956,0.0,0.0,0.0,9.2e-05,0.00012727922061357857,0,0,2.0,6,1,benign,0
102.874076,107,23016.0,1.0401065473482356,223.7298345211869,213.1111111111109,407.3112046647905,0.970510150943396,7.061610201106788,0,1,1.0,6,1,benign,0
1e-06,2,0.0,2000000.0,0.0,0.0,0.0,1e-06,0.0,0,1,0.0,6,1,syn_flood,1
0.109311,4,1398.0,36.592840610734505,12789.197793451707,345.6,21.36117974270148,0.036437,0.06310813720115656,0,0,0.0,17,0,udp_flood,1
0.00011,3,0.0,27272.727272727272,0.0,0.0,0.0,5.5e-05,7.495331880577403e-05,0,0,2.0,6,1,benign,0
0.020658,4,280.0,193.62958660083265,13554.071062058283,64.6,29.57701810527897,0.006886,0.011921705708496582,0,0,1.0,17,1,benign,0
1e-06,2,750.0,2000000.0,750000000.0,375.0,0.0,1e-06,0.0,0,0,0.0,17,8,pulsed_mixed_flood,1
1e-06,2,31.0,2000000.0,31000000.0,20.666666666666664,17.8978583448784,1e-06,0.0,0,0,0.0,6,1,benign,0
0.000166,3,0.0,18072.289156626503,0.0,0.0,0.0,8.3e-05,0.0001145512985522207,0,0,2.0,6,1,benign,0
1e-06,2,2944.0,2000000.0,2944000000.0,1472.0,0.0,1e-06,0.0,0,0,0.0,17,3,dns_amplification,1
1e-06,2,31.0,2000000.0,31000000.0,20.666666666666664,17.8978583448784,1e-06,0.0,0,0,0.0,6,1,benign,0
1e-06,2,766.0,2000000.0,766000000.0,383.0,0.0,1e-06,0.0,0,0,0.0,17,8,pulsed_mixed_flood,1
1e-06,2,0.0,2000000.0,0.0,0.0,0.0,1e-06,0.0,0,0,0.0,6,1,benign,0
0.000165,3,0.0,18181.81818181818,0.0,0.0,0.0,8.25e-05,0.00011384419177103415,0,0,2.0,6,1,benign,0
0.020564,4,204.0,194.5146858587824,9920.2489787979,49.4,8.763560920082657,0.006854666666666666,0.011870898884807895,0,0,1.0,17,1,benign,0
0.040638,4,0.0,98.43004084846692,0.0,0.0,0.0,0.013546,0.023458896159026743,0,0,3.0,6,1,benign,0
0.020646,4,160.0,193.74212922600012,7749.685169040007,38.4,8.763560920082657,0.006882,0.01191477750526631,0,0,1.0,17,1,benign,0
0.054702,2,0.0,36.56173448868415,0.0,0.0,0.0,0.054702,0.0,0,0,1.0,6,1,benign,0
1e-06,2,0.0,2000000.0,0.0,0.0,0.0,1e-06,0.0,0,1,0.0,6,1,syn_flood,1
0.045103,4,132.0,88.68589672527327,2926.634591934018,31.4,8.763560920082657,0.015034333333333332,0.026034167018234584,0,0,1.0,17,1,benign,0
1e-06,2,2944.0,2000000.0,2944000000.0,1472.0,0.0,1e-06,0.0,0,0,0.0,17,6,slowloris_low_rate,1
117.424494,69,7396.0,0.5876116442962914,62.98515537993291,105.6571428571428,244.09346545079083,1.7268307941176477,3.71552640252944,0,1,0.0,6,1,benign,0
0.000719,12,4992.0,16689.847009735742,6942976.3560500685,417.8461538461538,54.076868366314365,6.536363636363638e-05,0.0001251728986061062,0,0,0.0,17,4,icmp_flood,1
1e-06,2,750.0,2000000.0,750000000.0,375.0,0.0,1e-06,0.0,0,0,0.0,17,8,pulsed_mixed_flood,1
4e-06,2,2944.0,500000.0,736000000.0,1472.0,0.0,4e-06,0.0,0,0,0.0,17,6,slowloris_low_rate,1
2e-06,2,2944.0,1000000.0,1472000000.0,1472.0,0.0,2e-06,0.0,0,0,0.0,17,6,slowloris_low_rate,1
1e-06,2,2944.0,2000000.0,2944000000.0,1472.0,0.0,1e-06,0.0,0,0,0.0,17,6,slowloris_low_rate,1
2e-06,2,2944.0,1000000.0,1472000000.0,1472.0,0.0,2e-06,0.0,0,0,0.0,17,6,slowloris_low_rate,1
0.020649,4,648.0,193.7139813066008,31381.66497166933,136.2,141.31241983633285,0.006883,0.011916509556073875,0,0,1.0,17,1,benign,0
1e-06,2,2944.0,2000000.0,2944000000.0,1472.0,0.0,1e-06,0.0,0,0,0.0,17,3,dns_amplification,1
0.000202,3,0.0,14851.485148514852,0.0,0.0,0.0,0.000101,0.0001385929291125633,0,0,2.0,6,1,benign,0
0.053487,17,1680.0,317.83424009572417,31409.501374165684,93.33333333333334,140.14110536086372,0.0033429375000000004,0.008370170794503938,0,1,0.0,6,1,benign,0
0.00023,3,0.0,13043.478260869562,0.0,0.0,0.0,0.000115,0.00015980613254815975,0,0,2.0,6,1,benign,0
0.020598,4,184.0,194.1936110301971,8932.906107389066,43.2,15.336231610144653,0.006866,0.011885332683606295,0,0,1.0,17,1,benign,0
4.6e-05,2,2944.0,43478.260869565216,64000000.0,1472.0,0.0,4.6e-05,0.0,0,0,0.0,17,3,dns_amplification,1
0.020575,4,290.0,194.4106925880924,14094.775212636696,66.6,32.3156308928048,0.006858333333333334,0.011874651672084255,0,0,1.0,17,1,benign,0
1e-06,2,0.0,2000000.0,0.0,0.0,0.0,1e-06,0.0,0,1,0.0,6,1,syn_flood,1
0.000188,2,0.0,10638.297872340429,0.0,0.0,0.0,0.000188,0.0,0,0,1.0,6,1,http_get_flood,1
1e-06,2,31.0,2000000.0,31000000.0,20.666666666666664,17.8978583448784,1e-06,0.0,0,0,0.0,6,1,benign,0
8.7e-05,3,0.0,34482.758620689645,0.0,0.0,0.0,4.35e-05,5.868986283848344e-05,0,0,2.0,6,1,benign,0
0.000111,4,0.0,36036.03603603604,0.0,0.0,0.0,3.7e-05,3.157530680769389e-05,0,1,1.0,6,1,syn_flood,1
0.024725,3,0.0,121.33468149646107,0.0,0.0,0.0,0.0123625,0.017478972524150267,0,0,2.0,6,1,benign,0
1e-06,2,0.0,2000000.0,0.0,0.0,0.0,1e-06,0.0,0,1,0.0,6,0,udp_flood,1
0.045057,4,264.0,88.7764387331602,5859.244956388576,64.4,8.763560920082657,0.015019,0.02601020697726183,0,0,1.0,17,1,benign,0
0.000297,4,0.0,13468.013468013469,0.0,0.0,0.0,9.9e-05,9.007219326740081e-05,0,0,3.0,6,1,benign,0
1e-06,2,2944.0,2000000.0,2944000000.0,1472.0,0.0,1e-06,0.0,0,0,0.0,17,6,slowloris_low_rate,1
0.020623,4,160.0,193.95820200746743,7758.328080298696,38.4,8.763560920082657,0.006874333333333334,0.011902364484980844,0,0,1.0,17,1,benign,0
0.233805,51,21916.0,218.1304933598512,93736.23318577449,421.46153846153845,861.2574587522653,0.0046761,0.015182871008179591,0,1,0.0,6,1,benign,0
0.000111,3,0.0,27027.027027027027,0.0,0.0,0.0,5.55e-05,7.707463914933369e-05,0,0,2.0,6,1,benign,0
0.090613,6,132.0,66.21566441901273,1456.74461721828,23.28571428571429,16.007438746973087,0.0181226,0.04027114328275272,0,0,1.0,6,1,benign,0
0.020607,4,224.0,194.1087979812685,10870.092686951037,50.6,29.57701810527897,0.006869,0.011893126880681969,0,0,1.0,17,1,benign,0
0.10788,4,1438.0,37.07823507601039,13329.625509825732,353.6,32.3156308928048,0.03596,0.06228281498936926,0,0,0.0,17,8,pulsed_mixed_flood,1
1e-06,2,802.0,2000000.0,802000000.0,401.0,0.0,1e-06,0.0,0,0,0.0,17,8,pulsed_mixed_flood,1
5.790423,25,9548.0,4.31747387021639,1648.9296205130438,367.2307692307692,758.3421026261067,0.24126762500000004,1.153709235929461,0,1,0.0,6,1,benign,0
0.045254,4,512.0,88.38997657665621,11313.917001811991,115.2,70.10848736066126,0.015084666666666668,0.026122212929484613,0,0,1.0,17,1,benign,0
1e-06,2,802.0,2000000.0,802000000.0,401.0,0.0,1e-06,0.0,0,0,0.0,17,8,pulsed_mixed_flood,1
2e-06,2,2944.0,1000000.0,1472000000.0,1472.0,0.0,2e-06,0.0,0,0,0.0,17,6,slowloris_low_rate,1
0.020635,4,156.0,193.8454082868912,7559.970923188756,37.4,8.763560920082657,0.0068783333333333335,0.01190669464349083,0,0,1.0,17,1,benign,0
0.104739,4,1398.0,38.19016794126353,13347.4636954716,345.6,21.36117974270148,0.034913,0.06042779334048199,0,0,0.0,17,8,pulsed_mixed_flood,1
0.105774,4,1398.0,37.81647663887156,13216.858585285609,345.6,21.36117974270148,0.035258,0.061066915322455916,0,0,0.0,17,8,pulsed_mixed_flood,1
14.532853,63,28640.0,4.335005659246674,1970.7073346162656,447.49999999999983,449.3681631265682,0.2344008548387097,0.7438886048956533,0,1,0.0,6,1,http_get_flood,1
0.020693,4,286.0,193.3020828299425,13821.098922340889,65.4,33.411076007815126,0.006897666666666666,0.01194191296791822,0,0,1.0,17,1,benign,0
6.8e-05,14,6160.0,205882.35294117648,90588235.29411764,440.0,0.0,5.230769230769232e-06,1.3645230217636776e-05,0,0,0.0,17,4,icmp_flood,1
2e-06,2,0.0,1000000.0,0.0,0.0,0.0,2e-06,0.0,0,0,1.0,6,1,http_get_flood,1
0.020822,4,312.0,192.10450485063876,14984.15137834982,71.6,35.05424368033063,0.006940666666666666,0.012016391152643682,0,0,1.0,17,1,benign,0
0.020604,4,204.0,194.1370607649,9900.9900990099,49.4,8.763560920082657,0.006868,0.011890528836010616,0,0,1.0,17,1,benign,0
0.02088,4,204.0,191.5708812260536,9770.114942528737,49.4,8.763560920082657,0.00696,0.012053341569871817,0,0,1.0,17,1,benign,0
7.25005,10,0.0,1.3793008324080525,0.0,0.0,0.0,0.8055611111111112,1.4399643218616083,0,1,4.0,6,1,benign,0
0.020826,4,160.0,192.06760779794487,7682.704311917795,38.4,8.763560920082657,0.006942,0.012019566589523932,0,0,1.0,17,1,benign,0
1e-06,2,2928.0,2000000.0,2928000000.0,1464.0,0.0,1e-06,0.0,0,0,0.0,17,6,slowloris_low_rate,1
2e-06,2,766.0,1000000.0,383000000.0,383.0,0.0,2e-06,0.0,0,0,0.0,17,8,pulsed_mixed_flood,1
1e-06,2,2944.0,2000000.0,2944000000.0,1472.0,0.0,1e-06,0.0,0,0,0.0,17,3,dns_amplification,1
1e-06,2,0.0,2000000.0,0.0,0.0,0.0,1e-06,0.0,0,1,0.0,6,0,udp_flood,1
1e-06,2,2848.0,2000000.0,2848000000.0,1424.0,0.0,1e-06,0.0,0,0,0.0,17,6,slowloris_low_rate,1
0.106638,4,1398.0,37.510080834224205,13109.773251561355,345.6,21.36117974270148,0.035546,0.06156574595503575,0,0,0.0,17,8,pulsed_mixed_flood,1
9.5e-05,3,0.0,31578.94736842105,0.0,0.0,0.0,4.75e-05,6.293250352560272e-05,0,0,2.0,6,1,benign,0
3e-06,3,0.0,1000000.0,0.0,0.0,0.0,1.5e-06,7.071067811865476e-07,0,0,0.0,6,1,benign,0
0.00022,3,0.0,13636.363636363636,0.0,0.0,0.0,0.00011,0.00015132085117392118,0,0,2.0,6,1,benign,0
0.000267,5,0.0,18726.59176029963,0.0,0.0,0.0,6.675e-05,7.71940196301933e-05,0,0,0.0,6,1,benign,0
1e-06,2,2944.0,2000000.0,2944000000.0,1472.0,0.0,1e-06,0.0,0,0,0.0,17,6,slowloris_low_rate,1
0.004665,10,3968.0,2143.6227224008576,850589.4962486603,400.7272727272728,87.37630217523619,0.0005183333333333335,0.000652064989092345,0,0,0.0,17,4,icmp_flood,1
17.227785,23,13210.0,1.335052648962127,766.7845866430304,550.4166666666667,971.3775479079746,0.7830811363636366,2.3242758359733773,0,1,1.0,6,1,benign,0
0.040413,2,0.0,49.48902580852696,0.0,0.0,0.0,0.040413,0.0,0,0,1.0,6,1,benign,0
0.055353,4,326.0,72.26347262117682,5889.47301862591,71.6,54.22453319301145,0.018451,0.03195287331367869,0,0,1.0,17,1,benign,0
0.020594,4,286.0,194.2313295134505,13887.540060211712,64.6,37.79285646785646,0.0068646666666666665,0.01188562132718914,0,0,1.0,17,1,benign,0
1e-06,2,2672.0,2000000.0,2672000000.0,1336.0,0.0,1e-06,0.0,0,0,0.0,17,3,dns_amplification,1
104.11104,18,0.0,0.1728923272690389,0.0,0.0,0.0,6.124178823529412,9.526696449203701,0,1,0.0,6,1,syn_flood,1
4.7e-05,2,2864.0,42553.191489361714,60936170.21276596,1432.0,0.0,4.7e-05,0.0,0,0,0.0,17,3,dns_amplification,1
1e-06,2,2944.0,2000000.0,2944000000.0,1472.0,0.0,1e-06,0.0,0,0,0.0,17,6,slowloris_low_rate,1
115.940844,73,9992.0,0.629631435148083,86.18188082191294,135.027027027027,336.9624576858236,1.6102894999999997,3.643288258105288,0,1,0.0,6,1,benign,0
1e-06,2,0.0,2000000.0,0.0,0.0,0.0,1e-06,0.0,0,1,0.0,6,1,syn_flood,1
0.020617,4,468.0,194.014648105932,22699.713828394044,102.0,82.15838362577492,0.006872333333333334,0.01189803434745981,0,0,1.0,17,1,benign,0
1e-06,2,2944.0,2000000.0,2944000000.0,1472.0,0.0,1e-06,0.0,0,0,0.0,17,3,dns_amplification,1
0.025538,3,0.0,117.47200250606936,0.0,0.0,0.0,0.012769,0.018053850337254932,0,0,2.0,6,1,benign,0
115.199849,77,7216.0,0.6684036538971505,62.6389709937901,92.5128205128205,335.04090634489535,1.5157874868421062,3.5549268213062772,0,1,0.0,6,1,benign,0
1e-06,2,0.0,2000000.0,0.0,0.0,0.0,1e-06,0.0,0,1,0.0,6,1,syn_flood,1
0.000118,3,37.0,25423.728813559326,313559.32203389826,9.25,18.5,5.9e-05,7.91959594928933e-05,0,0,2.0,6,1,benign,0
0.000113,3,0.0,26548.67256637168,0.0,0.0,0.0,5.65e-05,7.707463914933369e-05,0,0,2.0,6,1,http_get_flood,1
0.020549,4,264.0,194.6566742907197,12847.340503187505,60.4,30.672463220289305,0.006849666666666666,0.011858774529154915,0,0,1.0,17,1,benign,0
0.020614,4,132.0,194.04288347724847,6403.415154749199,31.4,8.763560920082657,0.006871333333333334,0.01189630229665224,0,0,1.0,17,1,benign,0
0.014073,200,88000.0,14211.610886093938,6253108.789881333,440.0,0.0,7.07185929648241e-05,0.0001169323434101275,0,0,0.0,17,4,icmp_flood,1
2e-06,2,2944.0,1000000.0,1472000000.0,1472.0,0.0,2e-06,0.0,0,0,0.0,17,8,pulsed_mixed_flood,1
0.000235,4,0.0,17021.276595744686,0.0,0.0,0.0,7.833333333333334e-05,0.00013394526245199317,0,1,1.0,6,1,syn_flood,1
2e-06,3,0.0,1500000.0,0.0,0.0,0.0,1e-06,0.0,0,0,0.0,6,1,benign,0
0.005015,200,88000.0,39880.35892323031,17547357.926221333,440.0,0.0,2.520100502512562e-05,5.0866827504759564e-05,0,0,0.0,17,4,icmp_flood,1
0.000116,3,0.0,25862.068965517246,0.0,0.0,0.0,5.8e-05,7.91959594928933e-05,0,0,2.0,6,1,http_get_flood,1
0.020599,4,256.0,194.18418369823775,12427.787756687218,58.8,28.48157299026864,0.006866333333333334,0.011887642042614393,0,0,1.0,17,1,benign,0
1e-06,2,0.0,2000000.0,0.0,0.0,0.0,1e-06,0.0,0,1,0.0,6,1,syn_flood,1
0.00016,3,0.0,18750.0,0.0,0.0,0.0,8e-05,0.00010889444430272828,0,0,2.0,6,1,benign,0
25.750537,8,0.0,0.3106731327583576,0.0,0.0,0.0,3.6786481428571434,6.404591202647791,0,1,0.0,6,0,udp_flood,1
1e-06,2,31.0,2000000.0,31000000.0,20.666666666666664,17.8978583448784,1e-06,0.0,0,0,0.0,6,1,benign,0
0.213192,6,2088.0,28.14364516492176,9793.988517392772,344.1428571428572,33.61759743263722,0.0426384,0.05845001476304347,0,0,0.0,17,8,pulsed_mixed_flood,1
1e-06,2,0.0,2000000.0,0.0,0.0,0.0,1e-06,0.0,0,1,0.0,6,0,udp_flood,1
0.020852,4,160.0,191.8281220026856,7673.124880107424,38.4,8.763560920082657,0.006950666666666666,0.01203284572880968,0,0,1.0,17,1,benign,0
15.448502,25,2510.0,1.6182798824118998,162.47530019415476,96.53846153846158,171.8974649654219,0.6436875833333335,2.194007409292113,0,1,1.0,6,1,benign,0
4.8e-05,2,0.0,41666.66666666666,0.0,0.0,0.0,4.8e-05,0.0,0,1,0.0,6,0,udp_flood,1
1e-06,2,766.0,2000000.0,766000000.0,383.0,0.0,1e-06,0.0,0,0,0.0,17,8,pulsed_mixed_flood,1
0.020556,4,288.0,194.59038723487055,14010.507880910682,66.0,32.863353450309965,0.006852,0.011864548073989165,0,0,1.0,17,1,benign,0
0.109801,4,1438.0,36.42954071456544,13096.419886886277,353.6,32.3156308928048,0.03660033333333333,0.06339190485648252,0,0,0.0,17,8,pulsed_mixed_flood,1
0.516692,30,15506.0,58.061669234282704,30010.14143822625,500.1935483870968,802.2722073109949,0.017816965517241375,0.03689729882049319,0,1,0.0,6,1,benign,0
0.020664,4,172.0,193.57336430507164,8323.65466511808,41.4,8.763560920082657,0.006888,0.011925169810111722,0,0,1.0,17,1,benign,0
30.037847,243,492536.0,8.089794185315613,16397.180530282352,2018.5901639344263,1214.71618222515,0.1241233347107438,1.899377381689209,0,1,3.0,6,1,benign,0
4.5e-05,2,0.0,44444.444444444445,0.0,0.0,0.0,4.5e-05,0.0,0,1,0.0,6,0,udp_flood,1
0.000206,42,17760.0,203883.49514563108,86213592.23300971,423.2558139534884,76.70974763392068,5.024390243902438e-06,1.244083559267232e-05,0,0,0.0,17,4,icmp_flood,1
0.020756,4,212.0,192.71535941414533,10213.9140489497,51.4,8.763560920082657,0.006918666666666666,0.011979152070715744,0,0,1.0,17,1,benign,0
0.020559,4,268.0,194.56199231480133,13035.653485091689,61.2,31.767908335299637,0.006853,0.011864548031846807,0,0,1.0,17,1,benign,0
1e-06,2,0.0,2000000.0,0.0,0.0,0.0,1e-06,0.0,0,1,0.0,6,1,syn_flood,1
0.021689,9,62.0,414.9568905896999,2858.591912951266,6.2,13.070747662029303,0.002711125,0.007575482510563743,0,0,2.0,6,1,benign,0
0.097491,18,29200.0,184.6324276087024,299514.8270096727,1536.842105263158,1416.6668730650006,0.005734764705882353,0.015509464064440669,0,0,5.0,6,1,benign,0
0.0208,4,288.0,192.3076923076923,13846.153846153848,66.0,32.863353450309965,0.006933333333333334,0.012004555482538006,0,0,1.0,17,1,benign,0
5.1e-05,2,0.0,39215.68627450981,0.0,0.0,0.0,5.1e-05,0.0,0,1,0.0,6,0,udp_flood,1
0.106694,4,1438.0,37.49039308677152,13477.79631469436,353.6,32.3156308928048,0.035564666666666675,0.06159807757011036,0,0,0.0,17,8,pulsed_mixed_flood,1
0.002687,48,20400.0,17863.78861183476,7592110.160029773,425.3061224489797,71.96938124462856,5.717021276595743e-05,0.0001179060641485298,0,0,0.0,17,4,icmp_flood,1
0.020887,4,294.0,191.506678795423,14075.74089146359,69.4,22.456624857711805,0.006962333333333334,0.012053918920141007,0,0,1.0,17,1,benign,0
0.005858,30,12624.0,5121.201775349949,2155001.707067258,421.4193548387096,71.92253897703573,0.00020200000000000003,0.0003204490153340644,0,0,0.0,17,4,icmp_flood,1
0.029587,2,0.0,67.59725555142461,0.0,0.0,0.0,0.029587,0.0,0,0,1.0,6,1,benign,0
3e-06,2,2944.0,666666.6666666665,981333333.3333333,1472.0,0.0,3e-06,0.0,0,0,0.0,17,0,udp_flood,1
0.020838,4,536.0,191.95700163163448,25722.238218639028,117.6,89.82649943084725,0.006946,0.012029092858565852,0,0,1.0,17,1,benign,0
0.106416,4,1438.0,37.58833258156668,13513.005563073222,353.6,32.3156308928048,0.035472,0.061437574195275645,0,0,0.0,17,8,pulsed_mixed_flood,1
0.020626,4,290.0,193.9299912731504,14059.924367303403,66.6,32.3156308928048,0.006875333333333334,0.011904096535786885,0,0,1.0,17,1,benign,0
0.0549,2,0.0,36.42987249544627,0.0,0.0,0.0,0.0549,0.0,0,0,1.0,6,1,benign,0
1e-06,2,2928.0,2000000.0,2928000000.0,1464.0,0.0,1e-06,0.0,0,0,0.0,17,6,slowloris_low_rate,1
0.091218,2,0.0,21.92549716064812,0.0,0.0,0.0,0.091218,0.0,0,0,1.0,6,1,benign,0
1e-06,2,0.0,2000000.0,0.0,0.0,0.0,1e-06,0.0,0,1,0.0,6,1,syn_flood,1
2e-06,2,2944.0,1000000.0,1472000000.0,1472.0,0.0,2e-06,0.0,0,0,0.0,17,3,dns_amplification,1
2e-06,2,2944.0,1000000.0,1472000000.0,1472.0,0.0,2e-06,0.0,0,0,0.0,17,3,dns_amplification,1
1e-06,2,0.0,2000000.0,0.0,0.0,0.0,1e-06,0.0,0,1,0.0,6,0,udp_flood,1
103.857678,401,224816.0,3.861053007559056,2164.6545958787947,559.2437810945272,838.0885063121913,0.2596441949999999,3.0695743182998405,0,1,1.0,6,1,benign,0
0.132103,63,22574.0,476.9006002891683,170881.81191948708,352.71875,780.5666738602603,0.002130693548387097,0.0068831933558051615,0,1,0.0,6,1,benign,0
0.000222,3,0.0,13513.513513513511,0.0,0.0,0.0,0.000111,0.00015273506473629427,0,0,2.0,6,1,benign,0
2e-06,2,766.0,1000000.0,383000000.0,383.0,0.0,2e-06,0.0,0,0,0.0,17,8,pulsed_mixed_flood,1
2e-06,2,2896.0,1000000.0,1448000000.0,1448.0,0.0,2e-06,0.0,0,0,0.0,17,6,slowloris_low_rate,1
0.057149,13,1362.0,227.47554637876428,23832.438012913608,97.28571428571428,166.8446668525634,0.004762416666666667,0.010487601176959854,0,1,0.0,6,1,benign,0
1e-06,2,0.0,2000000.0,0.0,0.0,0.0,1e-06,0.0,0,1,0.0,6,0,udp_flood,1
1e-06,2,2944.0,2000000.0,2944000000.0,1472.0,0.0,1e-06,0.0,0,0,0.0,17,3,dns_amplification,1
0.021521,4,496.0,185.8649690999489,23047.256168393666,111.2,70.10848736066126,0.007173666666666666,0.012423423092422368,0,0,1.0,17,1,benign,0
0.000193,3,0.0,15544.041450777202,0.0,0.0,0.0,9.65e-05,0.00013222896808188435,0,0,2.0,6,1,benign,0
1e-06,2,2944.0,2000000.0,2944000000.0,1472.0,0.0,1e-06,0.0,0,0,0.0,17,8,pulsed_mixed_flood,1
0.000255,3,0.0,11764.70588235294,0.0,0.0,0.0,0.0001275,0.00017606958851545032,0,0,0.0,6,1,benign,0
1e-06,2,0.0,2000000.0,0.0,0.0,0.0,1e-06,0.0,0,1,0.0,6,0,udp_flood,1
113.266785,52,0.0,0.4590931048321006,0.0,0.0,0.0,2.2209173529411763,4.045727669255753,0,0,0.0,17,1,benign,0
0.102052,2,0.0,19.59785207541253,0.0,0.0,0.0,0.102052,0.0,0,0,1.0,6,1,benign,0
1e-06,2,2944.0,2000000.0,2944000000.0,1472.0,0.0,1e-06,0.0,0,0,0.0,17,6,slowloris_low_rate,1
0.054651,2,0.0,36.59585368977695,0.0,0.0,0.0,0.054651,0.0,0,0,1.0,6,1,benign,0
0.026375,4,0.0,151.65876777251185,0.0,0.0,0.0,0.008791666666666668,0.015223283231068564,0,0,3.0,6,1,benign,0
0.142331,13,3948.0,91.33639193148365,27738.15964196134,282.0,553.9330701031002,0.011860916666666667,0.027513919136777868,0,1,0.0,6,1,benign,0
0.054647,3,0.0,54.89779859827622,0.0,0.0,0.0,0.0273235,0.03863702163081415,0,0,2.0,6,1,benign,0
1e-06,2,0.0,2000000.0,0.0,0.0,0.0,1e-06,0.0,0,1,0.0,6,0,udp_flood,1
15.154528,26,18220.0,1.715658844670055,1202.2809288418616,674.8148148148149,1157.0346393670145,0.6061811199999999,2.192322489033041,0,1,1.0,6,1,benign,0
4.5e-05,2,802.0,44444.444444444445,17822222.22222222,401.0,0.0,4.5e-05,0.0,0,0,0.0,17,8,pulsed_mixed_flood,1
0.020638,4,156.0,193.8172303517783,7558.871983719353,37.4,8.763560920082657,0.006879333333333334,0.011910158703112792,0,0,1.0,17,1,benign,0
0.040937,4,0.0,97.71111708234604,0.0,0.0,0.0,0.013645666666666667,0.023631523889358748,0,0,3.0,6,1,benign,0
0.020877,4,694.0,191.5984097331992,33242.32408871006,145.2,155.005483773962,0.006959,0.012051609519064248,0,0,1.0,17,1,benign,0
0.040877,2,0.0,48.92726961371922,0.0,0.0,0.0,0.040877,0.0,0,0,1.0,6,1,benign,0
32.109777,6,0.0,0.1868589744488104,0.0,0.0,0.0,6.421955400000001,8.80169647119141,0,1,0.0,6,0,udp_flood,1
35.617274,4,0.0,0.1123050573718808,0.0,0.0,0.0,11.872424666666667,20.563638401573648,0,0,0.0,17,1,benign,0
1e-06,2,2944.0,2000000.0,2944000000.0,1472.0,0.0,1e-06,0.0,0,0,0.0,17,3,dns_amplification,1
1e-06,2,802.0,2000000.0,802000000.0,401.0,0.0,1e-06,0.0,0,0,0.0,17,8,pulsed_mixed_flood,1
1.869659,36,12580.0,19.25484807657439,6728.499688980718,348.2972972972973,24.72612750475459,0.053418828571428566,0.05577076113535486,0,0,0.0,17,8,pulsed_mixed_flood,1
1e-06,2,0.0,2000000.0,0.0,0.0,0.0,1e-06,0.0,0,1,0.0,6,1,syn_flood,1
0.076135,4,84.0,52.53825441649702,1103.3033427464372,16.8,23.004347415216976,0.025378333333333336,0.04395483069394459,0,0,3.0,6,1,benign,0
0.000669,102,44880.0,152466.3677130045,67085201.79372197,440.0,0.0,6.623762376237623e-06,1.664983572600554e-05,0,0,0.0,17,4,icmp_flood,1
1e-06,2,726.0,2000000.0,726000000.0,363.0,0.0,1e-06,0.0,0,0,0.0,17,3,dns_amplification,1
0.020609,4,286.0,194.08996069678292,13877.43218981998,64.6,37.79285646785646,0.006869666666666666,0.011893415545306292,0,0,1.0,17,1,benign,0
0.02082,4,410.0,192.12295869356387,19692.603266090297,91.4,60.79720388307344,0.00694,0.01201696850291287,0,0,1.0,17,1,benign,0
0.000307,44,18784.0,143322.47557003258,61185667.75244301,427.2,60.0218142163179,7.139534883720933e-06,1.6171081471843257e-05,0,0,0.0,17,4,icmp_flood,1
0.000169,2,0.0,11834.31952662722,0.0,0.0,0.0,0.000169,0.0,0,0,1.0,6,1,http_get_flood,1
103.822846,75,12474.0,0.7223843584484286,120.14696649714264,164.13157894736847,392.47761183215744,1.4030114324324325,8.412411230171843,0,1,1.0,6,1,benign,0
1e-06,2,802.0,2000000.0,802000000.0,401.0,0.0,1e-06,0.0,0,0,0.0,17,8,pulsed_mixed_flood,1
1e-06,2,2944.0,2000000.0,2944000000.0,1472.0,0.0,1e-06,0.0,0,0,0.0,17,6,slowloris_low_rate,1
7.205733,10,0.0,1.387783865985598,0.0,0.0,0.0,0.800637,1.429737204436011,0,1,4.0,6,1,benign,0
0.05637,13,1362.0,230.61912364733013,24161.788185204896,97.28571428571428,166.8446668525634,0.004697500000000001,0.010266203542781441,0,1,0.0,6,1,benign,0
15.162002,33,27096.0,2.1764935791460784,1787.09909153158,796.9411764705882,1138.756124719623,0.4738125625,1.9458156081049656,0,1,1.0,6,1,benign,0
0.02064,4,332.0,193.79844961240312,16085.271317829458,74.2,48.199585060454616,0.00688,0.01191131340365117,0,0,1.0,17,1,benign,0
1e-06,2,2944.0,2000000.0,2944000000.0,1472.0,0.0,1e-06,0.0,0,0,0.0,17,3,dns_amplification,1
0.108743,6,400.0,55.17596534949376,3678.3976899662503,67.71428571428571,51.77423518094139,0.0217486,0.029776882682712103,0,0,0.0,6,1,benign,0
0.020629,4,284.0,193.90178874400115,13767.027000824082,65.4,30.672463220289305,0.006876333333333334,0.011905828586592929,0,0,1.0,17,1,benign,0
0.020529,4,200.0,194.84631496906812,9742.315748453408,48.4,8.763560920082657,0.006843,0.011848093559725126,0,0,1.0,17,1,benign,0
1e-06,2,2944.0,2000000.0,2944000000.0,1472.0,0.0,1e-06,0.0,0,0,0.0,17,6,slowloris_low_rate,1
0.020625,4,328.0,193.939393939394,15903.030303030302,74.2,42.72235948540296,0.006875,0.011902653149613324,0,0,1.0,17,1,benign,0
0.000216,3,0.0,13888.888888888889,0.0,0.0,0.0,0.000108,0.00014849242404917502,0,0,2.0,6,1,benign,0
0.020901,4,184.0,191.3784029472274,8803.406535572462,43.2,15.336231610144653,0.006967,0.012062867859675823,0,0,1.0,17,1,benign,0
1e-06,2,750.0,2000000.0,750000000.0,375.0,0.0,1e-06,0.0,0,0,0.0,17,8,pulsed_mixed_flood,1
4.969643,15,3342.0,3.018325461205161,672.4829127565099,208.875,393.2603675259772,0.3549745,1.327852762999825,0,1,0.0,6,1,http_get_flood,1
0.020635,4,694.0,193.8454082868912,33632.17833777562,145.2,155.005483773962,0.0068783333333333335,0.01190669464349083,0,0,1.0,17,1,benign,0
2e-06,2,2944.0,1000000.0,1472000000.0,1472.0,0.0,2e-06,0.0,0,0,0.0,17,6,slowloris_low_rate,1
4.5e-05,2,802.0,44444.444444444445,17822222.22222222,401.0,0.0,4.5e-05,0.0,0,0,0.0,17,8,pulsed_mixed_flood,1
2e-06,2,2944.0,1000000.0,1472000000.0,1472.0,0.0,2e-06,0.0,0,0,0.0,17,3,dns_amplification,1
1e-06,2,0.0,2000000.0,0.0,0.0,0.0,1e-06,0.0,0,1,0.0,6,1,syn_flood,1
58.001002,4,0.0,0.0689643258231987,0.0,0.0,0.0,19.333667333333334,33.48689238591721,0,0,0.0,17,1,benign,0
0.024851,2,0.0,80.47965876624683,0.0,0.0,0.0,0.024851,0.0,0,0,1.0,6,1,benign,0
0.020655,4,228.0,193.65770999757927,11038.48946986202,54.2,15.336231610144653,0.006885,0.011920839693578636,0,0,1.0,17,1,benign,0
1e-06,2,2896.0,2000000.0,2896000000.0,1448.0,0.0,1e-06,0.0,0,0,0.0,17,3,dns_amplification,1
0.000103,3,0.0,29126.213592233013,0.0,0.0,0.0,5.15e-05,6.85893577750951e-05,0,0,2.0,6,1,http_get_flood,1
0.020595,4,204.0,194.22189851905804,9905.31682447196,49.4,8.763560920082657,0.006865,0.011886198677457818,0,0,1.0,17,1,benign,0
1e-06,2,2944.0,2000000.0,2944000000.0,1472.0,0.0,1e-06,0.0,0,0,0.0,17,3,dns_amplification,1
1e-06,2,2944.0,2000000.0,2944000000.0,1472.0,0.0,1e-06,0.0,0,0,0.0,17,3,dns_amplification,1
2e-06,2,2944.0,1000000.0,1472000000.0,1472.0,0.0,2e-06,0.0,0,0,0.0,17,6,slowloris_low_rate,1
0.020819,4,484.0,192.13218694461796,23247.994620298763,106.2,81.06293851076458,0.006939666666666666,0.012018123203451251,0,0,1.0,17,1,benign,0
118.01932,61,12118.0,0.5168645269266083,102.67810389010886,195.45161290322585,444.4027739440418,1.9669886666666665,10.61741049331816,0,1,0.0,6,1,benign,0
0.0001,4,0.0,40000.0,0.0,0.0,0.0,3.333333333333333e-05,5.60029761113937e-05,0,1,1.0,6,1,syn_flood,1
116.872404,47,8218.0,0.4021479698492383,70.3160003451285,171.20833333333331,470.8639392550466,2.5407044347826084,11.955028818415553,0,1,0.0,6,1,benign,0
0.00016,2,0.0,12499.999999999998,0.0,0.0,0.0,0.00016,0.0,0,0,1.0,6,1,http_get_flood,1
76.697868,14,0.0,0.1825344089095148,0.0,0.0,0.0,5.899836,6.93238784513815,0,1,0.0,6,1,syn_flood,1
115.102276,59,2630.0,0.5125876051312834,22.849244093140264,43.83333333333334,172.8740274839777,1.984522,3.961920339372368,0,1,0.0,6,1,benign,0
0.044643,4,364.0,89.5997132809175,8153.573908563492,82.8,44.913249715423625,0.014881,0.025769451915009754,0,0,1.0,17,1,benign,0
0.020632,4,216.0,193.87359441644043,10469.174098487783,50.8,17.527121840165314,0.006877333333333334,0.011910158703112792,0,0,1.0,17,1,benign,0
0.020944,4,402.0,190.98548510313216,19194.041252864787,89.6,59.70175876806311,0.006981333333333334,0.012087693921229697,0,0,1.0,17,1,benign,0
0.020988,4,132.0,190.5850962454736,6289.308176100629,31.4,8.763560920082657,0.006996,0.012113097333052351,0,0,1.0,17,1,benign,0
0.020825,4,264.0,192.0768307322929,12677.070828331332,64.4,8.763560920082657,0.006941666666666666,0.012018123203451251,0,0,1.0,17,1,benign,0
0.149202,29,9521.0,194.3673677296551,63812.81752255332,317.3666666666666,618.8605482343494,0.005328642857142856,0.012714734952202577,0,1,0.0,6,1,benign,0
0.000552,4,1760.0,7246.376811594203,3188405.7971014488,440.0,0.0,0.000184,0.0003169652977851045,0,0,0.0,17,4,icmp_flood,1
0.015765,94,41360.0,5962.575325087218,2623533.143038376,440.0,0.0,0.000169516129032258,0.00022302059823484167,0,0,0.0,17,4,icmp_flood,1
0.068182,2,0.0,29.333255111319698,0.0,0.0,0.0,0.068182,0.0,0,0,1.0,6,1,benign,0
2e-06,2,0.0,1000000.0,0.0,0.0,0.0,2e-06,0.0,1,0,0.0,6,1,benign,0
0.00105,12,4704.0,11428.571428571431,4480000.0,395.6923076923077,108.15373673262872,9.545454545454543e-05,0.00013923746883390525,0,0,0.0,17,4,icmp_flood,1
2e-06,2,2944.0,1000000.0,1472000000.0,1472.0,0.0,2e-06,0.0,0,0,0.0,17,6,slowloris_low_rate,1
0.000205,3,0.0,14634.146341463416,0.0,0.0,0.0,0.0001025,0.00014071424945612295,0,0,2.0,6,1,benign,0
1e-06,2,2944.0,2000000.0,2944000000.0,1472.0,0.0,1e-06,0.0,0,0,0.0,17,3,dns_amplification,1
0.045305,4,232.0,88.29047566493765,5120.847588566385,56.4,8.763560920082657,0.015101666666666668,0.026152523823396726,0,0,1.0,17,1,benign,0
1e-06,2,16.0,2000000.0,16000000.0,8.0,0.0,1e-06,0.0,0,0,0.0,17,4,icmp_flood,1
0.000352,74,31984.0,210227.27272727276,90863636.36363636,432.32,46.711350550698825,4.8219178082191805e-06,1.2187587567495587e-05,0,0,0.0,17,4,icmp_flood,1
0.027718,4,1438.0,144.3105563171946,51879.64499603146,353.6,32.3156308928048,0.009239333333333332,0.01600126271059048,0,0,0.0,17,8,pulsed_mixed_flood,1
1e-06,2,31.0,2000000.0,31000000.0,20.666666666666664,17.8978583448784,1e-06,0.0,0,0,0.0,6,1,benign,0
6.1e-05,6,2352.0,98360.65573770492,38557377.04918033,398.8571428571428,70.2648052522944,1.22e-05,2.448877293781785e-05,0,0,0.0,17,4,icmp_flood,1
0.046888,4,262.0,85.30967411704488,5587.783654666439,61.6,21.36117974270148,0.015629333333333332,0.02706473728550368,0,0,1.0,17,1,benign,0
0.290625,93,58204.0,320.0,200271.8279569893,619.1914893617022,1032.863846970356,0.0031589673913043456,0.012592938918430462,0,1,1.0,6,1,benign,0
0.020652,4,228.0,193.6858415649816,11040.092969203954,50.6,35.05424368033063,0.006884,0.01191910764277259,0,0,1.0,17,1,benign,0
2e-06,2,0.0,1000000.0,0.0,0.0,0.0,2e-06,0.0,0,0,0.0,6,1,http_get_flood,1
2e-06,2,2944.0,1000000.0,1472000000.0,1472.0,0.0,2e-06,0.0,0,0,0.0,17,6,slowloris_low_rate,1
98.904346,14,0.0,0.1415509081875937,0.0,0.0,0.0,7.608026615384615,10.257689366467817,0,1,0.0,6,1,syn_flood,1
0.229286,32,7082.0,139.56368901720995,30887.18892562128,214.60606060606065,483.1634647943915,0.007396322580645161,0.01423935536552854,0,1,0.0,6,1,benign,0
3e-06,2,2450.0,666666.6666666665,816666666.6666666,1225.0,0.0,3e-06,0.0,0,0,0.0,17,8,pulsed_mixed_flood,1
0.000258,42,18480.0,162790.69767441862,71627906.97674419,440.0,0.0,6.292682926829268e-06,1.347264618113128e-05,0,0,0.0,17,4,icmp_flood,1
0.020607,4,262.0,194.1087979812685,12714.126267773088,61.4,22.456624857711805,0.006869,0.011893126880681969,0,0,1.0,17,1,benign,0
1e-06,2,750.0,2000000.0,750000000.0,375.0,0.0,1e-06,0.0,0,0,0.0,17,8,pulsed_mixed_flood,1
1e-06,2,2944.0,2000000.0,2944000000.0,1472.0,0.0,1e-06,0.0,0,0,0.0,17,3,dns_amplification,1
0.143236,33,8316.0,230.3890083498561,58058.03010416376,244.5882352941176,578.6233462513369,0.004476125,0.012187384444448047,0,1,0.0,6,1,benign,0
0.000128,4,0.0,31250.0,0.0,0.0,0.0,4.266666666666667e-05,7.303652054508986e-05,0,1,1.0,6,1,syn_flood,1
0.020666,4,286.0,193.5546307945417,13839.156101809736,65.4,33.411076007815126,0.006888666666666666,0.01192719054653414,0,0,1.0,17,1,benign,0
1e-06,2,2944.0,2000000.0,2944000000.0,1472.0,0.0,1e-06,0.0,0,0,0.0,17,6,slowloris_low_rate,1
0.00023,2,0.0,8695.652173913044,0.0,0.0,0.0,0.00023,0.0,0,0,1.0,6,1,http_get_flood,1
0.000218,3,0.0,13761.467889908256,0.0,0.0,0.0,0.000109,0.00015132085117392118,0,0,2.0,6,1,benign,0
0.020554,4,228.0,194.6093217865136,11092.731341831271,54.2,15.336231610144653,0.006851333333333334,0.011861661280500861,0,0,1.0,17,1,benign,0
0.528773,27,14130.0,51.06160866761351,26722.2418693844,504.6428571428572,794.1033244780493,0.020337423076923083,0.04437117789662392,0,1,0.0,6,1,benign,0
0.020803,4,320.0,192.2799596212085,15382.396769696685,70.4,52.58136552049595,0.006934333333333334,0.012008019584150141,0,0,1.0,17,1,benign,0
5.012716,15,3168.0,2.9923897543766693,631.9927161243527,198.0,382.7650280089165,0.35805114285714285,1.3374563252448144,0,1,0.0,6,1,http_get_flood,1
0.213187,6,2088.0,28.144305234371704,9794.218221561352,344.1428571428572,33.61759743263722,0.0426374,0.05843193402840608,0,0,0.0,17,8,pulsed_mixed_flood,1
1e-06,2,2756.0,2000000.0,2756000000.0,1378.0,0.0,1e-06,0.0,0,0,0.0,17,3,dns_amplification,1
0.000136,3,0.0,22058.82352941177,0.0,0.0,0.0,6.8e-05,9.19238815542512e-05,0,0,2.0,6,1,http_get_flood,1
0.29307,107,70346.0,365.10048793803526,240031.39181765448,651.3518518518516,1065.860437943969,0.002764811320754717,0.01174260900847703,0,1,1.0,6,1,benign,0
1e-06,2,2944.0,2000000.0,2944000000.0,1472.0,0.0,1e-06,0.0,0,0,0.0,17,3,dns_amplification,1
0.020588,4,280.0,194.287934719254,13600.155430347775,64.6,29.57701810527897,0.006862666666666666,0.011882157225577068,0,0,1.0,17,1,benign,0
4.26122,22,1590.0,5.162840688816819,373.13257705539735,69.13043478260869,153.96879977562932,0.20291523809523807,0.9181177225290833,0,1,0.0,6,1,benign,0
2e-06,2,1264.0,1000000.0,632000000.0,632.0,0.0,2e-06,0.0,0,0,0.0,17,3,dns_amplification,1
1e-06,2,0.0,2000000.0,0.0,0.0,0.0,1e-06,0.0,0,1,0.0,6,1,syn_flood,1
1e-06,2,2944.0,2000000.0,2944000000.0,1472.0,0.0,1e-06,0.0,0,0,0.0,17,3,dns_amplification,1
6.22297,4,0.0,0.6427798944876804,0.0,0.0,0.0,2.074323333333333,3.5928316726081575,0,1,0.0,6,0,udp_flood,1
1e-06,2,766.0,2000000.0,766000000.0,383.0,0.0,1e-06,0.0,0,0,0.0,17,8,pulsed_mixed_flood,1
1e-06,2,2944.0,2000000.0,2944000000.0,1472.0,0.0,1e-06,0.0,0,0,0.0,17,6,slowloris_low_rate,1
110.225245,155,18714.0,1.4062114355019124,169.77961809021156,119.96153846153842,289.47464950270626,0.7157483441558445,5.408826602597077,0,1,1.0,6,1,benign,0
0.026463,4,0.0,151.15444205116574,0.0,0.0,0.0,0.008821,0.01527582210553658,0,0,3.0,6,1,benign,0
0.060377,4,220.0,66.25039336171058,3643.771634894082,52.2,15.336231610144653,0.020125666666666663,0.03485261502862208,0,0,1.0,17,1,benign,0
1e-06,2,2944.0,2000000.0,2944000000.0,1472.0,0.0,1e-06,0.0,0,0,0.0,17,3,dns_amplification,1
4e-06,3,0.0,750000.0,0.0,0.0,0.0,2e-06,1.4142135623730952e-06,0,0,0.0,6,1,benign,0
0.104556,4,1438.0,38.257010597191936,13753.3953096905,353.6,32.3156308928048,0.034852,0.060363702694582945,0,0,0.0,17,8,pulsed_mixed_flood,1
0.045352,4,280.0,88.19897689186804,6173.928382430763,64.6,29.57701810527897,0.015117333333333332,0.02617879325586521,0,0,1.0,17,1,benign,0
0.02054,4,160.0,194.7419668938656,7789.678675754625,38.4,8.763560920082657,0.006846666666666666,0.011853578376732206,0,0,1.0,17,1,benign,0
1e-06,2,0.0,2000000.0,0.0,0.0,0.0,1e-06,0.0,0,1,0.0,6,1,syn_flood,1
3e-06,2,0.0,666666.6666666665,0.0,0.0,0.0,3e-06,0.0,0,0,0.0,6,1,benign,0
115.415456,39,0.0,0.3379096816980908,0.0,0.0,0.0,3.0372488421052637,4.532841977273058,0,0,0.0,17,1,benign,0
1e-06,2,0.0,2000000.0,0.0,0.0,0.0,1e-06,0.0,0,1,0.0,6,0,udp_flood,1
0.000165,3,0.0,18181.81818181818,0.0,0.0,0.0,8.25e-05,0.00011384419177103415,0,0,2.0,6,1,benign,0
0.020609,4,280.0,194.08996069678292,13586.297248774808,64.6,29.57701810527897,0.006869666666666666,0.011893415545306292,0,0,1.0,17,1,benign,0
0.020552,4,240.0,194.62826002335535,11677.695601401325,58.4,8.763560920082657,0.006850666666666666,0.011860506579962484,0,0,1.0,17,1,benign,0
0.001776,4,123.0,2252.252252252252,69256.75675675676,33.8,19.979989989987484,0.000592,0.0010201779256580688,0,0,0.0,6,1,benign,0
0.02072,4,208.0,193.05019305019303,10038.61003861004,50.4,8.763560920082657,0.006906666666666666,0.01195750142518634,0,0,1.0,17,1,benign,0
0.011922,142,62480.0,11910.753229323938,5240731.420902533,440.0,0.0,8.455319148936168e-05,0.00019223413646354408,0,0,0.0,17,4,icmp_flood,1
0.020677,4,308.0,193.45166126614112,14895.777917492866,69.4,41.62691437039263,0.006892333333333334,0.011933541399489647,0,0,1.0,17,1,benign,0
0.000254,56,24640.0,220472.4409448819,97007874.01574804,440.0,0.0,4.618181818181818e-06,1.2462522943388232e-05,0,0,0.0,17,4,icmp_flood,1
0.001257,118,51920.0,93874.30389817024,41304693.715194896,440.0,0.0,1.0743589743589746e-05,4.3176493014968424e-05,0,0,0.0,17,4,icmp_flood,1
2e-06,2,1354.0,1000000.0,677000000.0,677.0,0.0,2e-06,0.0,0,0,0.0,17,3,dns_amplification,1
0.000174,3,0.0,17241.379310344826,0.0,0.0,0.0,8.7e-05,0.00012020815280171308,0,0,2.0,6,1,benign,0
0.000105,4,0.0,38095.23809523808,0.0,0.0,0.0,3.5e-05,5.888972745734182e-05,0,1,1.0,6,1,syn_flood,1
0.001007,4,123.0,3972.194637537239,122144.9851042701,33.8,19.979989989987484,0.0003356666666666666,0.0005770618106696486,0,0,0.0,6,1,benign,0
0.044603,4,152.0,89.68006636324911,3407.8425218034668,36.4,8.763560920082657,0.014867666666666668,0.025745491883693603,0,0,1.0,17,1,benign,0
1e-06,2,802.0,2000000.0,802000000.0,401.0,0.0,1e-06,0.0,0,0,0.0,17,8,pulsed_mixed_flood,1
0.054703,2,0.0,36.56106612068808,0.0,0.0,0.0,0.054703,0.0,0,0,1.0,6,1,benign,0
0.00119,12,4704.0,10084.033613445376,3952941.176470588,395.6923076923077,108.15373673262872,0.0001081818181818182,0.00033985344434971326,0,0,0.0,17,4,icmp_flood,1
0.045525,4,300.0,87.86381109280615,6589.785831960461,67.4,41.62691437039263,0.015175,0.026279540882595345,0,0,1.0,17,1,benign,0
10.047975,7,0.0,0.6966577842799172,0.0,0.0,0.0,1.6746624999999997,4.101964758309352,0,1,0.0,6,1,http_get_flood,1
4.5e-05,2,750.0,44444.444444444445,16666666.666666664,375.0,0.0,4.5e-05,0.0,0,0,0.0,17,0,udp_flood,1
0.005312,200,88000.0,37650.60240963855,16566265.060240963,440.0,0.0,2.6693467336683424e-05,0.0001229297718028168,0,0,0.0,17,4,icmp_flood,1
0.008048,200,88000.0,24850.89463220676,10934393.638170974,440.0,0.0,4.044221105527637e-05,0.00014588883074622498,0,0,0.0,17,4,icmp_flood,1
4e-06,3,0.0,750000.0,0.0,0.0,0.0,2e-06,1.4142135623730952e-06,0,0,0.0,6,1,benign,0
0.028413,2,0.0,70.39031429275332,0.0,0.0,0.0,0.028413,0.0,0,0,1.0,6,1,benign,0
0.020789,4,232.0,192.4094473038626,11159.747943624034,55.2,15.336231610144653,0.0069296666666666664,0.012000802695375562,0,0,1.0,17,1,benign,0
0.020705,4,212.0,193.1900507123883,10239.07268775658,51.4,8.763560920082657,0.006901666666666666,0.011912488419022003,0,0,1.0,17,1,benign,0
0.00017,4,0.0,23529.41176470588,0.0,0.0,0.0,5.666666666666666e-05,4.7606022028030595e-05,0,0,3.0,6,1,benign,0
0.020628,4,164.0,193.91118867558652,7950.358735699049,38.2,15.336231610144653,0.006876,0.011905251236324245,0,0,1.0,17,1,benign,0
0.054748,4,264.0,73.06202966318405,4822.093957770147,60.4,30.672463220289305,0.018249333333333336,0.031603576385170924,0,0,1.0,17,1,benign,0
1e-06,2,0.0,2000000.0,0.0,0.0,0.0,1e-06,0.0,0,1,0.0,6,1,syn_flood,1
1e-06,2,2944.0,2000000.0,2944000000.0,1472.0,0.0,1e-06,0.0,0,0,0.0,17,3,dns_amplification,1
0.020672,4,380.0,193.49845201238392,18382.352941176472,82.2,70.10848736066126,0.0068906666666666665,0.011929788612265237,0,0,1.0,17,1,benign,0
1e-06,2,2944.0,2000000.0,2944000000.0,1472.0,0.0,1e-06,0.0,0,0,0.0,17,3,dns_amplification,1
1e-06,2,2944.0,2000000.0,2944000000.0,1472.0,0.0,1e-06,0.0,0,0,0.0,17,6,slowloris_low_rate,1
2e-06,2,2944.0,1000000.0,1472000000.0,1472.0,0.0,2e-06,0.0,0,0,0.0,17,6,slowloris_low_rate,1
1e-06,2,2944.0,2000000.0,2944000000.0,1472.0,0.0,1e-06,0.0,0,0,0.0,17,6,slowloris_low_rate,1
2e-06,2,2944.0,1000000.0,1472000000.0,1472.0,0.0,2e-06,0.0,0,0,0.0,17,6,slowloris_low_rate,1
0.000559,28,11744.0,50089.44543828264,21008944.543828264,420.1379310344828,74.26964585593836,2.0703703703703698e-05,3.434644177608596e-05,0,0,0.0,17,4,icmp_flood,1
0.05461,2,0.0,36.62332906061161,0.0,0.0,0.0,0.05461,0.0,0,0,1.0,6,1,benign,0
0.004653,38,16432.0,8166.774124220932,3531485.063399957,432.6153846153846,32.177644564458085,0.0001257567567567567,0.0001433797222230004,0,0,0.0,17,4,icmp_flood,1
1e-06,2,0.0,2000000.0,0.0,0.0,0.0,1e-06,0.0,0,1,0.0,6,0,udp_flood,1
0.014467,108,47520.0,7465.265777286238,3284716.9420059444,440.0,0.0,0.00013520560747663543,0.0003470020862945753,0,0,0.0,17,4,icmp_flood,1
0.020711,4,424.0,193.134083337357,20472.21283375984,92.0,76.68115805072324,0.0069036666666666665,0.0119540373235712,0,0,1.0,17,1,benign,0
0.105165,4,1438.0,38.03546807397899,13673.750772595447,353.6,32.3156308928048,0.035055,0.06071444298517446,0,0,0.0,17,8,pulsed_mixed_flood,1
0.020877,4,380.0,191.5984097331992,18201.848924653925,82.2,70.10848736066126,0.006959,0.012049011453227189,0,0,1.0,17,1,benign,0
1e-06,2,2944.0,2000000.0,2944000000.0,1472.0,0.0,1e-06,0.0,0,0,0.0,17,3,dns_amplification,1
0.427223,26,18496.0,60.85814668217769,43293.54927052149,685.0370370370373,1014.510169091904,0.01708892,0.041929224403471466,0,1,1.0,6,1,benign,0
0.020617,4,282.0,194.014648105932,13678.032691468206,64.4,33.411076007815126,0.006872333333333334,0.011899766440285007,0,0,1.0,17,1,benign,0
1e-06,2,2944.0,2000000.0,2944000000.0,1472.0,0.0,1e-06,0.0,0,0,0.0,17,6,slowloris_low_rate,1
1e-06,2,2944.0,2000000.0,2944000000.0,1472.0,0.0,1e-06,0.0,0,0,0.0,17,3,dns_amplification,1
0.054827,2,0.0,36.47837744177139,0.0,0.0,0.0,0.054827,0.0,0,0,1.0,6,1,benign,0
0.000204,4,0.0,19607.843137254906,0.0,0.0,0.0,6.8e-05,7.594076639065476e-05,0,0,3.0,6,1,benign,0
7.120794,10,0.0,1.4043377746919796,0.0,0.0,0.0,0.7911993333333335,1.4020531688880415,0,1,4.0,6,1,benign,0
0.020638,4,728.0,193.8172303517783,35274.735924023655,153.0,158.8395416764982,0.006879333333333334,0.011911024739011053,0,0,1.0,17,1,benign,0
0.000143,3,0.0,20979.020979020977,0.0,0.0,0.0,7.15e-05,9.828784258493008e-05,0,0,2.0,6,1,benign,0
0.020648,4,216.0,193.72336303758237,10461.061604029446,50.8,17.527121840165314,0.006882666666666666,0.011917664256612255,0,0,1.0,17,1,benign,0
5.111886,7,0.0,1.3693576108700392,0.0,0.0,0.0,0.851981,2.0600654591892944,0,1,0.0,6,1,benign,0
2e-06,2,802.0,1000000.0,401000000.0,401.0,0.0,2e-06,0.0,0,0,0.0,17,8,pulsed_mixed_flood,1
0.055772,2,0.0,35.86028831671806,0.0,0.0,0.0,0.055772,0.0,0,0,1.0,6,1,benign,0
0.00012,3,0.0,25000.0,0.0,0.0,0.0,6e-05,8.061017305526641e-05,0,0,2.0,6,1,http_get_flood,1
1e-06,2,2944.0,2000000.0,2944000000.0,1472.0,0.0,1e-06,0.0,0,0,0.0,17,6,slowloris_low_rate,1
0.108211,4,1398.0,36.96481873377013,12919.20414745266,345.6,21.36117974270148,0.03607033333333333,0.06247391792847103,0,0,0.0,17,0,udp_flood,1
0.026459,4,0.0,151.17729317056578,0.0,0.0,0.0,0.008819666666666668,0.015273512704461057,0,0,3.0,6,1,benign,0
1e-06,2,0.0,2000000.0,0.0,0.0,0.0,1e-06,0.0,0,1,0.0,6,0,udp_flood,1
0.108284,4,1398.0,36.93989878467733,12910.494625244726,345.6,21.36117974270148,0.03609466666666667,0.06251693052552512,0,0,0.0,17,8,pulsed_mixed_flood,1
7.222078,10,0.0,1.384643034871681,0.0,0.0,0.0,0.8024531111111112,1.4300125421367327,0,1,4.0,6,1,benign,0
0.004052,160,70400.0,39486.67324777888,17374136.229022704,440.0,0.0,2.548427672955976e-05,8.505648572491281e-05,0,0,0.0,17,4,icmp_flood,1
1e-06,2,2944.0,2000000.0,2944000000.0,1472.0,0.0,1e-06,0.0,0,0,0.0,17,3,dns_amplification,1
5.2e-05,4,0.0,76923.07692307692,0.0,0.0,0.0,1.7333333333333332e-05,2.7428695436227606e-05,0,1,1.0,6,1,syn_flood,1
59.089908,65,14414.0,1.1000186360080304,243.9333633756885,218.3939393939394,485.7082973519704,0.9232798125,7.313508611656978,0,1,0.0,6,1,benign,0
0.000221,3,0.0,13574.660633484162,0.0,0.0,0.0,0.0001105,0.00015202795795510774,0,0,2.0,6,1,benign,0
0.133205,4,410.0,30.02890281896325,3077.962538943733,91.4,60.79720388307344,0.04440166666666667,0.07690247850578893,0,0,1.0,17,1,benign,0
2e-06,2,0.0,1000000.0,0.0,0.0,0.0,2e-06,0.0,0,1,0.0,6,1,syn_flood,1
1e-06,2,2944.0,2000000.0,2944000000.0,1472.0,0.0,1e-06,0.0,0,0,0.0,17,6,slowloris_low_rate,1
1e-06,2,2928.0,2000000.0,2928000000.0,1464.0,0.0,1e-06,0.0,0,0,0.0,17,6,slowloris_low_rate,1
1e-06,2,0.0,2000000.0,0.0,0.0,0.0,1e-06,0.0,0,1,0.0,6,0,udp_flood,1
117.302256,54,12614.0,0.4603492024910416,107.53416370781478,229.3454545454545,505.65414978216006,2.213250113207547,11.235457036024771,0,1,0.0,6,1,benign,0
0.048115,4,300.0,83.13415774706431,6235.061831029825,69.4,30.672463220289305,0.01603833333333333,0.027776610130347677,0,0,1.0,17,1,benign,0
2e-06,2,2944.0,1000000.0,1472000000.0,1472.0,0.0,2e-06,0.0,0,0,0.0,17,6,slowloris_low_rate,1
0.000144,3,0.0,20833.33333333333,0.0,0.0,0.0,7.2e-05,9.899494936611665e-05,0,0,2.0,6,1,benign,0
0.046582,4,232.0,85.87007857112191,4980.46455712507,55.2,15.336231610144653,0.015527333333333332,0.02688980011702083,0,0,1.0,17,1,benign,0
0.020634,4,280.0,193.85480275273815,13569.836192691677,63.6,35.05424368033063,0.006878,0.011909581352843599,0,0,1.0,17,1,benign,0
0.021137,3,0.0,141.931210673227,0.0,0.0,0.0,0.0105685,0.014943287606815313,0,0,2.0,6,1,benign,0
0.020533,4,156.0,194.8083572785273,7597.525933862564,37.4,8.763560920082657,0.006844333333333334,0.011848670909993798,0,0,1.0,17,1,benign,0
0.000128,3,0.0,23437.5,0.0,0.0,0.0,6.4e-05,8.768124086713188e-05,0,0,2.0,6,1,benign,0
0.020701,4,224.0,193.2273803197913,10820.733297908311,50.6,29.57701810527897,0.006900333333333334,0.01194739780593805,0,0,1.0,17,1,benign,0
1e-06,2,2848.0,2000000.0,2848000000.0,1424.0,0.0,1e-06,0.0,0,0,0.0,17,6,slowloris_low_rate,1
0.001986,50,22000.0,25176.23363544813,11077542.79959718,440.0,0.0,4.053061224489797e-05,0.00012158058062467876,0,0,0.0,17,4,icmp_flood,1
0.000219,3,0.0,13698.6301369863,0.0,0.0,0.0,0.0001095,0.00015202795795510774,0,0,2.0,6,1,benign,0
93.084101,18,0.0,0.1933735171380126,0.0,0.0,0.0,5.4755353529411765,6.841808870955482,0,1,0.0,6,1,syn_flood,1
3e-06,2,2944.0,666666.6666666665,981333333.3333333,1472.0,0.0,3e-06,0.0,0,0,0.0,17,0,udp_flood,1
0.057415,4,216.0,69.66820517286423,3762.083079334669,50.8,17.527121840165314,0.019138333333333337,0.03314163751737885,0,0,1.0,17,1,benign,0
0.022105,2,0.0,90.47726758651888,0.0,0.0,0.0,0.022105,0.0,0,0,1.0,6,1,benign,0
1e-06,2,0.0,2000000.0,0.0,0.0,0.0,1e-06,0.0,0,1,0.0,6,1,syn_flood,1
62.214053,40,2042.0,0.6429415553428097,32.82216640025044,50.926829268292686,53.304498048430425,1.5952321282051278,9.290191268776463,0,0,1.0,6,1,benign,0
0.000176,3,0.0,17045.454545454544,0.0,0.0,0.0,8.8e-05,0.0001216223663640862,0,0,2.0,6,1,benign,0
1e-06,2,2944.0,2000000.0,2944000000.0,1472.0,0.0,1e-06,0.0,0,0,0.0,17,3,dns_amplification,1
1e-06,2,802.0,2000000.0,802000000.0,401.0,0.0,1e-06,0.0,0,0,0.0,17,8,pulsed_mixed_flood,1
117.337598,157,134308.0,1.3380195493689926,1144.6288511888577,855.7151898734178,978.9998411987413,0.7521640897435898,6.598533541762052,0,0,1.0,6,1,benign,0
2e-06,2,2848.0,1000000.0,1424000000.0,1424.0,0.0,2e-06,0.0,0,0,0.0,17,6,slowloris_low_rate,1
0.020914,4,62.0,191.2594434350196,2964.521373242804,12.4,16.97939928266015,0.006971333333333334,0.01207123946963746,0,0,3.0,6,1,benign,0
0.055659,4,0.0,71.86618516322608,0.0,0.0,0.0,0.018553,0.030712535730544947,0,0,3.0,6,1,benign,0
1e-06,2,0.0,2000000.0,0.0,0.0,0.0,1e-06,0.0,0,1,0.0,6,1,syn_flood,1
1e-06,2,880.0,2000000.0,880000000.0,440.0,0.0,1e-06,0.0,0,0,0.0,17,4,icmp_flood,1
0.020645,4,192.0,193.7515136837007,9300.072656817629,46.4,8.763560920082657,0.006881666666666666,0.01191506619089182,0,0,1.0,17,1,benign,0
0.054875,3,0.0,54.66970387243736,0.0,0.0,0.0,0.0274375,0.038798241976924684,0,0,2.0,6,1,benign,0
0.03252,2,0.0,61.50061500615006,0.0,0.0,0.0,0.03252,0.0,0,0,1.0,6,1,benign,0
1e-06,2,2944.0,2000000.0,2944000000.0,1472.0,0.0,1e-06,0.0,0,0,0.0,17,6,slowloris_low_rate,1
2e-06,2,802.0,1000000.0,401000000.0,401.0,0.0,2e-06,0.0,0,0,0.0,17,8,pulsed_mixed_flood,1
1e-06,2,0.0,2000000.0,0.0,0.0,0.0,1e-06,0.0,0,1,0.0,6,0,udp_flood,1
0.020857,4,648.0,191.78213549407872,31068.705950040752,136.2,141.31241983633285,0.006952333333333334,0.012036598412065315,0,0,1.0,17,1,benign,0
0.02053,4,312.0,194.8368241597662,15197.272284461766,69.6,46.00869483043395,0.006843333333333334,0.011849536924847878,0,0,1.0,17,1,benign,0
0.020661,4,252.0,193.60147137118244,12196.892696384492,56.8,33.9587985653203,0.006887,0.011926035845996776,0,0,1.0,17,1,benign,0
0.020808,4,184.0,192.23375624759709,8842.752787389465,43.2,15.336231610144653,0.006936,0.012009174284687521,0,0,1.0,17,1,benign,0
0.020587,4,160.0,194.297372128042,7771.894885121678,38.4,8.763560920082657,0.006862333333333334,0.011883311926114424,0,0,1.0,17,1,benign,0
9.7e-05,3,0.0,30927.8350515464,0.0,0.0,0.0,4.85e-05,6.576093065034892e-05,0,0,2.0,6,1,http_get_flood,1
4.8e-05,2,0.0,41666.66666666666,0.0,0.0,0.0,4.8e-05,0.0,0,1,0.0,6,0,udp_flood,1
1e-06,2,2848.0,2000000.0,2848000000.0,1424.0,0.0,1e-06,0.0,0,0,0.0,17,6,slowloris_low_rate,1
0.010897,200,88000.0,18353.675323483527,8075617.142332752,440.0,0.0,5.475879396984927e-05,7.740756697378346e-05,0,0,0.0,17,4,icmp_flood,1
1e-06,2,2944.0,2000000.0,2944000000.0,1472.0,0.0,1e-06,0.0,0,0,0.0,17,6,slowloris_low_rate,1
118.048817,55,8848.0,0.4659089468046088,74.95204293322143,158.0,461.1905541885342,2.186089203703704,11.173500438542563,0,1,0.0,6,1,benign,0
4.3e-05,10,4400.0,232558.13953488367,102325581.39534885,440.0,0.0,4.777777777777778e-06,1.0232030318780552e-05,0,0,0.0,17,4,icmp_flood,1
90.308014,12,0.0,0.1328785726591219,0.0,0.0,0.0,8.209819454545455,9.986614278436036,0,1,0.0,6,1,syn_flood,1
7.2e-05,2,2944.0,27777.777777777777,40888888.88888889,1472.0,0.0,7.2e-05,0.0,0,0,0.0,17,6,slowloris_low_rate,1
0.020806,4,286.0,192.25223493223103,13746.034797654522,65.4,33.411076007815126,0.006935333333333334,0.012008019584150141,0,0,1.0,17,1,benign,0
0.062681,3,0.0,47.8613934047,0.0,0.0,0.0,0.0313405,0.04431791751086686,0,0,2.0,6,1,benign,0
1e-06,2,31.0,2000000.0,31000000.0,20.666666666666664,17.8978583448784,1e-06,0.0,0,0,0.0,6,1,benign,0
4.7e-05,2,0.0,42553.191489361714,0.0,0.0,0.0,4.7e-05,0.0,0,1,0.0,6,1,syn_flood,1
2e-06,2,1193.0,1000000.0,596500000.0,785.0,652.9831544534667,2e-06,0.0,0,0,0.0,6,1,benign,0
0.000135,3,0.0,22222.222222222223,0.0,0.0,0.0,6.75e-05,9.121677477306464e-05,0,0,2.0,6,1,benign,0
0.035469,4,392.0,112.77453550988189,11051.904479968423,96.4,8.763560920082657,0.011823,0.020472840545464128,0,0,1.0,17,1,benign,0
0.054643,2,0.0,36.60121150010065,0.0,0.0,0.0,0.054643,0.0,0,0,1.0,6,1,benign,0
8.9e-05,4,0.0,44943.8202247191,0.0,0.0,0.0,2.9666666666666665e-05,5.0520622851795216e-05,0,1,1.0,6,1,syn_flood,1
1e-06,2,802.0,2000000.0,802000000.0,401.0,0.0,1e-06,0.0,0,0,0.0,17,8,pulsed_mixed_flood,1
0.104764,4,1398.0,38.18105456072697,13344.278568974078,345.6,21.36117974270148,0.034921333333333325,0.06048379155057439,0,0,0.0,17,8,pulsed_mixed_flood,1
1e-06,2,2944.0,2000000.0,2944000000.0,1472.0,0.0,1e-06,0.0,0,0,0.0,17,3,dns_amplification,1
1e-06,2,2896.0,2000000.0,2896000000.0,1448.0,0.0,1e-06,0.0,0,0,0.0,17,3,dns_amplification,1
0.000121,3,0.0,24793.38842975207,0.0,0.0,0.0,6.05e-05,8.131727983645297e-05,0,0,2.0,6,1,benign,0
1e-06,2,0.0,2000000.0,0.0,0.0,0.0,1e-06,0.0,0,1,0.0,6,1,syn_flood,1
0.020705,4,380.0,193.1900507123883,18353.05481767689,82.2,70.10848736066126,0.006901666666666666,0.011947109162192058,0,0,1.0,17,1,benign,0
6.2e-05,3,0.0,48387.096774193546,0.0,0.0,0.0,3.1e-05,3.959797974644665e-05,0,0,2.0,6,1,http_get_flood,1
30.053029,1367,3539816.0,45.48626363086397,117785.66479937846,2587.584795321634,3540.717216241196,0.022000753294289903,0.760542551275703,0,1,4.0,6,1,benign,0
97.568464,14,0.0,0.143488986359363,0.0,0.0,0.0,7.505266461538461,8.750557489205956,0,1,0.0,6,1,syn_flood,1
0.000128,3,0.0,23437.5,0.0,0.0,0.0,6.4e-05,8.62670273047588e-05,0,0,2.0,6,1,benign,0
0.020722,4,140.0,193.031560660168,6756.104623105876,33.4,8.763560920082657,0.006907333333333334,0.011959522161580425,0,0,1.0,17,1,benign,0
0.002798,30,12624.0,10721.94424588992,4511794.138670479,421.4193548387097,71.92253897703573,9.648275862068964e-05,0.0002664693255852021,0,0,0.0,17,4,icmp_flood,1
1e-06,2,2944.0,2000000.0,2944000000.0,1472.0,0.0,1e-06,0.0,0,0,0.0,17,3,dns_amplification,1
1e-06,2,0.0,2000000.0,0.0,0.0,0.0,1e-06,0.0,0,1,0.0,6,1,syn_flood,1
0.044317,4,156.0,90.25881715820114,3520.0938691698443,37.4,8.763560920082657,0.014772333333333332,0.02558210175754395,0,0,1.0,17,1,benign,0
1e-06,2,0.0,2000000.0,0.0,0.0,0.0,1e-06,0.0,0,1,0.0,6,0,udp_flood,1
0.045911,4,222.0,87.12508984774891,4835.442486550064,49.4,33.411076007815126,0.015303666666666669,0.026501532056342203,0,0,1.0,17,1,benign,0
0.020649,4,286.0,193.7139813066008,13850.549663421956,65.4,33.411076007815126,0.006883,0.011916509556073875,0,0,1.0,17,1,benign,0
1e-06,2,2944.0,2000000.0,2944000000.0,1472.0,0.0,1e-06,0.0,0,0,0.0,17,3,dns_amplification,1
2.027908,15,2900.0,7.3967852585028515,1430.0451499772178,181.25,370.70122740557525,0.1448505714285714,0.5396679200861487,0,1,0.0,6,1,http_get_flood,1
116.964958,65,10396.0,0.5557219966684381,88.88132119023204,157.51515151515142,384.88360847740967,1.82757746875,10.18548722555915,0,1,0.0,6,1,benign,0
0.001194,4,123.0,3350.0837520938026,103015.07537688444,33.8,19.979989989987484,0.000398,0.0006781069237222109,0,0,0.0,6,1,benign,0
0.020916,4,414.0,191.2411550965768,19793.459552495697,91.6,65.17898434311476,0.006972,0.012070662077947504,0,0,1.0,17,1,benign,0
0.000943,4,123.0,4241.781548250265,130434.78260869563,33.8,19.979989989987484,0.00031433333333333335,0.0005401114082606784,0,0,0.0,6,1,benign,0
0.044858,4,240.0,89.17027063177136,5350.216237906282,54.2,31.767908335299637,0.014952666666666668,0.02589358222288552,0,0,1.0,17,1,benign,0
0.020704,4,208.0,193.19938176197843,10046.367851622876,50.4,8.763560920082657,0.006901333333333334,0.011948263820879303,0,0,1.0,17,1,benign,0
0.020597,4,256.0,194.2030392775647,12428.99451376414,58.8,28.48157299026864,0.006865666666666666,0.01188821943494203,0,0,1.0,17,1,benign,0
7.242336,10,0.0,1.3807699615151796,0.0,0.0,0.0,0.804704,1.4391184583786876,0,1,4.0,6,1,benign,0
0.000124,3,0.0,24193.548387096773,0.0,0.0,0.0,6.2e-05,8.343860018001262e-05,0,0,2.0,6,1,benign,0
2e-06,2,0.0,1000000.0,0.0,0.0,0.0,2e-06,0.0,0,1,0.0,6,1,syn_flood,1
0.0469,4,408.0,85.28784648187634,8699.360341151387,89.0,71.20393247567159,0.015633333333333332,0.027071665488723324,0,0,1.0,17,1,benign,0
7.238851,10,0.0,1.3814347055907077,0.0,0.0,0.0,0.804316777777778,1.4386531055358498,0,1,4.0,6,1,benign,0
15.309288,19,1156.0,1.2410766588230622,75.50971671576104,57.8,124.39394129771333,0.850516,2.5146522924881447,0,1,0.0,6,1,benign,0
32.252373,4,0.0,0.124021882048803,0.0,0.0,0.0,10.750791,18.62087293229949,0,1,0.0,6,0,udp_flood,1
5.04684,7,0.0,1.387006522893533,0.0,0.0,0.0,0.8411400000000001,2.033542884895128,0,1,0.0,6,1,benign,0
29.116123,7,0.0,0.2404166241501315,0.0,0.0,0.0,4.852687166666667,11.886501131937276,0,1,0.0,6,1,http_get_flood,1
1.558422,51,11760.0,32.72541070390434,7546.094703488528,226.1538461538461,482.80850686234027,0.03116844,0.16845196817844013,0,1,1.0,6,1,benign,0
5.2e-05,4,0.0,76923.07692307692,0.0,0.0,0.0,1.7333333333333336e-05,2.829016319029166e-05,0,1,1.0,6,0,udp_flood,1
1e-06,2,0.0,2000000.0,0.0,0.0,0.0,1e-06,0.0,0,1,0.0,6,0,udp_flood,1
0.020581,4,284.0,194.3540158398523,13799.135124629514,65.4,30.672463220289305,0.006860333333333334,0.011877249737768979,0,0,1.0,17,1,benign,0
0.008796,88,38720.0,10004.547521600727,4402000.9095043205,440.0,0.0,0.0001011034482758621,0.0004553676264520012,0,0,0.0,17,4,icmp_flood,1
0.000336,4,31.0,11904.761904761905,92261.90476190476,12.4,16.97939928266015,0.000112,0.00013788038294115665,0,0,3.0,6,1,benign,0
1.515203,12,600.0,7.919730887544441,395.98654437722206,50.0,0.0,0.13774572727272724,0.30647155507912677,0,0,0.0,17,1,benign,0
0.000934,4,123.0,4282.655246252676,131691.6488222698,33.8,19.979989989987484,0.0003113333333333334,0.0005349152580861134,0,0,0.0,6,1,benign,0
0.020542,4,200.0,194.72300652322068,9736.150326161036,48.4,8.763560920082657,0.006847333333333334,0.011854733077270585,0,0,1.0,17,1,benign,0
0.020631,4,224.0,193.88299161456055,10857.447530415397,53.2,15.336231610144653,0.006877,0.011906117251228464,0,0,1.0,17,1,benign,0
0.000349,66,29040.0,189111.74785100284,83209169.05444126,440.0,0.0,5.369230769230766e-06,1.2810602579954561e-05,0,0,0.0,17,4,icmp_flood,1
0.020642,4,260.0,193.77967251235344,12595.678713302974,59.4,30.672463220289305,0.006880666666666666,0.011913334140085776,0,0,1.0,17,1,benign,0
0.021205,4,280.0,188.6347559537845,13204.432916764912,64.6,29.57701810527897,0.007068333333333334,0.012240980407358446,0,0,1.0,17,1,benign,0
0.020649,4,132.0,193.7139813066008,6392.561383117826,31.4,8.763560920082657,0.006883,0.011916509556073875,0,0,1.0,17,1,benign,0
1e-06,2,0.0,2000000.0,0.0,0.0,0.0,1e-06,0.0,0,1,0.0,6,0,udp_flood,1
0.054772,2,0.0,36.5150076681516,0.0,0.0,0.0,0.054772,0.0,0,0,1.0,6,1,benign,0
0.106876,4,1438.0,37.42655039485011,13454.844866948612,353.6,32.3156308928048,0.03562533333333333,0.06170228929572495,0,0,0.0,17,8,pulsed_mixed_flood,1
1.8e-05,3,0.0,166666.66666666663,0.0,0.0,0.0,9e-06,1.131370849898476e-05,0,0,0.0,6,1,benign,0
0.047099,4,262.0,84.92749315272086,5562.750801503216,61.4,22.456624857711805,0.015699666666666667,0.027190022256948106,0,0,1.0,17,1,benign,0
0.020726,4,280.0,192.99430666795325,13509.601466756729,64.6,29.57701810527897,0.006908666666666666,0.011960965526801478,0,0,1.0,17,1,benign,0
0.00023,3,0.0,13043.478260869562,0.0,0.0,0.0,0.000115,0.0001583919189857866,0,0,2.0,6,1,benign,0
1e-06,2,0.0,2000000.0,0.0,0.0,0.0,1e-06,0.0,0,1,0.0,6,0,udp_flood,1
0.055342,4,0.0,72.27783600159009,0.0,0.0,0.0,0.018447333333333336,0.030713866515522485,0,0,3.0,6,1,benign,0
3e-06,2,2944.0,666666.6666666665,981333333.3333333,1472.0,0.0,3e-06,0.0,0,0,0.0,17,6,slowloris_low_rate,1
4.8e-05,2,766.0,41666.66666666666,15958333.333333332,383.0,0.0,4.8e-05,0.0,0,0,0.0,17,8,pulsed_mixed_flood,1
1e-06,2,2944.0,2000000.0,2944000000.0,1472.0,0.0,1e-06,0.0,0,0,0.0,17,6,slowloris_low_rate,1
6.4e-05,4,0.0,62500.0,0.0,0.0,0.0,2.1333333333333335e-05,3.5218366420567174e-05,0,1,1.0,6,1,syn_flood,1
0.020563,4,588.0,194.5241453095365,28595.04936050187,134.2,70.10848736066126,0.006854333333333334,0.011866857432923567,0,0,1.0,17,1,benign,0
1e-06,2,0.0,2000000.0,0.0,0.0,0.0,1e-06,0.0,0,1,0.0,6,0,udp_flood,1
0.054791,3,0.0,54.753517913525954,0.0,0.0,0.0,0.0273955,0.03873884500730501,0,0,2.0,6,1,benign,0
7.315036,10,0.0,1.3670472708541694,0.0,0.0,0.0,0.8127817777777779,1.4579288928528695,0,1,4.0,6,1,benign,0
117.024124,427,343082.0,3.6488203064865496,2931.7203006792,803.6331775700937,1002.1193436629736,0.2747045164319249,3.969368788884672,0,0,1.0,6,1,benign,0
0.02058,4,232.0,194.3634596695821,11273.080660835762,56.4,8.763560920082657,0.00686,0.011878404438307358,0,0,1.0,17,1,benign,0
0.205098,27,11360.0,131.64438463563758,55388.15590595715,405.71428571428567,730.1879442050753,0.007888384615384615,0.019267814834229485,0,1,1.0,6,1,benign,0
0.561594,31,16046.0,55.200019943233,28572.242580939248,501.4375,731.5188766774811,0.018719800000000005,0.038768550669235805,0,1,0.0,6,1,benign,0
0.000183,3,0.0,16393.442622950817,0.0,0.0,0.0,9.15e-05,0.000126572113832392,0,0,2.0,6,1,benign,0
0.000358,40,17600.0,111731.843575419,49162011.17318436,440.0,0.0,9.179487179487181e-06,1.972024313247123e-05,0,0,0.0,17,4,icmp_flood,1
0.02084,4,320.0,191.93857965451056,15355.086372360844,70.4,52.58136552049595,0.006946666666666666,0.012029381544091671,0,0,1.0,17,1,benign,0
0.020894,4,536.0,191.4425193835551,25653.29759739638,117.6,89.82649943084725,0.006964666666666666,0.012058826407794971,0,0,1.0,17,1,benign,0
0.020744,4,548.0,192.82684149633636,26417.277284998072,124.2,70.10848736066126,0.006914666666666666,0.011889180305358875,0,0,1.0,17,1,benign,0
0.108799,4,1438.0,36.76504379635843,13217.033244790851,353.6,32.3156308928048,0.03626633333333333,0.06281339988675452,0,0,0.0,17,8,pulsed_mixed_flood,1
4.8e-05,2,70.0,41666.66666666666,1458333.333333333,35.0,0.0,4.8e-05,0.0,0,0,0.0,17,3,dns_amplification,1
0.000164,3,0.0,18292.682926829268,0.0,0.0,0.0,8.2e-05,0.00011172287142747452,0,0,2.0,6,1,benign,0
0.020669,4,300.0,193.52653732643088,14514.490299482315,69.4,30.672463220289305,0.006889666666666666,0.01192719054653414,0,0,1.0,17,1,benign,0
0.004606,20,8368.0,4342.162396873643,1816760.7468519325,419.4285714285714,64.97120241196974,0.00024242105263157904,0.0003556020428308828,0,0,0.0,17,4,icmp_flood,1
0.020666,4,156.0,193.5546307945417,7548.630600987129,37.4,8.763560920082657,0.006888666666666666,0.0119263245106501,0,0,1.0,17,1,benign,0
1e-06,2,2944.0,2000000.0,2944000000.0,1472.0,0.0,1e-06,0.0,0,0,0.0,17,6,slowloris_low_rate,1
58.495015,41,8034.0,0.7009144283491507,137.3450370087092,191.28571428571428,500.7857380164664,1.462375375,9.195605071381445,0,1,0.0,6,1,benign,0
1e-06,2,0.0,2000000.0,0.0,0.0,0.0,1e-06,0.0,0,1,0.0,6,0,udp_flood,1
0.020616,4,280.0,194.024058983314,13581.684128831976,63.2,37.24513391035129,0.006872,0.011900921098805757,0,0,1.0,17,1,benign,0
0.313277,4,37.0,12.76825301570176,118.10634039524126,7.4,16.546903033498445,0.10442566666666668,0.13726030491490734,0,0,1.0,6,1,benign,0
1e-06,2,2944.0,2000000.0,2944000000.0,1472.0,0.0,1e-06,0.0,0,0,0.0,17,3,dns_amplification,1
0.055849,4,514.0,71.62169421117656,9203.387706136187,112.0,90.37422198835242,0.018616333333333335,0.032240105060829645,0,0,1.0,17,1,benign,0
0.054697,4,276.0,73.13015339049673,5045.980583944274,62.6,35.05424368033063,0.018232333333333337,0.03157413152144225,0,0,1.0,17,1,benign,0
6.9e-05,2,2944.0,28985.50724637681,42666666.66666667,1472.0,0.0,6.9e-05,0.0,0,0,0.0,17,6,slowloris_low_rate,1
7.7e-05,4,0.0,51948.05194805195,0.0,0.0,0.0,2.5666666666666663e-05,4.272391992003231e-05,0,1,1.0,6,1,syn_flood,1
0.000857,100,44000.0,116686.11435239203,51341890.31505251,440.0,0.0,8.656565656565658e-06,2.5688146085488946e-05,0,0,0.0,17,4,icmp_flood,1
0.020719,4,196.0,193.05951059414065,9459.91601911289,47.4,8.763560920082657,0.006906333333333334,0.011960388176532286,0,0,1.0,17,1,benign,0
0.000104,4,0.0,38461.53846153846,0.0,0.0,0.0,3.466666666666667e-05,5.918051481132394e-05,0,1,1.0,6,0,udp_flood,1
0.039329,8,3376.0,203.412240331562,85839.96541991914,424.0,31.74901573277509,0.005618428571428572,0.010453656168332413,0,0,0.0,17,4,icmp_flood,1
1e-06,2,0.0,2000000.0,0.0,0.0,0.0,1e-06,0.0,0,1,0.0,6,0,udp_flood,1
1e-06,2,31.0,2000000.0,31000000.0,20.666666666666664,17.8978583448784,1e-06,0.0,0,0,0.0,6,1,benign,0
1e-06,2,2944.0,2000000.0,2944000000.0,1472.0,0.0,1e-06,0.0,0,0,0.0,17,6,slowloris_low_rate,1
0.020728,4,536.0,192.975685063682,25858.741798533385,117.6,89.82649943084725,0.006909333333333334,0.011962986263192536,0,0,1.0,17,1,benign,0
1e-06,2,0.0,2000000.0,0.0,0.0,0.0,1e-06,0.0,0,1,0.0,6,0,udp_flood,1
2e-06,2,2944.0,1000000.0,1472000000.0,1472.0,0.0,2e-06,0.0,0,0,0.0,17,8,pulsed_mixed_flood,1
4.8e-05,2,0.0,41666.66666666666,0.0,0.0,0.0,4.8e-05,0.0,0,1,0.0,6,1,syn_flood,1
1e-06,2,2928.0,2000000.0,2928000000.0,1464.0,0.0,1e-06,0.0,0,0,0.0,17,6,slowloris_low_rate,1
1e-06,2,2928.0,2000000.0,2928000000.0,1464.0,0.0,1e-06,0.0,0,0,0.0,17,6,slowloris_low_rate,1
0.042516,14,1664.0,329.2877975350456,39138.206792736855,110.93333333333332,190.4938944153428,0.0032704615384615385,0.007786278781884884,0,1,0.0,6,1,benign,0
0.000303,58,24944.0,191419.14191419145,82323432.34323433,430.2372881355933,52.56599759220615,5.315789473684211e-06,1.187909011477256e-05,0,0,0.0,17,4,icmp_flood,1
5.328378,21,6264.0,3.941161831987145,1175.5922721698798,284.72727272727275,425.25019882621046,0.2664189,1.1175826411121694,0,1,0.0,6,1,http_get_flood,1
0.028162,4,0.0,142.03536680633482,0.0,0.0,0.0,0.009387333333333333,0.016255874210061215,0,0,3.0,6,1,benign,0
0.125596,32,16425.0,254.78518424153637,130776.45784897608,497.72727272727246,950.1658497575328,0.004051483870967741,0.010688495827667451,0,1,0.0,6,1,benign,0
0.000193,26,11440.0,134715.02590673574,59274611.39896373,440.0,0.0,7.720000000000002e-06,1.524663897388536e-05,0,0,0.0,17,4,icmp_flood,1
0.227831,27,10544.0,118.5088947509338,46279.91800940171,376.57142857142856,727.0145664938083,0.008762730769230771,0.02215577651369086,0,1,1.0,6,1,benign,0
4.9e-05,2,0.0,40816.32653061225,0.0,0.0,0.0,4.9e-05,0.0,0,1,0.0,6,1,syn_flood,1
4e-06,3,0.0,750000.0,0.0,0.0,0.0,2e-06,1.4142135623730952e-06,0,0,0.0,6,1,benign,0
0.005683,48,20688.0,8446.243181418267,3640330.811191273,431.18367346938766,43.181628746777136,0.00012091489361702128,0.00012449564856848794,0,0,0.0,17,4,icmp_flood,1
2e-06,4,1040.0,2000000.0,520000000.0,296.0,197.1801207018598,6.666666666666667e-07,5.773502691896258e-07,0,0,0.0,17,4,icmp_flood,1
7.170233,10,0.0,1.3946548180512406,0.0,0.0,0.0,0.7966925555555555,1.4196311004563045,0,1,4.0,6,1,benign,0
0.001019,58,25232.0,56918.54759568205,24761530.91265947,435.1186440677968,26.282998796103072,1.7877192982456148e-05,2.701194853039153e-05,0,0,0.0,17,4,icmp_flood,1
1e-06,2,0.0,2000000.0,0.0,0.0,0.0,1e-06,0.0,0,1,0.0,6,0,udp_flood,1
4.8e-05,2,0.0,41666.66666666666,0.0,0.0,0.0,4.8e-05,0.0,0,1,0.0,6,0,udp_flood,1
0.020575,4,286.0,194.4106925880924,13900.364520048604,64.6,37.79285646785646,0.006858333333333334,0.011873785636153843,0,0,1.0,17,1,benign,0
116.897208,66,7398.0,0.564598600165027,63.28637036395257,110.43283582089548,248.49493768885483,1.7984185846153846,3.780312076663625,0,0,0.0,6,1,benign,0
117.877017,329,208118.0,2.791044500218393,1765.5519735454457,630.6606060606061,875.9676715868487,0.3593811493902439,4.537705789597487,0,1,1.0,6,1,benign,0
0.000135,3,0.0,22222.222222222223,0.0,0.0,0.0,6.75e-05,9.263098833543773e-05,0,0,2.0,6,1,benign,0
1e-06,2,726.0,2000000.0,726000000.0,363.0,0.0,1e-06,0.0,0,0,0.0,17,8,pulsed_mixed_flood,1
0.025232,92,40480.0,3646.163601775523,1604311.98478123,440.0,0.0,0.0002772747252747252,0.001333537018324943,0,0,0.0,17,4,icmp_flood,1
0.000147,3,0.0,20408.163265306124,0.0,0.0,0.0,7.35e-05,9.97020561473032e-05,0,0,2.0,6,1,http_get_flood,1
0.020628,4,224.0,193.91118867558652,10859.026565832848,50.6,29.57701810527897,0.006876,0.011907849344025142,0,0,1.0,17,1,benign,0
0.000143,2,0.0,13986.013986013986,0.0,0.0,0.0,0.000143,0.0,0,0,1.0,6,1,http_get_flood,1
118.793934,233,100770.0,1.961379610511089,848.2756367004398,433.9914529914531,748.433173048142,0.5120428189655172,5.403807731613529,0,0,1.0,6,1,benign,0
0.00024,3,0.0,12500.0,0.0,0.0,0.0,0.00012,0.00016546298679765212,0,0,2.0,6,1,benign,0
0.020955,4,420.0,190.88523025530893,20042.949176807444,94.4,58.05859109554761,0.006985,0.01209664284006104,0,0,1.0,17,1,benign,0
5e-05,2,802.0,40000.0,16040000.0,401.0,0.0,5e-05,0.0,0,0,0.0,17,8,pulsed_mixed_flood,1
0.000493,12,4560.0,24340.77079107505,9249492.90060852,384.6153846153846,135.19217091578594,4.481818181818182e-05,5.730238770211619e-05,0,0,0.0,17,4,icmp_flood,1
1e-06,2,0.0,2000000.0,0.0,0.0,0.0,1e-06,0.0,0,1,0.0,6,0,udp_flood,1
10.01777,7,0.0,0.6987583064893683,0.0,0.0,0.0,1.669628333333333,4.089595406935149,0,1,0.0,6,1,http_get_flood,1
0.020585,4,264.0,194.31624969638088,12824.872479961135,60.4,30.672463220289305,0.006861666666666666,0.011880425174771031,0,0,1.0,17,1,benign,0
0.00024,3,0.0,12500.0,0.0,0.0,0.0,0.00012,0.00016546298679765212,0,0,2.0,6,1,benign,0
1e-06,2,1034.0,2000000.0,1034000000.0,517.0,0.0,1e-06,0.0,0,0,0.0,17,3,dns_amplification,1
0.020606,4,62.0,194.1182179947588,3008.8323789187616,12.4,16.97939928266015,0.006868666666666666,0.01189428158121933,0,0,3.0,6,1,benign,0
0.020629,4,456.0,193.90178874400115,22104.80391681613,105.8,44.913249715423625,0.006876333333333334,0.011904962550690085,0,0,1.0,17,1,benign,0
0.001443,4,123.0,2772.0027720027724,85239.08523908524,33.8,19.979989989987484,0.000481,0.000831384387633061,0,0,0.0,6,1,benign,0
1e-06,2,2944.0,2000000.0,2944000000.0,1472.0,0.0,1e-06,0.0,0,0,0.0,17,6,slowloris_low_rate,1
0.000721,44,19360.0,61026.35228848821,26851595.00693481,440.0,0.0,1.6767441860465118e-05,3.8349791834849644e-05,0,0,0.0,17,4,icmp_flood,1
0.286181,37,34510.0,129.28880673419968,120588.01947019545,908.157894736842,1171.9922637489294,0.00794947222222222,0.01949039112044132,0,1,0.0,6,1,benign,0
117.322669,63,9740.0,0.5369806239235829,83.01890915897933,152.18750000000003,411.3288907300415,1.892301112903226,10.393408854184557,0,1,0.0,6,1,benign,0
0.212539,6,2088.0,28.230113061602808,9824.079345437778,344.1428571428572,33.61759743263722,0.042507800000000005,0.058262718557410276,0,0,0.0,17,8,pulsed_mixed_flood,1
0.020524,4,244.0,194.89378288832583,11888.520756187878,55.8,28.48157299026864,0.006841333333333334,0.011846072865440819,0,0,1.0,17,1,benign,0
0.144984,27,8209.0,186.22744578712133,56620.04083209181,293.17857142857144,628.6967150572758,0.005576307692307692,0.013573898392928191,0,1,0.0,6,1,benign,0
0.020567,4,230.0,194.4863130257208,11182.962998978948,52.4,27.933850432763467,0.006855666666666666,0.011868300819128801,0,0,1.0,17,1,benign,0
39.592481,6,0.0,0.1515439257267055,0.0,0.0,0.0,7.9184962,10.992628952196728,0,1,0.0,6,0,udp_flood,1
0.000226,5,76.0,22123.89380530973,336283.185840708,19.0,20.81345718519632,5.65e-05,6.462455673606847e-05,0,0,0.0,6,1,benign,0
0.03235,2,0.0,61.82380216383307,0.0,0.0,0.0,0.03235,0.0,0,0,1.0,6,1,benign,0
1e-06,2,0.0,2000000.0,0.0,0.0,0.0,1e-06,0.0,0,1,0.0,6,1,syn_flood,1
1e-06,2,802.0,2000000.0,802000000.0,401.0,0.0,1e-06,0.0,0,0,0.0,17,8,pulsed_mixed_flood,1
106.378834,16,0.0,0.1504058598724629,0.0,0.0,0.0,7.091922266666668,12.07524276520866,0,0,0.0,17,1,benign,0
1e-06,2,766.0,2000000.0,766000000.0,383.0,0.0,1e-06,0.0,0,0,0.0,17,0,udp_flood,1
0.107788,4,1438.0,37.10988236167292,13341.002709021412,353.6,32.3156308928048,0.03592933333333333,0.06222969876460383,0,0,0.0,17,8,pulsed_mixed_flood,1
0.054983,2,0.0,36.37487950821164,0.0,0.0,0.0,0.054983,0.0,0,0,1.0,6,1,benign,0
0.009106,158,69520.0,17351.19701295849,7634526.685701735,440.0,0.0,5.799999999999997e-05,8.259221730268755e-05,0,0,0.0,17,4,icmp_flood,1
0.020789,4,264.0,192.4094473038626,12699.023522054931,60.4,30.672463220289305,0.0069296666666666664,0.0119999366803885,0,0,1.0,17,1,benign,0
0.000109,4,0.0,36697.247706422015,0.0,0.0,0.0,3.6333333333333327e-05,3.1390019645316145e-05,0,1,1.0,6,0,udp_flood,1
0.207849,29,9021.0,139.5243662466502,43401.70027279419,300.69999999999993,610.6157519682276,0.007423178571428572,0.016591383105012722,0,1,0.0,6,1,benign,0
2e-06,2,766.0,1000000.0,383000000.0,383.0,0.0,2e-06,0.0,0,0,0.0,17,8,pulsed_mixed_flood,1
0.020617,4,224.0,194.014648105932,10864.820293932193,53.2,15.336231610144653,0.006872333333333334,0.01189803434745981,0,0,1.0,17,1,benign,0
0.036294,4,274.0,110.21105416873311,7549.457210558219,61.8,36.69741135284613,0.012098,0.02095002054891593,0,0,1.0,17,1,benign,0
0.020933,6,62.0,286.6287679740123,2961.8306023981268,8.857142857142858,15.126451130702266,0.0041866,0.009272313104074949,0,0,5.0,6,1,benign,0
0.000175,3,0.0,17142.85714285714,0.0,0.0,0.0,8.75e-05,0.00011950104602052652,0,0,2.0,6,1,benign,0
1e-06,2,2944.0,2000000.0,2944000000.0,1472.0,0.0,1e-06,0.0,0,0,0.0,17,6,slowloris_low_rate,1
0.020822,4,62.0,192.10450485063876,2977.6198251849005,12.4,16.97939928266015,0.006940666666666666,0.012018123245055082,0,0,3.0,6,1,benign,0
0.020678,4,728.0,193.4423058322856,35206.499661475966,153.0,158.8395416764982,0.006892666666666666,0.011932386698952285,0,0,1.0,17,1,benign,0
107.592807,16,0.0,0.1487088258604499,0.0,0.0,0.0,7.172853800000002,8.160862420273714,0,1,0.0,6,1,syn_flood,1
0.274659,35,33686.0,127.43074139205342,122646.62727236318,935.7222222222224,1165.4897587614307,0.00807820588235294,0.01945546832653516,0,1,1.0,6,1,benign,0
59.151074,43,9296.0,0.7269521429145986,157.156909779863,211.2727272727272,518.6255701656044,1.4083589047619047,9.031988678338285,0,1,0.0,6,1,benign,0
1e-06,2,0.0,2000000.0,0.0,0.0,0.0,1e-06,0.0,0,1,0.0,6,1,syn_flood,1
6.2e-05,3,0.0,48387.096774193546,0.0,0.0,0.0,3.1e-05,4.1012193308819764e-05,0,0,2.0,6,1,benign,0
7.240316,10,0.0,1.3811551871492902,0.0,0.0,0.0,0.8044795555555555,1.4386859705437032,0,1,4.0,6,1,benign,0
0.215631,6,2088.0,27.82531268695132,9683.20881505906,344.1428571428572,33.61759743263722,0.043126199999999996,0.05907262380070822,0,0,0.0,17,8,pulsed_mixed_flood,1
4.8e-05,2,0.0,41666.66666666666,0.0,0.0,0.0,4.8e-05,0.0,0,1,0.0,6,1,syn_flood,1
116.997072,47,8218.0,0.4017194549962754,70.24107406722109,171.20833333333331,470.8639392550466,2.5434146086956524,11.970890796633071,0,1,0.0,6,1,benign,0
0.180041,2,0.0,11.108580823256924,0.0,0.0,0.0,0.180041,0.0,0,0,1.0,6,1,benign,0
0.105487,2,0.0,18.95968223572573,0.0,0.0,0.0,0.105487,0.0,0,0,1.0,6,1,benign,0
0.000208,3,0.0,14423.076923076924,0.0,0.0,0.0,0.000104,0.0001442497833620557,0,0,2.0,6,1,benign,0
0.020876,4,320.0,191.6075876604713,15328.607012837709,70.4,52.58136552049595,0.006958666666666666,0.012049300159483677,0,0,1.0,17,1,benign,0
0.000115,3,0.0,26086.95652173913,0.0,0.0,0.0,5.75e-05,7.707463914933369e-05,0,0,2.0,6,1,http_get_flood,1
5.4e-05,4,0.0,74074.07407407407,0.0,0.0,0.0,1.8e-05,2.944486372867091e-05,0,1,1.0,6,1,syn_flood,1
0.033855,3,24.0,88.61320336730171,708.9056269384137,12.0,13.85640646055102,0.0169275,0.023934857436383447,0,0,2.0,6,1,benign,0
1e-06,2,766.0,2000000.0,766000000.0,383.0,0.0,1e-06,0.0,0,0,0.0,17,8,pulsed_mixed_flood,1
0.020695,4,320.0,193.28340178787144,15462.672143029717,70.4,52.58136552049595,0.006898333333333334,0.011943067668456596,0,0,1.0,17,1,benign,0
1e-06,2,2944.0,2000000.0,2944000000.0,1472.0,0.0,1e-06,0.0,0,0,0.0,17,6,slowloris_low_rate,1
27.76364,6,0.0,0.216109991341193,0.0,0.0,0.0,5.552728,12.416217453775001,0,1,0.0,6,0,udp_flood,1
1e-06,2,750.0,2000000.0,750000000.0,375.0,0.0,1e-06,0.0,0,0,0.0,17,8,pulsed_mixed_flood,1
1e-06,2,0.0,2000000.0,0.0,0.0,0.0,1e-06,0.0,0,1,0.0,6,1,syn_flood,1
5.627784,21,5980.0,3.73148649628344,1062.5852022749982,271.8181818181818,419.3307180284448,0.2813892,1.120269359117313,0,1,0.0,6,1,http_get_flood,1
0.020629,4,280.0,193.90178874400115,13573.12521208008,64.6,29.57701810527897,0.006876333333333334,0.011904962550690085,0,0,1.0,17,1,benign,0
0.000157,3,0.0,19108.280254777063,0.0,0.0,0.0,7.85e-05,0.0001081873375215418,0,0,2.0,6,1,benign,0
0.000933,4,123.0,4287.245444801715,131832.79742765272,33.8,19.979989989987484,0.000311,0.0005334716487312142,0,0,0.0,6,1,benign,0
1e-06,2,2944.0,2000000.0,2944000000.0,1472.0,0.0,1e-06,0.0,0,0,0.0,17,6,slowloris_low_rate,1
0.032961,3,0.0,91.0166560480568,0.0,0.0,0.0,0.0164805,0.02330411818756505,0,0,2.0,6,1,benign,0
1e-06,2,2944.0,2000000.0,2944000000.0,1472.0,0.0,1e-06,0.0,0,0,0.0,17,3,dns_amplification,1
4.9e-05,2,0.0,40816.32653061225,0.0,0.0,0.0,4.9e-05,0.0,0,1,0.0,6,0,udp_flood,1
0.102099,2,0.0,19.58883044887805,0.0,0.0,0.0,0.102099,0.0,0,0,1.0,6,1,benign,0
94.779373,18,0.0,0.1899147402040737,0.0,0.0,0.0,5.57525723529412,7.0135214878472745,0,1,0.0,6,1,syn_flood,1
4.9e-05,2,0.0,40816.32653061225,0.0,0.0,0.0,4.9e-05,0.0,0,1,0.0,6,0,udp_flood,1
0.045284,4,160.0,88.33141948591114,3533.256779436446,38.4,8.763560920082657,0.015094666666666668,0.02614039946774596,0,0,1.0,17,1,benign,0
0.000208,3,0.0,14423.076923076924,0.0,0.0,0.0,0.000104,0.0001428355697996826,0,0,2.0,6,1,benign,0
0.021053,4,644.0,189.9966750581865,30589.464684368024,135.4,140.21697472132252,0.007017666666666666,0.012152357151323909,0,0,1.0,17,1,benign,0
1e-06,2,2944.0,2000000.0,2944000000.0,1472.0,0.0,1e-06,0.0,0,0,0.0,17,3,dns_amplification,1
0.045068,4,156.0,88.75477056891809,3461.436052187805,37.4,8.763560920082657,0.015022666666666669,0.026015691809623924,0,0,1.0,17,1,benign,0
2e-06,2,2944.0,1000000.0,1472000000.0,1472.0,0.0,2e-06,0.0,0,0,0.0,17,6,slowloris_low_rate,1
1e-06,2,0.0,2000000.0,0.0,0.0,0.0,1e-06,0.0,0,1,0.0,6,1,syn_flood,1
0.00012,4,0.0,33333.333333333336,0.0,0.0,0.0,4e-05,3.567912554982254e-05,0,1,1.0,6,1,syn_flood,1
0.067397,4,204.0,59.34982269240471,3026.84095731264,49.4,8.763560920082657,0.022465666666666665,0.0389064799401505,0,0,1.0,17,1,benign,0
0.314881,23,14276.0,73.04346721459851,45337.76251980908,594.8333333333333,970.4971234716088,0.014312772727272731,0.04027630242277273,0,1,0.0,6,1,benign,0
1.061674,6,0.0,5.651452329057696,0.0,0.0,0.0,0.2123348,0.46648148465528616,0,1,2.0,6,1,benign,0
15.56738,40,27268.0,2.5694754030543354,1751.6113822621403,665.0731707317076,997.08746833575,0.39916358974358973,1.734386462747027,0,1,1.0,6,1,benign,0
1e-06,2,2944.0,2000000.0,2944000000.0,1472.0,0.0,1e-06,0.0,0,0,0.0,17,6,slowloris_low_rate,1
115.587988,59,2634.0,0.5104336620168525,22.78783501275236,43.90000000000001,173.03009437471286,1.9928963448275863,3.969526724349192,0,1,0.0,6,1,benign,0
0.459412,9,754.0,19.590258852620305,1641.228352763968,75.39999999999998,158.95715705113054,0.0574265,0.13616457932118134,0,1,0.0,6,1,benign,0
4.9e-05,2,2896.0,40816.32653061225,59102040.81632654,1448.0,0.0,4.9e-05,0.0,0,0,0.0,17,3,dns_amplification,1
0.040128,4,0.0,99.6810207336523,0.0,0.0,0.0,0.013376,0.02316531353122595,0,0,3.0,6,1,benign,0
0.021082,2,0.0,94.86765961483732,0.0,0.0,0.0,0.021082,0.0,0,0,1.0,6,1,benign,0
0.025005,2,0.0,79.98400319936012,0.0,0.0,0.0,0.025005,0.0,0,0,1.0,6,1,benign,0
1e-06,2,2944.0,2000000.0,2944000000.0,1472.0,0.0,1e-06,0.0,0,0,0.0,17,6,slowloris_low_rate,1
1e-06,2,2944.0,2000000.0,2944000000.0,1472.0,0.0,1e-06,0.0,0,0,0.0,17,3,dns_amplification,1
0.106171,4,1438.0,37.675071347166366,13544.188149306308,353.6,32.3156308928048,0.03539033333333333,0.06129525735595972,0,0,0.0,17,8,pulsed_mixed_flood,1
0.495224,9,844.0,18.17359417152642,1704.2792756409222,84.39999999999998,177.93082301214082,0.061903,0.15395497934971586,0,1,0.0,6,1,benign,0
0.020585,4,274.0,194.31624969638088,13310.663104202087,60.8,42.17463692789779,0.006861666666666666,0.011880425174771031,0,0,1.0,17,1,benign,0
110.321887,20,0.0,0.1812876895406983,0.0,0.0,0.0,5.8064151052631585,7.162422233586794,0,1,0.0,6,1,syn_flood,1
2e-06,2,804.0,1000000.0,402000000.0,402.0,0.0,2e-06,0.0,0,0,0.0,17,0,udp_flood,1
0.000198,3,0.0,15151.515151515152,0.0,0.0,0.0,9.9e-05,0.0001357645019878171,0,0,2.0,6,1,benign,0
1e-06,2,2944.0,2000000.0,2944000000.0,1472.0,0.0,1e-06,0.0,0,0,0.0,17,3,dns_amplification,1
0.020589,4,156.0,194.27849822720867,7576.861430861139,37.4,8.763560920082657,0.006863,0.011881002525039711,0,0,1.0,17,1,benign,0
115.466581,52,0.0,0.4503467544431752,0.0,0.0,0.0,2.2640506078431373,4.125256957921715,0,0,0.0,17,1,benign,0
0.020549,4,222.0,194.6566742907197,10803.445423134945,49.4,33.411076007815126,0.006849666666666666,0.011861372615904676,0,0,1.0,17,1,benign,0
1e-06,2,802.0,2000000.0,802000000.0,401.0,0.0,1e-06,0.0,0,0,0.0,17,8,pulsed_mixed_flood,1
1e-06,2,750.0,2000000.0,750000000.0,375.0,0.0,1e-06,0.0,0,0,0.0,17,8,pulsed_mixed_flood,1
4.9e-05,2,2944.0,40816.32653061225,60081632.65306122,1472.0,0.0,4.9e-05,0.0,0,0,0.0,17,3,dns_amplification,1
0.108395,4,1398.0,36.9020711287421,12897.273859495364,345.6,21.36117974270148,0.03613166666666667,0.0625394515992372,0,0,0.0,17,8,pulsed_mixed_flood,1
1e-06,2,2944.0,2000000.0,2944000000.0,1472.0,0.0,1e-06,0.0,0,0,0.0,17,6,slowloris_low_rate,1
0.21513,6,2088.0,27.89011295495747,9705.7593083252,344.1428571428572,33.61759743263722,0.043026,0.058942148344796524,0,0,0.0,17,8,pulsed_mixed_flood,1
0.000403,84,36240.0,208436.72456575683,89925558.31265509,431.5294117647059,54.89179577767045,4.855421686746987e-06,1.2356624104958089e-05,0,0,0.0,17,4,icmp_flood,1
6.4e-05,3,0.0,46875.0,0.0,0.0,0.0,3.2e-05,4.2426406871192855e-05,0,0,2.0,6,1,benign,0
0.000397,4,0.0,10075.566750629723,0.0,0.0,0.0,0.00013233333333333332,0.00022661053226479425,0,0,3.0,6,1,benign,0
0.020797,4,324.0,192.33543299514355,15579.170072606626,70.8,55.867700865526935,0.006932333333333334,0.01200195739591394,0,0,1.0,17,1,benign,0
4.9e-05,2,802.0,40816.32653061225,16367346.938775511,401.0,0.0,4.9e-05,0.0,0,0,0.0,17,8,pulsed_mixed_flood,1
0.000445,80,34624.0,179775.2808988764,77806741.5730337,432.88888888888886,44.97110183217663,5.632911392405063e-06,1.4977056996850884e-05,0,0,0.0,17,4,icmp_flood,1
0.000113,4,0.0,35398.230088495584,0.0,0.0,0.0,3.766666666666667e-05,6.350852961085883e-05,0,1,1.0,6,1,syn_flood,1
5e-05,4,0.0,80000.0,0.0,0.0,0.0,1.6666666666666664e-05,2.8005951748393286e-05,0,1,1.0,6,1,syn_flood,1
4.6e-05,2,0.0,43478.260869565216,0.0,0.0,0.0,4.6e-05,0.0,0,1,0.0,6,1,syn_flood,1
1e-06,2,31.0,2000000.0,31000000.0,20.666666666666664,17.8978583448784,1e-06,0.0,0,0,0.0,6,1,benign,0
1e-06,2,2896.0,2000000.0,2896000000.0,1448.0,0.0,1e-06,0.0,0,0,0.0,17,3,dns_amplification,1
1e-06,2,2944.0,2000000.0,2944000000.0,1472.0,0.0,1e-06,0.0,0,0,0.0,17,6,slowloris_low_rate,1
0.007957,148,65120.0,18599.97486489883,8183988.940555485,440.0,0.0,5.412925170068029e-05,0.00015694210921650894,0,0,0.0,17,4,icmp_flood,1
0.054684,4,84.0,73.1475385853266,1536.0983102918583,16.8,23.004347415216976,0.018228,0.03156922404811369,0,0,3.0,6,1,benign,0
0.213098,6,2088.0,28.15605965330505,9798.308759350157,344.1428571428572,33.61759743263722,0.0426196,0.058405292635171344,0,0,0.0,17,8,pulsed_mixed_flood,1
1e-06,2,2944.0,2000000.0,2944000000.0,1472.0,0.0,1e-06,0.0,0,0,0.0,17,6,slowloris_low_rate,1
4.8e-05,2,2944.0,41666.66666666666,61333333.33333333,1472.0,0.0,4.8e-05,0.0,0,0,0.0,17,6,slowloris_low_rate,1
1e-06,2,2944.0,2000000.0,2944000000.0,1472.0,0.0,1e-06,0.0,0,0,0.0,17,6,slowloris_low_rate,1
0.020669,4,172.0,193.52653732643088,8321.641105036528,41.4,8.763560920082657,0.006889666666666666,0.011928922597340186,0,0,1.0,17,1,benign,0
7.203943,10,0.0,1.388128695632378,0.0,0.0,0.0,0.8004381111111111,1.4307043022352177,0,1,4.0,6,1,benign,0
1e-06,2,2720.0,2000000.0,2720000000.0,1360.0,0.0,1e-06,0.0,0,0,0.0,17,3,dns_amplification,1
0.020626,4,280.0,193.9299912731504,13575.099389120527,63.2,37.24513391035129,0.006875333333333334,0.011904096535786885,0,0,1.0,17,1,benign,0
7.6e-05,2,2944.0,26315.78947368421,38736842.10526316,1472.0,0.0,7.6e-05,0.0,0,0,0.0,17,6,slowloris_low_rate,1
2.6e-05,3,0.0,115384.6153846154,0.0,0.0,0.0,1.3e-05,1.697056274847714e-05,0,0,2.0,6,1,http_get_flood,1
0.000158,3,0.0,18987.3417721519,0.0,0.0,0.0,7.9e-05,0.00010748023074035523,0,0,2.0,6,1,benign,0
58.911265,46,9884.0,0.7808353801263647,167.77775863410844,210.2978723404256,416.1109757334087,1.3091392222222222,8.704159064795379,0,1,1.0,6,1,benign,0
0.020874,4,438.0,191.6259461531092,20983.04110376545,98.0,62.9880941130941,0.006958,0.01204814545894927,0,0,1.0,17,1,benign,0
0.010164,196,86240.0,19283.74655647383,8484848.484848486,440.0,0.0,5.2123076923076926e-05,9.343223593671099e-05,0,0,0.0,17,4,icmp_flood,1
0.072585,8,62.0,110.21560928566508,854.1709719639044,6.888888888888888,13.669715107167056,0.010369285714285716,0.015512931011624742,0,0,7.0,6,1,benign,0
1e-06,2,2944.0,2000000.0,2944000000.0,1472.0,0.0,1e-06,0.0,0,0,0.0,17,3,dns_amplification,1
36.479546,6,0.0,0.1644757311398557,0.0,0.0,0.0,7.2959092000000005,10.589075623306654,0,1,0.0,6,0,udp_flood,1
1e-06,2,2928.0,2000000.0,2928000000.0,1464.0,0.0,1e-06,0.0,0,0,0.0,17,6,slowloris_low_rate,1
0.000159,3,0.0,18867.924528301886,0.0,0.0,0.0,7.95e-05,0.0001081873375215418,0,0,2.0,6,1,benign,0
3e-06,2,0.0,666666.6666666665,0.0,0.0,0.0,3e-06,0.0,0,1,0.0,6,0,udp_flood,1
7.162139,10,0.0,1.3962309304524807,0.0,0.0,0.0,0.795793222222222,1.410829648554068,0,1,4.0,6,1,benign,0
108.646823,8,0.0,0.0736330780698484,0.0,0.0,0.0,15.520974714285712,21.27917070431913,0,1,0.0,6,1,syn_flood,1
0.000127,2,0.0,15748.031496062991,0.0,0.0,0.0,0.000127,0.0,0,0,1.0,6,1,http_get_flood,1
17.629599,4,0.0,0.2268911505020619,0.0,0.0,0.0,5.876533,10.178411293139858,0,1,0.0,6,0,udp_flood,1
4.6e-05,2,2944.0,43478.260869565216,64000000.0,1472.0,0.0,4.6e-05,0.0,0,0,0.0,17,3,dns_amplification,1
7.284749,10,0.0,1.3727308929930189,0.0,0.0,0.0,0.8094165555555555,1.4463494755741189,0,1,4.0,6,1,benign,0
0.105756,4,1438.0,37.82291312076856,13597.337266916298,353.6,32.3156308928048,0.035252,0.0610565230176105,0,0,0.0,17,8,pulsed_mixed_flood,1
1e-06,2,0.0,2000000.0,0.0,0.0,0.0,1e-06,0.0,0,1,0.0,6,1,syn_flood,1
0.004263,44,19360.0,10321.369927281256,4541402.768003752,440.0,0.0,9.913953488372092e-05,0.0005340599476514719,0,0,0.0,17,4,icmp_flood,1
0.046313,4,256.0,86.36883812320515,5527.60563988513,58.8,28.48157299026864,0.015437666666666667,0.026736224945443088,0,0,1.0,17,1,benign,0
0.020767,4,172.0,192.61328068570327,8282.371069485242,41.4,8.763560920082657,0.006922333333333334,0.011984636887838252,0,0,1.0,17,1,benign,0
0.040138,2,0.0,49.82809307887787,0.0,0.0,0.0,0.040138,0.0,0,0,1.0,6,1,benign,0
0.241587,51,21918.0,211.1040743086341,90725.08040581654,421.5,861.2960707959993,0.004831739999999999,0.015179964292138906,0,1,0.0,6,1,benign,0
0.020554,4,290.0,194.6093217865136,14109.175829522235,66.6,32.3156308928048,0.006851333333333334,0.011862527316442028,0,0,1.0,17,1,benign,0
1.68014,39,28514.0,23.212351351673075,16971.204780554002,712.85,965.3168086310532,0.04421421052631579,0.20566326174772012,0,1,1.0,6,1,benign,0
1e-06,2,2944.0,2000000.0,2944000000.0,1472.0,0.0,1e-06,0.0,0,0,0.0,17,6,slowloris_low_rate,1
0.020566,4,200.0,194.49576971700864,9724.788485850431,48.4,8.763560920082657,0.006855333333333334,0.011868589483731136,0,0,1.0,17,1,benign,0
1e-06,2,0.0,2000000.0,0.0,0.0,0.0,1e-06,0.0,0,1,0.0,6,1,syn_flood,1
0.055463,4,0.0,72.12015217352109,0.0,0.0,0.0,0.01848766666666667,0.017060734401933973,0,0,3.0,6,1,benign,0
0.02091,4,392.0,191.29603060736488,18747.01099952176,96.4,8.763560920082657,0.00697,0.012067197976332369,0,0,1.0,17,1,benign,0
0.02089,4,410.0,191.47917663954047,19626.61560555289,91.4,60.79720388307344,0.0069633333333333335,0.012056517006720197,0,0,1.0,17,1,benign,0
1.541503,76,10072.0,49.30253136062661,6533.882840318832,130.80519480519482,373.6088243830295,0.02055337333333333,0.05826874132583074,0,1,1.0,6,1,benign,0
1e-06,2,0.0,2000000.0,0.0,0.0,0.0,1e-06,0.0,0,1,0.0,6,1,syn_flood,1
2e-06,2,2832.0,1000000.0,1416000000.0,1416.0,0.0,2e-06,0.0,0,0,0.0,17,3,dns_amplification,1
1e-06,2,2944.0,2000000.0,2944000000.0,1472.0,0.0,1e-06,0.0,0,0,0.0,17,3,dns_amplification,1
1e-06,2,2944.0,2000000.0,2944000000.0,1472.0,0.0,1e-06,0.0,0,0,0.0,17,6,slowloris_low_rate,1
1e-06,2,0.0,2000000.0,0.0,0.0,0.0,1e-06,0.0,0,1,0.0,6,1,syn_flood,1
1e-06,2,2944.0,2000000.0,2944000000.0,1472.0,0.0,1e-06,0.0,0,0,0.0,17,6,slowloris_low_rate,1
1e-06,2,0.0,2000000.0,0.0,0.0,0.0,1e-06,0.0,0,1,0.0,6,1,syn_flood,1
0.000206,3,0.0,14563.106796116504,0.0,0.0,0.0,0.000103,0.0001428355697996826,0,0,2.0,6,1,benign,0
1e-06,2,766.0,2000000.0,766000000.0,383.0,0.0,1e-06,0.0,0,0,0.0,17,8,pulsed_mixed_flood,1
0.006845,52,22880.0,7596.785975164353,3342585.829072315,440.0,0.0,0.00013421568627450977,0.0009003659770054727,0,0,0.0,17,4,icmp_flood,1
0.002062,42,18048.0,20368.57419980601,8752667.31328807,429.953488372093,46.0258485803524,5.0292682926829276e-05,7.658728481361611e-05,0,0,0.0,17,4,icmp_flood,1
2e-06,2,0.0,1000000.0,0.0,0.0,0.0,2e-06,0.0,0,1,0.0,6,1,syn_flood,1
4e-06,3,0.0,750000.0,0.0,0.0,0.0,2e-06,0.0,0,0,0.0,6,1,benign,0
60.330645,25,10224.0,0.4143831049709481,169.46611460891893,393.2307692307692,741.0846271616922,2.5137768749999996,12.236217701309755,0,1,0.0,6,1,benign,0
1e-06,2,0.0,2000000.0,0.0,0.0,0.0,1e-06,0.0,0,1,0.0,6,1,syn_flood,1
2e-06,2,968.0,1000000.0,484000000.0,484.0,0.0,2e-06,0.0,0,0,0.0,17,8,pulsed_mixed_flood,1
0.551581,27,14580.0,48.95019951738728,26433.10773938914,520.7142857142857,818.7759996275768,0.021214653846153852,0.04716758540942481,0,1,0.0,6,1,benign,0
0.015769,200,88000.0,12683.112435791743,5580569.471748368,440.0,0.0,7.92412060301508e-05,0.0001609759129687231,0,0,0.0,17,4,icmp_flood,1
0.082588,28,15422.0,339.0323049353417,186734.15023974425,531.7931034482759,786.3441803375534,0.0030588148148148154,0.007921266968576706,0,1,1.0,6,1,benign,0
0.257825,6,2054.0,23.27159895277805,7966.644041501016,339.42857142857144,23.957303290487022,0.051565,0.0706131669839273,0,0,0.0,17,8,pulsed_mixed_flood,1
105.766773,16,0.0,0.1512762424925264,0.0,0.0,0.0,7.051118200000001,9.334282052604033,0,1,0.0,6,1,syn_flood,1
0.236191,73,47554.0,309.0718952034581,201337.05348637328,642.6216216216218,1067.503048697359,0.003280430555555556,0.012747123294171108,0,1,1.0,6,1,benign,0
0.000257,3,0.0,11673.151750972762,0.0,0.0,0.0,0.0001285,0.00017748380207782344,0,0,2.0,6,1,benign,0
0.054734,3,0.0,54.81053823948552,0.0,0.0,0.0,0.027367,0.038699954134339735,0,0,2.0,6,1,benign,0
0.020567,4,152.0,194.4863130257208,7390.479894977391,36.4,8.763560920082657,0.006855666666666666,0.011870032869934832,0,0,1.0,17,1,benign,0
1e-06,2,0.0,2000000.0,0.0,0.0,0.0,1e-06,0.0,0,1,0.0,6,1,syn_flood,1
7.2e-05,3,0.0,41666.66666666666,0.0,0.0,0.0,3.6e-05,4.8083261120685215e-05,0,0,2.0,6,1,benign,0
0.020588,4,196.0,194.287934719254,9520.108801243445,46.2,15.336231610144653,0.006862666666666666,0.01188129118965331,0,0,1.0,17,1,benign,0
1e-06,2,2944.0,2000000.0,2944000000.0,1472.0,0.0,1e-06,0.0,0,0,0.0,17,3,dns_amplification,1
0.01257,82,36080.0,6523.468575974544,2870326.1734287986,440.0,0.0,0.00015518518518518512,0.0008893830320945963,0,0,0.0,17,4,icmp_flood,1
1e-06,2,2944.0,2000000.0,2944000000.0,1472.0,0.0,1e-06,0.0,0,0,0.0,17,6,slowloris_low_rate,1
5.491989,7,0.0,1.2745837619121232,0.0,0.0,0.0,0.9153315,2.2220276711782643,0,1,0.0,6,1,benign,0
4.9e-05,2,0.0,40816.32653061225,0.0,0.0,0.0,4.9e-05,0.0,0,1,0.0,6,1,syn_flood,1
0.107609,4,1438.0,37.17161203988514,13363.194528338709,353.6,32.3156308928048,0.035869666666666675,0.06212548704302714,0,0,0.0,17,8,pulsed_mixed_flood,1
1e-06,2,2944.0,2000000.0,2944000000.0,1472.0,0.0,1e-06,0.0,0,0,0.0,17,3,dns_amplification,1
30.030187,15,2868.0,0.4994973890771976,95.50390079156016,179.25000000000003,353.0298382101245,2.145013357142857,7.999555403574862,0,1,0.0,6,1,benign,0
1e-06,2,2944.0,2000000.0,2944000000.0,1472.0,0.0,1e-06,0.0,0,0,0.0,17,3,dns_amplification,1
3e-06,2,2944.0,666666.6666666665,981333333.3333333,1472.0,0.0,3e-06,0.0,0,0,0.0,17,0,udp_flood,1
1e-06,2,2944.0,2000000.0,2944000000.0,1472.0,0.0,1e-06,0.0,0,0,0.0,17,6,slowloris_low_rate,1
1e-06,2,766.0,2000000.0,766000000.0,383.0,0.0,1e-06,0.0,0,0,0.0,17,0,udp_flood,1
0.141355,29,7471.0,205.15722825510244,52852.74663082309,249.03333333333336,543.3247890873207,0.005048392857142857,0.012731733611958469,0,1,0.0,6,1,benign,0
1e-06,2,2944.0,2000000.0,2944000000.0,1472.0,0.0,1e-06,0.0,0,0,0.0,17,3,dns_amplification,1
0.131027,6,132.0,45.79208865348363,1007.42595037664,23.28571428571429,16.007438746973087,0.0262054,0.058344691179232404,0,0,1.0,6,1,benign,0
0.020602,4,208.0,194.1559071934764,10096.107174060771,50.4,8.763560920082657,0.006867333333333334,0.011889374093421962,0,0,1.0,17,1,benign,0
2e-06,2,2944.0,1000000.0,1472000000.0,1472.0,0.0,2e-06,0.0,0,0,0.0,17,6,slowloris_low_rate,1
2e-06,2,0.0,1000000.0,0.0,0.0,0.0,2e-06,0.0,0,0,0.0,6,1,benign,0
0.107526,4,1398.0,37.20030504250135,13001.506612354222,345.6,21.36117974270148,0.035842,0.06203686841709532,0,0,0.0,17,0,udp_flood,1
0.10787,4,1398.0,37.0816723834245,12960.04449800686,345.6,21.36117974270148,0.03595666666666667,0.062237208567972685,0,0,0.0,17,0,udp_flood,1
110.37339,114,44830.0,1.0328576480254887,406.1667400086199,389.8260869565217,755.3352835275017,0.9767556637168142,2.891040714966037,0,1,1.0,6,1,benign,0
4e-06,3,0.0,750000.0,0.0,0.0,0.0,2e-06,1.4142135623730952e-06,0,0,0.0,6,1,benign,0
2e-06,2,2944.0,1000000.0,1472000000.0,1472.0,0.0,2e-06,0.0,0,0,0.0,17,6,slowloris_low_rate,1
0.020641,4,218.0,193.78906060752868,10561.503803110314,49.8,25.74296020274281,0.006880333333333334,0.011912756789817097,0,0,1.0,17,1,benign,0
1e-06,2,2944.0,2000000.0,2944000000.0,1472.0,0.0,1e-06,0.0,0,0,0.0,17,3,dns_amplification,1
0.020775,4,156.0,192.5391095066186,7509.025270758122,37.4,8.763560920082657,0.006925,0.011990121725820802,0,0,1.0,17,1,benign,0
0.020875,4,410.0,191.61676646706584,19640.71856287425,91.4,60.79720388307344,0.006958333333333334,0.012046990716910731,0,0,1.0,17,1,benign,0
0.02084,4,290.0,191.93857965451056,13915.547024952017,66.6,32.3156308928048,0.006946666666666666,0.012026783457489096,0,0,1.0,17,1,benign,0
4.9e-05,2,0.0,40816.32653061225,0.0,0.0,0.0,4.9e-05,0.0,0,1,0.0,6,0,udp_flood,1
0.020599,4,404.0,194.18418369823775,19612.602553522014,92.8,44.913249715423625,0.006866333333333334,0.011887642042614393,0,0,1.0,17,1,benign,0
119.015148,156,18184.0,1.3107575180261928,152.78727376787364,115.82165605095535,227.20327234418647,0.7678396645161291,6.570224060191404,0,1,1.0,6,1,benign,0
0.020789,4,588.0,192.4094473038626,28284.188753667808,134.2,70.10848736066126,0.0069296666666666664,0.0119999366803885,0,0,1.0,17,1,benign,0
5.621713,7,0.0,1.245172067659804,0.0,0.0,0.0,0.9369521666666664,2.2683124238841894,0,1,0.0,6,1,benign,0
20.805154,101,72328.0,4.8545663252480615,3476.4462690350665,709.0980392156862,986.9391878885835,0.20805154,2.0596034010356665,0,1,1.0,6,1,benign,0
0.020528,4,220.0,194.8558067030397,10717.069368667186,50.2,26.290682760247968,0.006842666666666666,0.011845784243068643,0,0,1.0,17,1,benign,0
0.020737,4,284.0,192.89193229493185,13695.327192940156,65.4,30.672463220289305,0.006912333333333334,0.011969048472344547,0,0,1.0,17,1,benign,0
0.020664,4,160.0,193.57336430507164,7742.934572202867,38.4,8.763560920082657,0.006888,0.01192776789680282,0,0,1.0,17,1,benign,0
1e-06,2,2928.0,2000000.0,2928000000.0,1464.0,0.0,1e-06,0.0,0,0,0.0,17,3,dns_amplification,1
0.001077,165,72600.0,153203.3426183844,67409470.75208913,440.0,0.0,6.567073170731707e-06,1.4031135884282577e-05,0,0,0.0,17,4,icmp_flood,1
1e-06,2,2944.0,2000000.0,2944000000.0,1472.0,0.0,1e-06,0.0,0,0,0.0,17,3,dns_amplification,1
1e-06,2,2944.0,2000000.0,2944000000.0,1472.0,0.0,1e-06,0.0,0,0,0.0,17,3,dns_amplification,1
0.020541,4,264.0,194.73248624701816,12852.344092303198,60.4,30.672463220289305,0.006847,0.011857619828616536,0,0,1.0,17,1,benign,0
1e-06,2,2944.0,2000000.0,2944000000.0,1472.0,0.0,1e-06,0.0,0,0,0.0,17,3,dns_amplification,1
1e-06,2,766.0,2000000.0,766000000.0,383.0,0.0,1e-06,0.0,0,0,0.0,17,8,pulsed_mixed_flood,1
1e-06,2,2944.0,2000000.0,2944000000.0,1472.0,0.0,1e-06,0.0,0,0,0.0,17,3,dns_amplification,1
15.173359,25,5620.0,1.6476246294574588,370.3860167020368,216.15384615384616,413.6442618780242,0.6322232916666668,2.2329277948599517,0,1,1.0,6,1,benign,0
1e-06,2,802.0,2000000.0,802000000.0,401.0,0.0,1e-06,0.0,0,0,0.0,17,8,pulsed_mixed_flood,1
0.120817,2,0.0,16.55396177690226,0.0,0.0,0.0,0.120817,0.0,0,0,1.0,6,1,benign,0
0.007897,200,88000.0,25326.073192351527,11143472.204634672,440.0,0.0,3.968341708542713e-05,0.00024014037409205607,0,0,0.0,17,4,icmp_flood,1
1e-06,2,2944.0,2000000.0,2944000000.0,1472.0,0.0,1e-06,0.0,0,0,0.0,17,3,dns_amplification,1
2e-06,2,2544.0,1000000.0,1272000000.0,1272.0,0.0,2e-06,0.0,0,0,0.0,17,6,slowloris_low_rate,1
1e-06,2,2944.0,2000000.0,2944000000.0,1472.0,0.0,1e-06,0.0,0,0,0.0,17,3,dns_amplification,1
0.054658,2,0.0,36.5911668923122,0.0,0.0,0.0,0.054658,0.0,0,0,1.0,6,1,benign,0
0.020656,4,262.0,193.64833462432225,12683.965917893103,61.4,22.456624857711805,0.006885333333333334,0.011922283058765772,0,0,1.0,17,1,benign,0
4.5e-05,2,2896.0,44444.444444444445,64355555.55555555,1448.0,0.0,4.5e-05,0.0,0,0,0.0,17,3,dns_amplification,1
0.000844,13,980.0,15402.843601895736,1161137.4407582935,70.0,135.03162022851708,7.033333333333331e-05,8.846502476154405e-05,0,1,1.0,6,1,http_get_flood,1
0.020582,4,192.0,194.34457292780095,9328.539500534447,46.4,8.763560920082657,0.006860666666666666,0.011877827088038171,0,0,1.0,17,1,benign,0
21.862137,4,0.0,0.1829647303006105,0.0,0.0,0.0,7.287379,12.622108949959669,0,1,0.0,6,0,udp_flood,1
0.020783,4,316.0,192.4649954289564,15204.734638887552,69.4,52.58136552049595,0.006927666666666666,0.011994740527970303,0,0,1.0,17,1,benign,0
6.043464,27,9253.0,4.467636441616927,1531.0755553437564,330.4642857142857,764.7737250514696,0.23244092307692304,1.1117041259355986,0,1,0.0,6,1,benign,0
1e-06,2,2944.0,2000000.0,2944000000.0,1472.0,0.0,1e-06,0.0,0,0,0.0,17,6,slowloris_low_rate,1
0.016216,200,88000.0,12333.4977799704,5426739.023186975,440.0,0.0,8.14874371859296e-05,0.00015322495706522897,0,0,0.0,17,4,icmp_flood,1
0.05455,4,176.0,73.32722273143905,3226.397800183318,42.4,8.763560920082657,0.018183333333333336,0.031482333225689184,0,0,1.0,17,1,benign,0
1e-06,2,0.0,2000000.0,0.0,0.0,0.0,1e-06,0.0,0,1,0.0,6,0,udp_flood,1
4.9e-05,2,750.0,40816.32653061225,15306122.448979592,375.0,0.0,4.9e-05,0.0,0,0,0.0,17,8,pulsed_mixed_flood,1
2e-06,2,2944.0,1000000.0,1472000000.0,1472.0,0.0,2e-06,0.0,0,0,0.0,17,3,dns_amplification,1
3e-06,2,0.0,666666.6666666665,0.0,0.0,0.0,3e-06,0.0,0,0,0.0,6,1,benign,0
6.4e-05,3,0.0,46875.0,0.0,0.0,0.0,3.2e-05,4.2426406871192855e-05,0,0,2.0,6,1,benign,0
1e-06,2,2896.0,2000000.0,2896000000.0,1448.0,0.0,1e-06,0.0,0,0,0.0,17,6,slowloris_low_rate,1
0.020576,4,262.0,194.4012441679626,12733.281493001556,61.6,21.36117974270148,0.006858666666666666,0.011874362986423031,0,0,1.0,17,1,benign,0
0.000168,3,0.0,17857.14285714286,0.0,0.0,0.0,8.4e-05,0.0001145512985522207,0,0,2.0,6,1,benign,0
0.000153,2,0.0,13071.8954248366,0.0,0.0,0.0,0.000153,0.0,0,0,1.0,6,1,http_get_flood,1
0.000925,4,123.0,4324.324324324324,132972.97297297296,33.8,19.979989989987484,0.00030833333333333337,0.0005305858397406902,0,0,0.0,6,1,benign,0
0.000462,24,10560.0,51948.05194805195,22857142.85714286,440.0,0.0,2.0086956521739128e-05,2.430097836316708e-05,0,0,0.0,17,4,icmp_flood,1
1e-06,2,2944.0,2000000.0,2944000000.0,1472.0,0.0,1e-06,0.0,0,0,0.0,17,6,slowloris_low_rate,1
0.020607,4,588.0,194.1087979812685,28533.99330324647,134.2,70.10848736066126,0.006869,0.011893992895575481,0,0,1.0,17,1,benign,0
2e-06,3,0.0,1500000.0,0.0,0.0,0.0,1e-06,0.0,0,0,0.0,6,1,benign,0
0.020616,4,256.0,194.024058983314,12417.539774932093,61.2,15.336231610144653,0.006872,0.011898323033100084,0,0,1.0,17,1,benign,0
0.001784,38,16000.0,21300.44843049328,8968609.865470853,421.5384615384616,80.44411141114522,4.821621621621622e-05,6.231333687062467e-05,0,0,0.0,17,4,icmp_flood,1
1e-06,2,2928.0,2000000.0,2928000000.0,1464.0,0.0,1e-06,0.0,0,0,0.0,17,3,dns_amplification,1
0.021108,3,0.0,142.12620807276863,0.0,0.0,0.0,0.010554,0.014924195723723273,0,0,2.0,6,1,benign,0
2e-06,2,2944.0,1000000.0,1472000000.0,1472.0,0.0,2e-06,0.0,0,0,0.0,17,6,slowloris_low_rate,1
0.212727,29,8209.0,136.3249611003775,38589.365712862025,273.6333333333333,611.1734041048068,0.007597392857142858,0.017686596899261997,0,1,0.0,6,1,benign,0
0.020823,4,290.0,192.09527925851228,13926.907746242136,66.6,32.3156308928048,0.006941,0.01201696850291287,0,0,1.0,17,1,benign,0
1e-06,2,2944.0,2000000.0,2944000000.0,1472.0,0.0,1e-06,0.0,0,0,0.0,17,3,dns_amplification,1
0.000187,4,123.0,21390.374331550804,657754.0106951871,33.8,19.979989989987484,6.233333333333334e-05,0.00010450518328453061,0,0,0.0,6,1,benign,0
2e-06,2,2712.0,1000000.0,1356000000.0,1356.0,0.0,2e-06,0.0,0,0,0.0,17,0,udp_flood,1
0.020631,4,320.0,193.88299161456052,15510.639329164853,70.4,52.58136552049595,0.006877,0.011906117251228464,0,0,1.0,17,1,benign,0
0.045251,4,290.0,88.39583655609819,6408.69815031712,66.6,32.3156308928048,0.015083666666666667,0.026120480878677046,0,0,1.0,17,1,benign,0
115.910159,59,2306.0,0.5090149173205776,19.89471863290257,38.43333333333333,147.7161004348666,1.9984510172413799,3.969185794947308,0,1,0.0,6,1,benign,0
1e-06,2,802.0,2000000.0,802000000.0,401.0,0.0,1e-06,0.0,0,0,0.0,17,8,pulsed_mixed_flood,1
0.201842,9,700.0,44.58933224997772,3468.059174998266,70.0,147.57295747452437,0.02523025,0.0522613753406854,0,1,0.0,6,1,benign,0
0.000233,4,123.0,17167.381974248932,527896.9957081545,33.8,19.979989989987484,7.766666666666665e-05,0.00012932646029847618,0,0,0.0,6,1,benign,0
0.020603,4,224.0,194.1464835218172,10872.203077221764,50.6,29.57701810527897,0.006867666666666666,0.011892549530413294,0,0,1.0,17,1,benign,0
0.020626,4,208.0,193.9299912731504,10084.35954620382,50.4,8.763560920082657,0.006875333333333334,0.011904962592689377,0,0,1.0,17,1,benign,0
0.087437,18,5593.0,205.86250671912345,63966.0555600032,294.3684210526316,582.2784948922939,0.00514335294117647,0.010065324236836442,0,1,0.0,6,1,benign,0
0.026387,4,0.0,151.58979800659415,0.0,0.0,0.0,0.008795666666666669,0.015222418806922024,0,0,3.0,6,1,benign,0
0.000122,3,0.0,24590.16393442623,0.0,0.0,0.0,6.1e-05,8.343860018001262e-05,0,0,2.0,6,1,benign,0
1e-06,2,31.0,2000000.0,31000000.0,20.666666666666664,17.8978583448784,1e-06,0.0,0,0,0.0,6,1,benign,0
0.03453,190,83600.0,5502.461627570229,2421083.116130901,440.0,0.0,0.0001826984126984128,0.0008742416282234244,0,0,0.0,17,4,icmp_flood,1
1e-06,2,2928.0,2000000.0,2928000000.0,1464.0,0.0,1e-06,0.0,0,0,0.0,17,6,slowloris_low_rate,1
0.195757,27,11374.0,137.9261022594339,58102.647670325976,406.21428571428567,730.3800308181964,0.007529115384615385,0.01761784256786721,0,1,1.0,6,1,benign,0
0.018333,200,88000.0,10909.289259804724,4800087.274314079,440.0,0.0,9.212562814070356e-05,0.00018909374324345212,0,0,0.0,17,4,icmp_flood,1
1e-06,2,2944.0,2000000.0,2944000000.0,1472.0,0.0,1e-06,0.0,0,0,0.0,17,6,slowloris_low_rate,1
1e-06,2,766.0,2000000.0,766000000.0,383.0,0.0,1e-06,0.0,0,0,0.0,17,8,pulsed_mixed_flood,1
0.001559,6,2064.0,3848.620910840281,1323925.593329057,357.71428571428567,140.5296105045888,0.0003118,0.0003961309127043736,0,0,0.0,17,4,icmp_flood,1
0.001712,58,25520.0,33878.504672897194,14906542.056074765,440.0,0.0,3.003508771929824e-05,0.0001347667250304711,0,0,0.0,17,4,icmp_flood,1
1e-06,2,0.0,2000000.0,0.0,0.0,0.0,1e-06,0.0,0,1,0.0,6,0,udp_flood,1
0.037918,128,56320.0,3375.7054696977693,1485310.4066670183,440.0,0.0,0.00029856692913385807,0.001324453745383183,0,0,0.0,17,4,icmp_flood,1
0.003117,3,0.0,962.4639076034648,0.0,0.0,0.0,0.0015585,0.002199809196271349,0,0,0.0,6,1,benign,0
0.020666,4,364.0,193.5546307945417,17613.4714023033,84.6,35.05424368033063,0.006888666666666666,0.01192719054653414,0,0,1.0,17,1,benign,0
0.020895,4,156.0,191.43335726250305,7465.900933237616,37.4,8.763560920082657,0.006965,0.012059403758063664,0,0,1.0,17,1,benign,0
0.020736,4,404.0,192.9012345679012,19483.024691358023,92.8,44.913249715423625,0.006912,0.011967605065342021,0,0,1.0,17,1,benign,0
1e-06,2,2896.0,2000000.0,2896000000.0,1448.0,0.0,1e-06,0.0,0,0,0.0,17,6,slowloris_low_rate,1
0.00513,40,17168.0,7797.270955165692,3346588.693957115,429.4634146341464,47.106314630299615,0.00013153846153846153,0.0002439656841867904,0,0,0.0,17,4,icmp_flood,1
0.000117,3,0.0,25641.02564102564,0.0,0.0,0.0,5.85e-05,7.990306627407988e-05,0,0,2.0,6,1,http_get_flood,1
1e-06,2,802.0,2000000.0,802000000.0,401.0,0.0,1e-06,0.0,0,0,0.0,17,8,pulsed_mixed_flood,1
0.067561,27,8343.0,399.6388448957239,123488.40307277867,297.9642857142857,657.1561899096042,0.0025985000000000005,0.006720983536655926,0,1,0.0,6,1,benign,0
0.008981,200,88000.0,22269.235051775973,9798463.422781428,440.0,0.0,4.513065326633166e-05,0.00023717700634433346,0,0,0.0,17,4,icmp_flood,1
0.10876,4,1398.0,36.77822728944464,12853.990437660905,345.6,21.36117974270148,0.03625333333333333,0.06279088322625613,0,0,0.0,17,8,pulsed_mixed_flood,1
0.000846,4,123.0,4728.132387706856,145390.0709219858,33.8,19.979989989987484,0.000282,0.00048410845892217166,0,0,0.0,6,1,benign,0
0.000115,4,0.0,34782.608695652176,0.0,0.0,0.0,3.833333333333333e-05,6.466323014923809e-05,0,1,1.0,6,0,udp_flood,1
0.215213,6,2088.0,27.87935673030905,9702.016142147548,344.1428571428572,33.61759743263722,0.0430426,0.05895236854698885,0,0,0.0,17,8,pulsed_mixed_flood,1
1e-06,2,0.0,2000000.0,0.0,0.0,0.0,1e-06,0.0,0,1,0.0,6,1,syn_flood,1
0.020926,4,468.0,191.14976584153683,22364.52260345981,102.0,82.15838362577492,0.006975333333333334,0.01207730161639318,0,0,1.0,17,1,benign,0
0.020608,4,282.0,194.0993788819876,13684.006211180124,63.0,41.07919181288746,0.006869333333333334,0.0118928381950371,0,0,1.0,17,1,benign,0
0.020656,4,262.0,193.64833462432225,12683.965917893103,61.4,22.456624857711805,0.006885333333333334,0.011921417043847315,0,0,1.0,17,1,benign,0
0.000413,32,13792.0,77481.8401937046,33394673.123486686,431.27272727272725,34.892041291024306,1.3322580645161295e-05,2.3317214094275488e-05,0,0,0.0,17,4,icmp_flood,1
0.045913,4,230.0,87.12129462243809,5009.47444079019,52.0,30.124740662784134,0.015304333333333333,0.02650355278700072,0,0,1.0,17,1,benign,0
1e-06,2,0.0,2000000.0,0.0,0.0,0.0,1e-06,0.0,0,1,0.0,6,0,udp_flood,1
0.020791,4,410.0,192.390938386802,19720.071184647204,91.4,60.79720388307344,0.006930333333333334,0.01199935933011981,0,0,1.0,17,1,benign,0
3e-06,2,0.0,666666.6666666665,0.0,0.0,0.0,3e-06,0.0,0,0,0.0,6,1,benign,0
1e-06,2,2912.0,2000000.0,2912000000.0,1456.0,0.0,1e-06,0.0,0,0,0.0,17,6,slowloris_low_rate,1
0.020648,4,320.0,193.72336303758237,15497.869043006587,70.4,52.58136552049595,0.006882666666666666,0.011917664298566787,0,0,1.0,17,1,benign,0
1e-06,2,2944.0,2000000.0,2944000000.0,1472.0,0.0,1e-06,0.0,0,0,0.0,17,6,slowloris_low_rate,1
0.412868,21,5992.0,50.86371431062712,14513.113149965606,272.3636363636364,419.52541729622976,0.020643400000000003,0.09005772318872401,0,1,0.0,6,1,http_get_flood,1
1e-06,2,880.0,2000000.0,880000000.0,440.0,0.0,1e-06,0.0,0,0,0.0,17,4,icmp_flood,1
0.024757,3,0.0,121.1778486892596,0.0,0.0,0.0,0.0123785,0.017504428368272984,0,0,2.0,6,1,benign,0
27.62371,682,1764223.0,24.68893570052683,63866.25837007412,2583.0497803806725,3420.339180396474,0.040563450807635834,1.0518376058664392,0,1,3.0,6,1,benign,0
5.2e-05,2,0.0,38461.53846153846,0.0,0.0,0.0,5.2e-05,0.0,0,1,0.0,6,0,udp_flood,1
4.9e-05,2,2944.0,40816.32653061225,60081632.65306122,1472.0,0.0,4.9e-05,0.0,0,0,0.0,17,6,slowloris_low_rate,1
15.109461,39,34398.0,2.5811642122773275,2276.586835228603,859.9499999999997,1140.8505812410092,0.3976173947368421,1.7856805033847933,0,1,1.0,6,1,benign,0
0.045924,4,486.0,87.10042679209127,10582.701855239093,103.4,99.13778290843506,0.015308,0.02650990363996067,0,0,1.0,17,1,benign,0
0.000189,3,0.0,15873.015873015873,0.0,0.0,0.0,9.45e-05,0.0001294005409571382,0,0,2.0,6,1,benign,0
1e-06,2,2944.0,2000000.0,2944000000.0,1472.0,0.0,1e-06,0.0,0,0,0.0,17,3,dns_amplification,1
0.026427,4,0.0,151.3603511560147,0.0,0.0,0.0,0.008809,0.015251573394243623,0,0,3.0,6,1,benign,0
0.05475,2,0.0,36.52968036529681,0.0,0.0,0.0,0.05475,0.0,0,0,1.0,6,1,benign,0
0.000661,48,20832.0,72617.24659606656,31515885.02269289,434.1224489795918,28.787752497851425,1.4063829787234044e-05,2.381304379072725e-05,0,0,0.0,17,4,icmp_flood,1
0.002043,80,35200.0,39158.10083210964,17229564.366128244,440.0,0.0,2.586075949367089e-05,5.87735188444974e-05,0,0,0.0,17,4,icmp_flood,1
117.774623,49,8664.0,0.4160488800715583,73.56423463142818,173.28000000000003,486.2715727337755,2.453637979166666,11.802295122939773,0,1,0.0,6,1,benign,0
0.052478,17,1680.0,323.9452723045848,32013.41514539426,93.33333333333334,140.14110536086372,0.0032798750000000015,0.008387223743090835,0,1,0.0,6,1,benign,0
1e-06,2,2944.0,2000000.0,2944000000.0,1472.0,0.0,1e-06,0.0,0,0,0.0,17,6,slowloris_low_rate,1
0.046603,4,300.0,85.83138424564943,6437.353818423708,69.4,30.672463220289305,0.015534333333333332,0.026901058461208053,0,0,1.0,17,1,benign,0
0.020601,4,354.0,194.16533178001063,17183.631862530943,78.6,54.22453319301145,0.006867,0.011888796743152774,0,0,1.0,17,1,benign,0
0.02088,4,184.0,191.5708812260536,8812.260536398468,43.2,15.336231610144653,0.00696,0.012050743504033271,0,0,1.0,17,1,benign,0
0.001,12,5280.0,12000.0,5280000.0,440.0,0.0,9.09090909090909e-05,0.000213110513370624,0,0,0.0,17,4,icmp_flood,1
0.218417,6,2088.0,27.47038920963112,9559.695444951629,344.1428571428572,33.61759743263722,0.043683400000000004,0.05981769514784066,0,0,0.0,17,8,pulsed_mixed_flood,1
0.040165,2,0.0,49.794597286194445,0.0,0.0,0.0,0.040165,0.0,0,0,1.0,6,1,benign,0
1e-06,2,0.0,2000000.0,0.0,0.0,0.0,1e-06,0.0,0,1,0.0,6,1,syn_flood,1
0.045913,4,200.0,87.12129462243809,4356.0647311219045,48.4,8.763560920082657,0.015304333333333333,0.026505284837807973,0,0,1.0,17,1,benign,0
0.020827,4,410.0,192.05838574926776,19685.984539299952,91.4,60.79720388307344,0.006942333333333334,0.012019277903989628,0,0,1.0,17,1,benign,0
1e-06,2,0.0,2000000.0,0.0,0.0,0.0,1e-06,0.0,0,1,0.0,6,0,udp_flood,1
115.178827,81,16853.0,0.7032542534922673,146.32029548278,205.52439024390245,583.9085042822037,1.4397353374999997,3.478757888600255,0,1,1.0,6,1,benign,0
4.7e-05,2,2944.0,42553.191489361714,62638297.87234042,1472.0,0.0,4.7e-05,0.0,0,0,0.0,17,6,slowloris_low_rate,1
1e-06,2,2944.0,2000000.0,2944000000.0,1472.0,0.0,1e-06,0.0,0,0,0.0,17,6,slowloris_low_rate,1
2e-06,2,2944.0,1000000.0,1472000000.0,1472.0,0.0,2e-06,0.0,0,0,0.0,17,6,slowloris_low_rate,1
0.293073,111,75680.0,378.7452272983182,258229.17839582628,675.7142857142861,1062.141534049318,0.002664300000000001,0.0115667484473001,0,1,1.0,6,1,benign,0
0.020632,4,184.0,193.87359441644043,8918.185343156261,43.2,15.336231610144653,0.006877333333333334,0.011906694601497651,0,0,1.0,17,1,benign,0
0.02079,4,264.0,192.4001924001924,12698.412698412698,60.4,30.672463220289305,0.00693,0.011998781979851119,0,0,1.0,17,1,benign,0
0.010749,32,14080.0,2977.021118243558,1309889.2920271654,440.0,0.0,0.000346741935483871,0.001909079655536352,0,0,0.0,17,4,icmp_flood,1
0.001135,132,58080.0,116299.55947136565,51171806.16740088,440.0,0.0,8.664122137404578e-06,1.7189715479375762e-05,0,0,0.0,17,4,icmp_flood,1
2e-06,2,2944.0,1000000.0,1472000000.0,1472.0,0.0,2e-06,0.0,0,0,0.0,17,6,slowloris_low_rate,1
0.020856,4,156.0,191.7913310318374,7479.861910241657,37.4,8.763560920082657,0.006952,0.012037753112603695,0,0,1.0,17,1,benign,0
1e-06,2,880.0,2000000.0,880000000.0,440.0,0.0,1e-06,0.0,0,0,0.0,17,4,icmp_flood,1
15.694846,60,41626.0,3.8229110371646846,2652.208247216953,682.3934426229509,969.4051488531258,0.26601433898305077,1.4378375430863075,0,1,1.0,6,1,benign,0
2e-06,2,2944.0,1000000.0,1472000000.0,1472.0,0.0,2e-06,0.0,0,0,0.0,17,6,slowloris_low_rate,1
0.054904,3,0.0,54.640827626402455,0.0,0.0,0.0,0.027452,0.03882157650070384,0,0,2.0,6,1,benign,0
0.020593,4,160.0,194.2407614237848,7769.630456951391,38.4,8.763560920082657,0.006864333333333334,0.011884177940999255,0,0,1.0,17,1,benign,0
1e-06,2,0.0,2000000.0,0.0,0.0,0.0,1e-06,0.0,0,1,0.0,6,0,udp_flood,1
0.054807,2,0.0,36.49168901782618,0.0,0.0,0.0,0.054807,0.0,0,0,1.0,6,1,benign,0
8.1e-05,4,0.0,49382.71604938272,0.0,0.0,0.0,2.7e-05,4.503332099679081e-05,0,1,1.0,6,0,udp_flood,1
0.020675,4,364.0,193.4703748488513,17605.80411124547,84.6,35.05424368033063,0.006891666666666666,0.011932386698952285,0,0,1.0,17,1,benign,0
0.000218,4,123.0,18348.623853211007,564220.1834862385,33.8,19.979989989987484,7.266666666666665e-05,0.0001206662062606318,0,0,0.0,6,1,benign,0
2e-06,2,2852.0,1000000.0,1426000000.0,1426.0,0.0,2e-06,0.0,0,0,0.0,17,8,pulsed_mixed_flood,1
0.215404,6,2088.0,27.854635939908267,9693.413307088076,344.1428571428572,33.61759743263722,0.0430808,0.059012955189517505,0,0,0.0,17,8,pulsed_mixed_flood,1
119.04391,148,72162.0,1.2432387343460074,606.1796861343013,484.3087248322145,784.7940330527845,0.8098225170068025,6.828725963775045,0,1,1.0,6,1,benign,0
0.002305,22,9680.0,9544.468546637743,4199566.160520607,440.0,0.0,0.00010976190476190475,0.00012051634941446936,0,0,0.0,17,4,icmp_flood,1
0.066662,4,156.0,60.00420029402058,2340.163811466802,37.4,8.763560920082657,0.022220666666666663,0.03848212749229613,0,0,1.0,17,1,benign,0
60.863423,54,12546.0,0.8872323858617023,206.1336576485355,228.1090909090909,610.5201386773738,1.148366471698113,3.197129204893152,0,1,1.0,6,1,benign,0
0.000143,3,0.0,20979.020979020977,0.0,0.0,0.0,7.15e-05,9.828784258493008e-05,0,0,2.0,6,1,benign,0
0.000115,3,0.0,26086.95652173913,0.0,0.0,0.0,5.75e-05,7.848885271170676e-05,0,0,2.0,6,1,http_get_flood,1
7.2e-05,3,0.0,41666.66666666666,0.0,0.0,0.0,3.6e-05,4.6669047558312137e-05,0,0,2.0,6,1,benign,0
0.000114,3,0.0,26315.78947368421,0.0,0.0,0.0,5.7e-05,7.91959594928933e-05,0,0,2.0,6,1,benign,0
1e-06,2,2944.0,2000000.0,2944000000.0,1472.0,0.0,1e-06,0.0,0,0,0.0,17,6,slowloris_low_rate,1
0.815046,29,15222.0,35.58081384363581,18676.24649406291,507.4,840.9906145689757,0.029108785714285722,0.059793119156562644,0,1,0.0,6,1,benign,0
6.009808,23,8737.0,3.827077337578838,1453.7902042794046,364.04166666666674,821.8683634768149,0.27317309090909087,1.2118269634994414,0,1,0.0,6,1,benign,0
0.000168,2,0.0,11904.761904761905,0.0,0.0,0.0,0.000168,0.0,0,0,1.0,6,1,http_get_flood,1
0.02084,4,462.0,191.93857965451056,22168.905950095967,102.2,72.8471001481871,0.006946666666666666,0.012026783457489096,0,0,1.0,17,1,benign,0
0.000105,2,0.0,19047.61904761905,0.0,0.0,0.0,0.000105,0.0,0,0,1.0,6,1,http_get_flood,1
0.047283,4,364.0,84.59700103631327,7698.327094304507,89.4,8.763560920082657,0.015761,0.027281532929804366,0,0,1.0,17,1,benign,0
6.8e-05,2,2944.0,29411.76470588236,43294117.64705882,1472.0,0.0,6.8e-05,0.0,0,0,0.0,17,6,slowloris_low_rate,1
0.107875,4,1438.0,37.07995365005794,13330.243337195829,353.6,32.3156308928048,0.03595833333333333,0.062240095696691644,0,0,0.0,17,8,pulsed_mixed_flood,1
0.02088,4,156.0,191.5708812260536,7471.264367816092,37.4,8.763560920082657,0.00696,0.012051609519064248,0,0,1.0,17,1,benign,0
0.041603,2,0.0,48.07345624113646,0.0,0.0,0.0,0.041603,0.0,0,0,1.0,6,1,benign,0
0.041054,2,0.0,48.71632484045404,0.0,0.0,0.0,0.041054,0.0,0,0,1.0,6,1,benign,0
0.000708,4,123.0,5649.717514124294,173728.81355932206,33.8,19.979989989987484,0.000236,0.0004052998889711173,0,0,0.0,6,1,benign,0
0.00016,14,5728.0,87500.0,35800000.0,411.2,76.00300745929165,1.2307692307692308e-05,2.0949879138015e-05,0,0,0.0,17,4,icmp_flood,1
2e-06,2,750.0,1000000.0,375000000.0,375.0,0.0,2e-06,0.0,0,0,0.0,17,8,pulsed_mixed_flood,1
69.456388,52,2404.0,0.7486712381300334,34.611647239703856,46.22641509433962,50.70906515431322,1.361889960784314,8.223531551746126,0,0,1.0,6,1,benign,0
0.64712,31,9658.0,47.9045617505254,14924.588947954013,301.81250000000006,631.3303126808322,0.02157066666666667,0.04740121501522445,0,1,0.0,6,1,benign,0
1e-06,2,2944.0,2000000.0,2944000000.0,1472.0,0.0,1e-06,0.0,0,0,0.0,17,6,slowloris_low_rate,1
0.003214,12,4560.0,3733.66521468575,1418792.781580585,384.6153846153846,135.19217091578594,0.00029218181818181817,0.0004087230891892011,0,0,0.0,17,4,icmp_flood,1
1e-06,2,0.0,2000000.0,0.0,0.0,0.0,1e-06,0.0,0,1,0.0,6,0,udp_flood,1
0.047294,4,218.0,84.57732481921596,4609.46420264727,49.8,25.74296020274281,0.015764666666666666,0.027301739529439022,0,0,1.0,17,1,benign,0
0.000108,3,0.0,27777.777777777777,0.0,0.0,0.0,5.4e-05,7.353910524340094e-05,0,0,2.0,6,1,http_get_flood,1
0.02049,4,196.0,195.21717911176185,9565.64177647633,47.4,8.763560920082657,0.00683,0.011825576899246818,0,0,1.0,17,1,benign,0
2e-06,2,0.0,1000000.0,0.0,0.0,0.0,2e-06,0.0,1,0,0.0,6,1,benign,0
0.000172,2,0.0,11627.906976744183,0.0,0.0,0.0,0.000172,0.0,0,0,1.0,6,1,http_get_flood,1
1e-06,2,2944.0,2000000.0,2944000000.0,1472.0,0.0,1e-06,0.0,0,0,0.0,17,6,slowloris_low_rate,1
0.032403,2,0.0,61.722679998765535,0.0,0.0,0.0,0.032403,0.0,0,0,1.0,6,1,benign,0
1e-06,2,2944.0,2000000.0,2944000000.0,1472.0,0.0,1e-06,0.0,0,0,0.0,17,6,slowloris_low_rate,1
60.69276,54,13060.0,0.8897272096375252,215.1821732938163,237.45454545454544,626.6588598267215,1.1451464150943398,3.197190466069061,0,1,1.0,6,1,benign,0
0.000124,4,0.0,32258.064516129038,0.0,0.0,0.0,4.1333333333333326e-05,6.985938257194471e-05,0,1,1.0,6,1,syn_flood,1
0.001136,56,23920.0,49295.77464788732,21056338.028169014,427.3684210526316,66.82937537889931,2.0654545454545452e-05,5.853369342518262e-05,0,0,0.0,17,4,icmp_flood,1
0.05691,4,220.0,70.28641714988578,3865.752943243718,51.8,17.527121840165314,0.01897,0.03285180766715889,0,0,1.0,17,1,benign,0
1e-06,2,53.0,2000000.0,53000000.0,35.33333333333333,30.59956426705017,1e-06,0.0,0,0,0.0,6,1,benign,0
0.050989,17,1308.0,333.40524426837163,25652.59173547236,72.66666666666667,147.58925514851722,0.0031868125,0.00841636731786147,0,1,1.0,6,1,benign,0
0.000242,3,0.0,12396.694214876035,0.0,0.0,0.0,0.000121,0.00016687720036002526,0,0,2.0,6,1,benign,0
0.000506,82,35360.0,162055.33596837946,69881422.92490117,431.3253012048193,55.541043587369,6.246913580246914e-06,1.9720884148661756e-05,0,0,0.0,17,4,icmp_flood,1
0.108824,4,1438.0,36.756597809306776,13213.996912445784,353.6,32.3156308928048,0.03627466666666667,0.0628261015926767,0,0,0.0,17,8,pulsed_mixed_flood,1
92.904668,12,0.0,0.1291646615646912,0.0,0.0,0.0,8.445878909090906,13.656902866938596,0,1,0.0,6,1,syn_flood,1
1e-06,2,2944.0,2000000.0,2944000000.0,1472.0,0.0,1e-06,0.0,0,0,0.0,17,6,slowloris_low_rate,1
0.107671,4,1398.0,37.15020757678485,12983.9975480863,345.6,21.36117974270148,0.03589033333333333,0.06216214878310862,0,0,0.0,17,8,pulsed_mixed_flood,1
0.000648,122,53680.0,188271.6049382716,82839506.17283951,440.0,0.0,5.355371900826448e-06,1.3165522843227197e-05,0,0,0.0,17,4,icmp_flood,1
1e-06,2,0.0,2000000.0,0.0,0.0,0.0,1e-06,0.0,0,1,0.0,6,1,syn_flood,1
115.390399,75,11431.0,0.6499674205996983,99.06370113166868,150.40789473684217,457.82133859200513,1.559329716216216,3.597959849036492,0,1,0.0,6,1,benign,0
0.020532,4,256.0,194.8178453146308,12468.342100136371,61.2,15.336231610144653,0.006844,0.011849825610531151,0,0,1.0,17,1,benign,0
0.209561,27,7763.0,128.84076712747122,37044.10648927997,277.24999999999994,598.3332791705327,0.008060038461538462,0.01790499053444211,0,1,0.0,6,1,benign,0
0.044992,2,0.0,44.45234708392604,0.0,0.0,0.0,0.044992,0.0,0,0,1.0,6,1,benign,0
1e-06,2,0.0,2000000.0,0.0,0.0,0.0,1e-06,0.0,0,1,0.0,6,1,syn_flood,1
1e-06,2,2944.0,2000000.0,2944000000.0,1472.0,0.0,1e-06,0.0,0,0,0.0,17,3,dns_amplification,1
0.002606,200,88000.0,76745.97083653111,33768227.16807368,440.0,0.0,1.3095477386934665e-05,3.0189568230561327e-05,0,0,0.0,17,4,icmp_flood,1
0.001823,34,14384.0,18650.575973669776,7890290.729566649,423.54285714285714,67.8251830973192,5.5242424242424255e-05,6.36887108830081e-05,0,0,0.0,17,4,icmp_flood,1
0.020711,4,268.0,193.134083337357,12939.983583602914,61.4,30.672463220289305,0.0069036666666666665,0.011953171308624893,0,0,1.0,17,1,benign,0
1e-06,2,880.0,2000000.0,880000000.0,440.0,0.0,1e-06,0.0,0,0,0.0,17,4,icmp_flood,1
0.020588,4,320.0,194.287934719254,15543.034777540315,72.2,42.72235948540296,0.006862666666666666,0.011883889276383104,0,0,1.0,17,1,benign,0
1e-06,2,2944.0,2000000.0,2944000000.0,1472.0,0.0,1e-06,0.0,0,0,0.0,17,3,dns_amplification,1
2e-06,2,2944.0,1000000.0,1472000000.0,1472.0,0.0,2e-06,0.0,0,0,0.0,17,6,slowloris_low_rate,1
0.044577,4,132.0,89.73237319694012,2961.168315499024,31.4,8.763560920082657,0.014859,0.0257304807766975,0,0,1.0,17,1,benign,0
1e-06,2,0.0,2000000.0,0.0,0.0,0.0,1e-06,0.0,0,1,0.0,6,1,syn_flood,1
1e-06,2,766.0,2000000.0,766000000.0,383.0,0.0,1e-06,0.0,0,0,0.0,17,8,pulsed_mixed_flood,1
2e-06,2,2944.0,1000000.0,1472000000.0,1472.0,0.0,2e-06,0.0,0,0,0.0,17,3,dns_amplification,1
7.1e-05,3,0.0,42253.52112676056,0.0,0.0,0.0,3.55e-05,4.737615433949868e-05,0,0,0.0,6,1,benign,0
1e-06,2,802.0,2000000.0,802000000.0,401.0,0.0,1e-06,0.0,0,0,0.0,17,8,pulsed_mixed_flood,1
0.000854,8,3520.0,9367.68149882904,4121779.859484777,440.0,0.0,0.000122,0.0001825705343148231,0,0,0.0,17,4,icmp_flood,1
1e-06,2,37.0,2000000.0,37000000.0,24.666666666666664,21.361959960016154,1e-06,0.0,0,0,0.0,6,1,benign,0
0.020546,4,216.0,194.6850968558357,10512.995230215129,50.8,17.527121840165314,0.006848666666666666,0.011857042478347344,0,0,1.0,17,1,benign,0
0.045438,4,232.0,88.03204366389366,5105.858532505832,56.4,8.763560920082657,0.015146,0.026229311409184962,0,0,1.0,17,1,benign,0
0.12102,4,1402.0,33.05238803503553,11584.862006279953,346.6,21.36117974270148,0.04034,0.06986919752652095,0,0,0.0,17,8,pulsed_mixed_flood,1
0.04089,6,145.0,146.7351430667645,3546.099290780141,30.57142857142857,31.27223018833772,0.008178,0.01820002561811384,0,0,0.0,6,1,benign,0
0.020974,4,184.0,190.71231047964145,8772.766282063507,43.2,15.336231610144653,0.006991333333333334,0.012107612495175639,0,0,1.0,17,1,benign,0
0.020795,4,288.0,192.3539312334696,13849.483048809809,66.0,32.863353450309965,0.006931666666666666,0.012004266796990704,0,0,1.0,17,1,benign,0
0.061358,2,0.0,32.595586557580106,0.0,0.0,0.0,0.061358,0.0,0,0,1.0,6,1,benign,0
0.215764,6,2088.0,27.808160768246783,9677.239947349884,344.1428571428572,33.61759743263722,0.043152800000000005,0.059098897178373806,0,0,0.0,17,8,pulsed_mixed_flood,1
58.126486,12,368.0,0.2064463349805801,6.331020939404457,31.84615384615385,22.097685225102023,5.284226,17.484496791010404,0,0,0.0,6,1,benign,0
0.002276,106,46640.0,46572.934973637966,20492091.388400704,440.0,0.0,2.167619047619048e-05,8.68738580708674e-05,0,0,0.0,17,4,icmp_flood,1
1e-06,2,2928.0,2000000.0,2928000000.0,1464.0,0.0,1e-06,0.0,0,0,0.0,17,6,slowloris_low_rate,1
0.425499,38,15544.0,89.30690788932523,36531.22569030715,398.56410256410265,902.256930231709,0.011499972972972972,0.03263144650953746,0,1,0.0,6,1,benign,0
0.020654,4,228.0,193.6670862786869,11039.023917885155,54.2,15.336231610144653,0.006884666666666666,0.011920262343309954,0,0,1.0,17,1,benign,0
1e-06,2,2944.0,2000000.0,2944000000.0,1472.0,0.0,1e-06,0.0,0,0,0.0,17,3,dns_amplification,1
4.4e-05,2,2944.0,45454.545454545456,66909090.90909091,1472.0,0.0,4.4e-05,0.0,0,0,0.0,17,3,dns_amplification,1
33.485791,6,0.0,0.1791804768774911,0.0,0.0,0.0,6.6971582000000005,9.366000051671294,0,1,0.0,6,0,udp_flood,1
5.006093,15,3208.0,2.996348649535676,640.8190978473633,200.5,385.0000865800769,0.3575780714285714,1.3376114152180405,0,1,0.0,6,1,http_get_flood,1
0.112032,4,414.0,35.7040845472722,3695.3727506426735,91.6,65.17898434311476,0.037344,0.0646782412639676,0,0,1.0,17,1,benign,0
0.605575,30,16278.0,49.53969367956075,26880.237790529663,525.0967741935483,841.178076859619,0.02088189655172413,0.04342010472148392,0,1,0.0,6,1,benign,0
0.000165,3,0.0,18181.81818181818,0.0,0.0,0.0,8.25e-05,0.00011384419177103415,0,0,2.0,6,1,benign,0
0.000122,3,0.0,24590.16393442623,0.0,0.0,0.0,6.1e-05,8.202438661763951e-05,0,0,2.0,6,1,benign,0
1e-06,2,0.0,2000000.0,0.0,0.0,0.0,1e-06,0.0,0,1,0.0,6,1,syn_flood,1
4.9e-05,2,0.0,40816.32653061225,0.0,0.0,0.0,4.9e-05,0.0,0,1,0.0,6,1,syn_flood,1
1e-06,2,2944.0,2000000.0,2944000000.0,1472.0,0.0,1e-06,0.0,0,0,0.0,17,6,slowloris_low_rate,1
0.000868,5,154.0,5760.368663594471,177419.3548387097,33.333333333333336,17.90716802475106,0.000217,0.00043066769865717424,0,0,0.0,6,1,benign,0
116.500807,10,0.0,0.0858363152797731,0.0,0.0,0.0,12.944534111111112,22.12422856977373,0,0,0.0,17,1,benign,0
1e-06,2,31.0,2000000.0,31000000.0,20.666666666666664,17.8978583448784,1e-06,0.0,0,0,0.0,6,1,benign,0
1e-06,2,750.0,2000000.0,750000000.0,375.0,0.0,1e-06,0.0,0,0,0.0,17,8,pulsed_mixed_flood,1
10.268764,7,0.0,0.6816789245521662,0.0,0.0,0.0,1.711460666666667,4.192092671990812,0,1,0.0,6,1,http_get_flood,1
3e-06,3,0.0,1000000.0,0.0,0.0,0.0,1.5e-06,7.071067811865476e-07,0,0,0.0,6,1,benign,0
1e-06,2,0.0,2000000.0,0.0,0.0,0.0,1e-06,0.0,0,1,0.0,6,1,syn_flood,1
1e-06,2,2944.0,2000000.0,2944000000.0,1472.0,0.0,1e-06,0.0,0,0,0.0,17,6,slowloris_low_rate,1
0.040909,5,76.0,122.22249382776404,1857.7819061820132,19.0,20.81345718519632,0.01022725,0.020380556720806232,0,0,0.0,6,1,benign,0
0.142072,13,3948.0,91.50289993805956,27788.726842727632,282.0,553.9330701031002,0.011839333333333332,0.027507024568390895,0,1,0.0,6,1,benign,0
1e-06,2,750.0,2000000.0,750000000.0,375.0,0.0,1e-06,0.0,0,0,0.0,17,8,pulsed_mixed_flood,1
37.55802,8,0.0,0.213003773894364,0.0,0.0,0.0,5.365431428571428,9.297732878582694,0,1,0.0,6,0,udp_flood,1
1e-06,2,766.0,2000000.0,766000000.0,383.0,0.0,1e-06,0.0,0,0,0.0,17,8,pulsed_mixed_flood,1
0.030019,112,49280.0,3730.970385422565,1641626.9695859288,440.0,0.0,0.0002704414414414415,0.0010397502382319312,0,0,0.0,17,4,icmp_flood,1
4.9e-05,2,0.0,40816.32653061225,0.0,0.0,0.0,4.9e-05,0.0,0,1,0.0,6,1,syn_flood,1
0.020768,4,188.0,192.60400616332825,9052.388289676426,45.4,8.763560920082657,0.006922666666666666,0.01198608027393999,0,0,1.0,17,1,benign,0
0.000407,62,26992.0,152334.1523341523,66319410.31941032,435.4285714285714,25.44932617506752,6.6721311475409835e-06,1.4962977991780706e-05,0,0,0.0,17,4,icmp_flood,1
0.020678,4,424.0,193.4423058322856,20504.884418222267,92.0,76.68115805072324,0.006892666666666666,0.011933252713880377,0,0,1.0,17,1,benign,0
118.73186,156,18120.0,1.313884916820136,152.612786492185,115.41401273885351,225.7727767589826,0.766012,6.60068212680848,0,1,1.0,6,1,benign,0
0.020778,4,300.0,192.5113100394648,14438.34825295986,69.4,30.672463220289305,0.006926,0.011990987782497319,0,0,1.0,17,1,benign,0
0.055072,19,10520.0,345.00290528762343,191022.66124346308,526.0,983.8954801143636,0.003059555555555555,0.007936875264694554,0,1,1.0,6,1,benign,0
1e-06,2,0.0,2000000.0,0.0,0.0,0.0,1e-06,0.0,0,1,0.0,6,1,syn_flood,1
2e-06,2,2944.0,1000000.0,1472000000.0,1472.0,0.0,2e-06,0.0,0,0,0.0,17,3,dns_amplification,1
4.8e-05,2,0.0,41666.66666666666,0.0,0.0,0.0,4.8e-05,0.0,0,1,0.0,6,1,syn_flood,1
0.072878,28,15133.0,384.2037377535058,207648.3986937073,521.8275862068966,805.0019551425023,0.0026991851851851847,0.006741437886095204,0,1,1.0,6,1,benign,0
0.000184,3,0.0,16304.347826086956,0.0,0.0,0.0,9.2e-05,0.00012586500705120545,0,0,2.0,6,1,benign,0
0.105806,4,1398.0,37.80503941175359,13212.861274407878,345.6,21.36117974270148,0.03526866666666667,0.061084524507712526,0,0,0.0,17,8,pulsed_mixed_flood,1
0.000188,2,0.0,10638.297872340429,0.0,0.0,0.0,0.000188,0.0,0,0,1.0,6,1,http_get_flood,1
0.000177,3,0.0,16949.15254237288,0.0,0.0,0.0,8.85e-05,0.00012091525958289963,0,0,2.0,6,1,benign,0
0.107886,4,1438.0,37.07617299742321,13328.884192573643,353.6,32.3156308928048,0.035962,0.062286279090984394,0,0,0.0,17,8,pulsed_mixed_flood,1
1e-06,2,2944.0,2000000.0,2944000000.0,1472.0,0.0,1e-06,0.0,0,0,0.0,17,6,slowloris_low_rate,1
1e-06,2,2944.0,2000000.0,2944000000.0,1472.0,0.0,1e-06,0.0,0,0,0.0,17,3,dns_amplification,1
8.9e-05,2,2944.0,22471.91011235955,33078651.68539326,1472.0,0.0,8.9e-05,0.0,0,0,0.0,17,6,slowloris_low_rate,1
0.005601,200,88000.0,35707.90930191037,15711480.092840564,440.0,0.0,2.8145728643216075e-05,8.303105096036398e-05,0,0,0.0,17,4,icmp_flood,1
0.106485,4,1398.0,37.56397614687515,13128.609663332863,345.6,21.36117974270148,0.035495,0.06143844434065693,0,0,0.0,17,8,pulsed_mixed_flood,1
0.000273,4,0.0,14652.01465201465,0.0,0.0,0.0,9.1e-05,8.155366331440912e-05,0,0,3.0,6,1,benign,0
9.007817,6,0.0,0.6660881321190251,0.0,0.0,0.0,1.8015633999999998,2.684270268296451,0,1,0.0,6,1,benign,0
0.00012,4,0.0,33333.333333333336,0.0,0.0,0.0,4e-05,6.754998149518622e-05,0,1,1.0,6,1,syn_flood,1
0.045368,4,220.0,88.16787162757893,4849.23293951684,52.2,15.336231610144653,0.015122666666666668,0.026188030860172233,0,0,1.0,17,1,benign,0
1e-06,2,2944.0,2000000.0,2944000000.0,1472.0,0.0,1e-06,0.0,0,0,0.0,17,6,slowloris_low_rate,1
0.000205,3,0.0,14634.146341463416,0.0,0.0,0.0,0.0001025,0.0001435426765808691,0,0,2.0,6,1,benign,0
1e-06,2,2944.0,2000000.0,2944000000.0,1472.0,0.0,1e-06,0.0,0,0,0.0,17,3,dns_amplification,1
1e-06,2,0.0,2000000.0,0.0,0.0,0.0,1e-06,0.0,0,1,0.0,6,0,udp_flood,1
4.9e-05,2,0.0,40816.32653061225,0.0,0.0,0.0,4.9e-05,0.0,0,1,0.0,6,0,udp_flood,1
29.420734,4,0.0,0.1359585386278942,0.0,0.0,0.0,9.806911333333332,16.98606782863098,0,1,0.0,6,0,udp_flood,1
1e-06,2,31.0,2000000.0,31000000.0,20.666666666666664,17.8978583448784,1e-06,0.0,0,0,0.0,6,1,benign,0
4.9e-05,2,0.0,40816.32653061225,0.0,0.0,0.0,4.9e-05,0.0,0,1,0.0,6,1,syn_flood,1
0.044871,4,278.0,89.14443627287113,6195.538320964542,63.6,32.3156308928048,0.014957,0.02590108777638499,0,0,1.0,17,1,benign,0
0.232872,51,21908.0,219.0044316190869,94077.43309629324,421.30769230769226,861.103431159901,0.004657440000000001,0.01516344923493359,0,1,0.0,6,1,benign,0
0.02055,4,350.0,194.647201946472,17031.630170316304,77.6,54.22453319301145,0.00685,0.011859351879424105,0,0,1.0,17,1,benign,0
0.068239,2,0.0,29.308753059101104,0.0,0.0,0.0,0.068239,0.0,0,0,1.0,6,1,benign,0
1e-06,2,31.0,2000000.0,31000000.0,20.666666666666664,17.8978583448784,1e-06,0.0,0,0,0.0,6,1,benign,0
0.020795,4,156.0,192.3539312334696,7501.803318105312,37.4,8.763560920082657,0.006931666666666666,0.012001668731194563,0,0,1.0,17,1,benign,0
0.219681,6,2088.0,27.312330151446872,9504.690892703513,344.1428571428572,33.61759743263722,0.043936199999999995,0.06016107475519367,0,0,0.0,17,8,pulsed_mixed_flood,1
1e-06,2,0.0,2000000.0,0.0,0.0,0.0,1e-06,0.0,0,1,0.0,6,1,syn_flood,1
0.00055,32,14080.0,58181.81818181818,25600000.0,440.0,0.0,1.774193548387097e-05,4.5787893408582365e-05,0,0,0.0,17,4,icmp_flood,1
0.020816,4,402.0,192.15987701767867,19312.06764027671,89.6,59.70175876806311,0.006938666666666666,0.012012927051028544,0,0,1.0,17,1,benign,0
0.020667,4,132.0,193.5452653989452,6386.99375816519,31.4,8.763560920082657,0.006889,0.011926035845996776,0,0,1.0,17,1,benign,0
60.06686,15,2276.0,0.2497217267558184,37.89111000641617,142.25,278.4632830374589,4.29049,16.024118193111747,0,1,0.0,6,1,benign,0
0.020547,4,282.0,194.67562174526697,13724.63133304132,64.4,33.411076007815126,0.006849,0.011857619828616536,0,0,1.0,17,1,benign,0
0.054731,3,0.0,54.81354259925818,0.0,0.0,0.0,0.0273655,0.03869641860043381,0,0,2.0,6,1,benign,0
2e-06,2,0.0,1000000.0,0.0,0.0,0.0,2e-06,0.0,0,1,0.0,6,0,udp_flood,1
0.105366,4,1398.0,37.962910236698754,13268.037127726211,345.6,21.36117974270148,0.035122,0.060831356412626526,0,0,0.0,17,8,pulsed_mixed_flood,1
6e-06,2,2944.0,333333.33333333326,490666666.6666666,1472.0,0.0,6e-06,0.0,0,0,0.0,17,6,slowloris_low_rate,1
0.001517,4,1184.0,2636.783124588003,780487.8048780487,324.8,157.74409656148785,0.0005056666666666665,0.0008732424252939922,0,0,0.0,17,4,icmp_flood,1
0.106658,4,1398.0,37.50304712257872,13107.314969341258,345.6,21.36117974270148,0.03555266666666667,0.06157729296041952,0,0,0.0,17,8,pulsed_mixed_flood,1
5e-05,2,0.0,40000.0,0.0,0.0,0.0,5e-05,0.0,0,1,0.0,6,1,syn_flood,1
0.108773,4,1398.0,36.77383174133287,12852.45419359584,345.6,21.36117974270148,0.036257666666666674,0.06275768998563708,0,0,0.0,17,8,pulsed_mixed_flood,1
1e-06,2,2944.0,2000000.0,2944000000.0,1472.0,0.0,1e-06,0.0,0,0,0.0,17,6,slowloris_low_rate,1
9.7e-05,3,0.0,30927.8350515464,0.0,0.0,0.0,4.85e-05,6.576093065034892e-05,0,0,2.0,6,1,benign,0
0.000322,2,0.0,6211.180124223602,0.0,0.0,0.0,0.000322,0.0,0,0,1.0,6,1,http_get_flood,1
0.000167,3,0.0,17964.071856287424,0.0,0.0,0.0,8.35e-05,0.00011384419177103415,0,0,2.0,6,1,benign,0
2e-06,2,0.0,1000000.0,0.0,0.0,0.0,2e-06,0.0,0,0,0.0,6,1,http_get_flood,1
1e-06,2,2944.0,2000000.0,2944000000.0,1472.0,0.0,1e-06,0.0,0,0,0.0,17,6,slowloris_low_rate,1
0.020646,4,286.0,193.74212922600012,13852.562239659012,64.6,37.79285646785646,0.006882,0.011916509598032471,0,0,1.0,17,1,benign,0
0.009708,168,73920.0,17305.315203955503,7614338.68974042,440.0,0.0,5.8131736526946104e-05,0.0001816999231122965,0,0,0.0,17,4,icmp_flood,1
1e-06,2,0.0,2000000.0,0.0,0.0,0.0,1e-06,0.0,0,1,0.0,6,1,syn_flood,1
30.460457,43,12100.0,1.4116662793338917,397.2363251148858,274.99999999999994,651.6171653912731,0.7252489761904762,2.605385700289068,0,1,1.0,6,1,benign,0
1e-06,2,160.0,2000000.0,160000000.0,80.0,0.0,1e-06,0.0,0,0,0.0,17,4,icmp_flood,1
4.7e-05,2,2944.0,42553.191489361714,62638297.87234042,1472.0,0.0,4.7e-05,0.0,0,0,0.0,17,3,dns_amplification,1
9.9e-05,4,0.0,40404.04040404041,0.0,0.0,0.0,3.3e-05,2.7730849247724092e-05,0,1,1.0,6,0,udp_flood,1
0.053872,72,128480.0,1336.5013365013365,2384912.3849123847,1760.000000000001,767.9047973399942,0.0007587605633802819,0.0011742285426706912,0,0,23.0,6,1,benign,0
0.00018,3,0.0,16666.666666666664,0.0,0.0,0.0,9e-05,0.0001230365799264593,0,0,2.0,6,1,benign,0
1e-06,2,2944.0,2000000.0,2944000000.0,1472.0,0.0,1e-06,0.0,0,0,0.0,17,3,dns_amplification,1
0.045443,4,200.0,88.02235767885044,4401.117883942522,48.4,8.763560920082657,0.015147666666666669,0.026234796231976602,0,0,1.0,17,1,benign,0
0.000182,3,0.0,16483.516483516483,0.0,0.0,0.0,9.1e-05,0.00012445079348883236,0,0,2.0,6,1,benign,0
0.054865,2,0.0,36.45311218445275,0.0,0.0,0.0,0.054865,0.0,0,0,1.0,6,1,benign,0
117.131703,28,2536.0,0.2390471519055776,21.65084204401945,117.79310344827591,264.5785569691576,4.338211222222223,15.583218611973248,0,0,1.0,6,1,benign,0
0.000181,3,0.0,16574.585635359115,0.0,0.0,0.0,9.05e-05,0.000126572113832392,0,0,2.0,6,1,benign,0
0.055447,4,0.0,72.14096344256677,0.0,0.0,0.0,0.01848233333333333,0.02938525855481509,0,0,3.0,6,1,benign,0
29.611247,6,0.0,0.2026257117776904,0.0,0.0,0.0,5.9222494,8.482117786975893,0,1,0.0,6,0,udp_flood,1
0.000175,2,0.0,11428.571428571431,0.0,0.0,0.0,0.000175,0.0,0,0,1.0,6,1,http_get_flood,1
0.054645,2,0.0,36.59987190044835,0.0,0.0,0.0,0.054645,0.0,0,0,1.0,6,1,benign,0
0.215616,6,2088.0,27.82724844167409,9683.882457702584,344.1428571428572,33.61759743263722,0.0431232,0.05908343245106872,0,0,0.0,17,8,pulsed_mixed_flood,1
0.000141,2,0.0,14184.397163120566,0.0,0.0,0.0,0.000141,0.0,0,0,1.0,6,1,http_get_flood,1
7.246518,10,0.0,1.379973112603874,0.0,0.0,0.0,0.8051686666666665,1.4391462332872915,0,1,4.0,6,1,benign,0
2e-06,2,2944.0,1000000.0,1472000000.0,1472.0,0.0,2e-06,0.0,0,0,0.0,17,6,slowloris_low_rate,1
1e-06,2,0.0,2000000.0,0.0,0.0,0.0,1e-06,0.0,0,1,0.0,6,0,udp_flood,1
3e-06,2,880.0,666666.6666666665,293333333.3333333,440.0,0.0,3e-06,0.0,0,0,0.0,17,4,icmp_flood,1
0.137689,4,536.0,29.05097720224564,3892.830945100916,117.6,89.82649943084725,0.04589633333333333,0.07949045108900396,0,0,1.0,17,1,benign,0
1e-06,2,31.0,2000000.0,31000000.0,20.666666666666664,17.8978583448784,1e-06,0.0,0,0,0.0,6,1,benign,0
60.626805,55,12458.0,0.9071894849151296,205.48666551041245,222.4642857142857,561.9643134669582,1.1227186111111116,3.1690482552830024,0,1,1.0,6,1,benign,0
0.020555,4,264.0,194.59985405010943,12843.590367307224,60.4,30.672463220289305,0.006851666666666666,0.011863104666710705,0,0,1.0,17,1,benign,0
0.000175,3,0.0,17142.85714285714,0.0,0.0,0.0,8.75e-05,0.00012091525958289963,0,0,2.0,6,1,benign,0
0.044711,4,222.0,89.46344300060386,4965.221086533516,49.4,33.411076007815126,0.014903666666666667,0.025809577763561603,0,0,1.0,17,1,benign,0
0.001098,200,88000.0,182149.36247723133,80145719.48998179,440.0,0.0,5.517587939698493e-06,1.2859710877370094e-05,0,0,0.0,17,4,icmp_flood,1
0.02576,2,0.0,77.63975155279502,0.0,0.0,0.0,0.02576,0.0,0,0,1.0,6,1,benign,0
0.020609,4,156.0,194.08996069678292,7569.508467174536,37.4,8.763560920082657,0.006869666666666666,0.011896013632025366,0,0,1.0,17,1,benign,0
0.02802,2,0.0,71.37758743754459,0.0,0.0,0.0,0.02802,0.0,0,0,1.0,6,1,benign,0
0.0964,18,29200.0,186.7219917012448,302904.5643153527,1536.8421052631586,1416.6668730650006,0.005670588235294117,0.015075035464547103,0,0,5.0,6,1,benign,0
0.000526,4,123.0,7604.5627376425855,233840.30418250948,33.8,19.979989989987484,0.0001753333333333333,0.00029935653213740524,0,0,0.0,6,1,benign,0
0.020603,4,172.0,194.1464835218172,8348.298791438141,41.4,8.763560920082657,0.006867666666666666,0.011889951443691154,0,0,1.0,17,1,benign,0
0.047364,4,360.0,84.45232666159951,7600.709399543957,78.6,62.44037155558894,0.015788,0.02733955597664308,0,0,1.0,17,1,benign,0
1e-06,2,2944.0,2000000.0,2944000000.0,1472.0,0.0,1e-06,0.0,0,0,0.0,17,3,dns_amplification,1
0.054689,2,0.0,36.57042549690066,0.0,0.0,0.0,0.054689,0.0,0,0,1.0,6,1,benign,0
0.025232,4,216.0,158.5288522511097,8560.558021559924,50.8,17.527121840165314,0.008410666666666669,0.01455990784082555,0,0,1.0,17,1,benign,0
0.020598,4,272.0,194.1936110301971,13205.165550053402,61.6,35.05424368033063,0.006866,0.011887930728263857,0,0,1.0,17,1,benign,0
0.054823,3,0.0,54.72155846998522,0.0,0.0,0.0,0.0274115,0.038765715064990096,0,0,2.0,6,1,benign,0
1e-06,2,2896.0,2000000.0,2896000000.0,1448.0,0.0,1e-06,0.0,0,0,0.0,17,3,dns_amplification,1
0.000167,2,0.0,11976.047904191617,0.0,0.0,0.0,0.000167,0.0,0,0,1.0,6,1,http_get_flood,1
0.020624,4,264.0,193.9487975174554,12800.620636152056,60.4,30.672463220289305,0.006874666666666666,0.011902075799344136,0,0,1.0,17,1,benign,0
1e-06,2,2944.0,2000000.0,2944000000.0,1472.0,0.0,1e-06,0.0,0,0,0.0,17,6,slowloris_low_rate,1
1e-06,2,0.0,2000000.0,0.0,0.0,0.0,1e-06,0.0,0,1,0.0,6,0,udp_flood,1
0.21394,6,2088.0,28.04524633074693,9759.745723099935,344.1428571428572,33.61759743263722,0.042788,0.058625304655924824,0,0,0.0,17,8,pulsed_mixed_flood,1
1e-06,2,802.0,2000000.0,802000000.0,401.0,0.0,1e-06,0.0,0,0,0.0,17,8,pulsed_mixed_flood,1
116.904931,69,11612.0,0.5902231788665955,99.3285732318682,165.88571428571433,420.1017662374906,1.719190161764706,9.881550957175309,0,1,0.0,6,1,benign,0
1e-06,2,0.0,2000000.0,0.0,0.0,0.0,1e-06,0.0,0,1,0.0,6,1,syn_flood,1
1e-06,2,31.0,2000000.0,31000000.0,20.666666666666664,17.8978583448784,1e-06,0.0,0,0,0.0,6,1,benign,0
2e-06,2,2944.0,1000000.0,1472000000.0,1472.0,0.0,2e-06,0.0,0,0,0.0,17,6,slowloris_low_rate,1
0.020635,4,132.0,193.8454082868912,6396.8984734674095,31.4,8.763560920082657,0.0068783333333333335,0.011910158703112792,0,0,1.0,17,1,benign,0
0.020918,2,0.0,95.61143512764129,0.0,0.0,0.0,0.020918,0.0,0,0,1.0,6,1,benign,0
0.020613,4,504.0,194.0522970940669,24450.589433852423,107.4,101.87639569596092,0.006871,0.011895724946383048,0,0,1.0,17,1,benign,0
0.001899,14,5440.0,7372.301211163771,2864665.61348078,392.0,126.67167909881942,0.0001460769230769231,0.00018546448965523545,0,0,0.0,17,4,icmp_flood,1
0.020582,4,220.0,194.34457292780095,10688.951511029054,51.8,17.527121840165314,0.006860666666666666,0.011877827088038171,0,0,1.0,17,1,benign,0
0.020868,4,256.0,191.6810427448725,12267.58673567184,61.2,15.336231610144653,0.006956,0.012046413366641544,0,0,1.0,17,1,benign,0
0.020773,4,400.0,192.55764694555432,19255.76469455544,91.8,44.913249715423625,0.0069243333333333336,0.011991565091068527,0,0,1.0,17,1,benign,0
5.286346,7,0.0,1.3241660685849923,0.0,0.0,0.0,0.8810576666666667,2.138040828177018,0,1,0.0,6,1,benign,0
1e-06,2,2944.0,2000000.0,2944000000.0,1472.0,0.0,1e-06,0.0,0,0,0.0,17,6,slowloris_low_rate,1
1e-06,2,2944.0,2000000.0,2944000000.0,1472.0,0.0,1e-06,0.0,0,0,0.0,17,3,dns_amplification,1
1e-06,2,0.0,2000000.0,0.0,0.0,0.0,1e-06,0.0,0,1,0.0,6,0,udp_flood,1
0.020574,4,300.0,194.4201419267036,14581.510644502769,69.4,30.672463220289305,0.006858,0.01187320828588465,0,0,1.0,17,1,benign,0
0.000163,3,0.0,18404.907975460126,0.0,0.0,0.0,8.15e-05,0.00011242997820866104,0,0,2.0,6,1,benign,0
0.000255,4,0.0,15686.27450980392,0.0,0.0,0.0,8.5e-05,7.528612089887484e-05,0,0,3.0,6,1,benign,0
4.7e-05,2,0.0,42553.191489361714,0.0,0.0,0.0,4.7e-05,0.0,0,1,0.0,6,0,udp_flood,1
0.056304,4,204.0,71.04290991759022,3623.1884057971015,49.4,8.763560920082657,0.018768,0.03250193340402999,0,0,1.0,17,1,benign,0
0.000553,32,14080.0,57866.18444846293,25461121.15732369,440.0,0.0,1.7838709677419354e-05,2.7271593003457577e-05,0,0,0.0,17,4,icmp_flood,1
0.000109,3,0.0,27522.935779816507,0.0,0.0,0.0,5.45e-05,7.42462120245875e-05,0,0,2.0,6,1,benign,0
0.000185,3,0.0,16216.216216216217,0.0,0.0,0.0,9.25e-05,0.00012798632739476507,0,0,2.0,6,1,benign,0
1e-06,2,2944.0,2000000.0,2944000000.0,1472.0,0.0,1e-06,0.0,0,0,0.0,17,3,dns_amplification,1
0.171509,2,0.0,11.661195622387163,0.0,0.0,0.0,0.171509,0.0,0,0,1.0,6,1,benign,0
0.000109,3,0.0,27522.935779816507,0.0,0.0,0.0,5.45e-05,7.28319984622144e-05,0,0,2.0,6,1,benign,0
0.063067,3,0.0,47.56845894049186,0.0,0.0,0.0,0.0315335,0.04459086072840487,0,0,2.0,6,1,benign,0
0.000141,3,0.0,21276.59574468085,0.0,0.0,0.0,7.05e-05,9.6873629022557e-05,0,0,2.0,6,1,http_get_flood,1
0.000189,3,0.0,15873.015873015873,0.0,0.0,0.0,9.45e-05,0.0001308147545195113,0,0,2.0,6,1,benign,0
0.020525,4,228.0,194.884287454324,11108.404384896468,54.2,15.336231610144653,0.006841666666666666,0.011847516209456451,0,0,1.0,17,1,benign,0
0.020591,4,228.0,194.25962799281243,11072.798795590305,54.2,15.336231610144653,0.006863666666666666,0.01188475533333915,0,0,1.0,17,1,benign,0
4.7e-05,2,0.0,42553.191489361714,0.0,0.0,0.0,4.7e-05,0.0,0,1,0.0,6,1,syn_flood,1
0.00015,2,0.0,13333.333333333336,0.0,0.0,0.0,0.00015,0.0,0,0,1.0,6,1,http_get_flood,1
0.000153,3,0.0,19607.843137254906,0.0,0.0,0.0,7.65e-05,0.00010677312395916868,0,0,2.0,6,1,benign,0
0.055436,4,0.0,72.1552781585973,0.0,0.0,0.0,0.018478666666666668,0.02812374072440104,0,0,3.0,6,1,benign,0
0.090678,6,132.0,66.16819956328989,1455.7003903923776,23.28571428571429,16.007438746973087,0.018135599999999998,0.040347570209369486,0,0,1.0,6,1,benign,0
5.6e-05,4,0.0,71428.57142857142,0.0,0.0,0.0,1.8666666666666665e-05,3.1469562013687656e-05,0,1,1.0,6,1,syn_flood,1
1e-06,2,2848.0,2000000.0,2848000000.0,1424.0,0.0,1e-06,0.0,0,0,0.0,17,6,slowloris_low_rate,1
1e-06,2,2944.0,2000000.0,2944000000.0,1472.0,0.0,1e-06,0.0,0,0,0.0,17,3,dns_amplification,1
7.801147,12,444.0,1.5382353389828445,56.91470754236524,37.0,0.0,0.7091951818181819,1.734864749396783,0,0,0.0,17,1,benign,0
4.6e-05,2,2944.0,43478.260869565216,64000000.0,1472.0,0.0,4.6e-05,0.0,0,0,0.0,17,3,dns_amplification,1
2.552255,4,0.0,1.5672415177950478,0.0,0.0,0.0,0.8507516666666668,1.4735442452652494,0,1,0.0,6,0,udp_flood,1
0.001548,4,123.0,2583.979328165375,79457.36434108527,33.8,19.979989989987484,0.000516,0.0008885420642828344,0,0,0.0,6,1,benign,0
1e-06,2,2144.0,2000000.0,2144000000.0,1072.0,0.0,1e-06,0.0,0,0,0.0,17,6,slowloris_low_rate,1
7.203942,10,0.0,1.3881288883225325,0.0,0.0,0.0,0.800438,1.4307854332326526,0,1,4.0,6,1,benign,0
0.000102,8,3520.0,78431.37254901961,34509803.921568625,440.0,0.0,1.4571428571428571e-05,2.083152373093195e-05,0,0,0.0,17,4,icmp_flood,1
0.000131,32,13504.0,244274.8091603053,103083969.46564884,422.54545454545456,69.78408258204864,4.225806451612904e-06,1.0673049165755008e-05,0,0,0.0,17,4,icmp_flood,1
1e-06,2,2944.0,2000000.0,2944000000.0,1472.0,0.0,1e-06,0.0,0,0,0.0,17,3,dns_amplification,1
1e-06,2,0.0,2000000.0,0.0,0.0,0.0,1e-06,0.0,0,1,0.0,6,0,udp_flood,1
0.000178,2,0.0,11235.955056179777,0.0,0.0,0.0,0.000178,0.0,0,0,1.0,6,1,http_get_flood,1
5.3e-05,4,0.0,75471.69811320755,0.0,0.0,0.0,1.7666666666666665e-05,2.8867513459481286e-05,0,1,1.0,6,0,udp_flood,1
1.5e-05,4,804.0,266666.66666666674,53600000.0,201.0,0.0,5e-06,5.196152422706632e-06,0,0,0.0,17,1,benign,0
0.020563,4,290.0,194.5241453095365,14103.0005349414,66.6,32.3156308928048,0.006854333333333334,0.011866857432923567,0,0,1.0,17,1,benign,0
1e-06,2,2928.0,2000000.0,2928000000.0,1464.0,0.0,1e-06,0.0,0,0,0.0,17,6,slowloris_low_rate,1
0.020851,4,216.0,191.8373219509856,10359.21538535322,50.8,17.527121840165314,0.0069503333333333335,0.012036598412065315,0,0,1.0,17,1,benign,0
0.000108,2,0.0,18518.51851851852,0.0,0.0,0.0,0.000108,0.0,0,0,1.0,6,1,http_get_flood,1
2e-06,2,2944.0,1000000.0,1472000000.0,1472.0,0.0,2e-06,0.0,0,0,0.0,17,6,slowloris_low_rate,1
0.10499,4,1438.0,38.09886655871989,13696.542527859794,353.6,32.3156308928048,0.03499666666666667,0.06061427271141124,0,0,0.0,17,8,pulsed_mixed_flood,1
1e-06,2,1006.0,2000000.0,1006000000.0,503.0,0.0,1e-06,0.0,0,0,0.0,17,8,pulsed_mixed_flood,1
0.020658,4,204.0,193.62958660083265,9875.108916642464,49.4,8.763560920082657,0.006886,0.011924303795190728,0,0,1.0,17,1,benign,0
1e-06,2,0.0,2000000.0,0.0,0.0,0.0,1e-06,0.0,0,1,0.0,6,0,udp_flood,1
5.2e-05,4,0.0,76923.07692307692,0.0,0.0,0.0,1.7333333333333336e-05,2.916047553338823e-05,0,1,1.0,6,0,udp_flood,1
0.05528,4,0.0,72.3589001447178,0.0,0.0,0.0,0.018426666666666664,0.030190994523753824,0,0,3.0,6,1,benign,0
0.010192,200,88000.0,19623.2339089482,8634222.919937206,440.0,0.0,5.121608040201005e-05,6.811212193329563e-05,0,0,0.0,17,4,icmp_flood,1
4.9e-05,2,2944.0,40816.32653061225,60081632.65306122,1472.0,0.0,4.9e-05,0.0,0,0,0.0,17,3,dns_amplification,1
2e-06,2,2944.0,1000000.0,1472000000.0,1472.0,0.0,2e-06,0.0,0,0,0.0,17,6,slowloris_low_rate,1
5e-06,3,0.0,600000.0,0.0,0.0,0.0,2.5e-06,7.071067811865476e-07,0,0,0.0,6,1,benign,0
1e-06,2,2944.0,2000000.0,2944000000.0,1472.0,0.0,1e-06,0.0,0,0,0.0,17,6,slowloris_low_rate,1
1e-06,2,0.0,2000000.0,0.0,0.0,0.0,1e-06,0.0,0,1,0.0,6,1,syn_flood,1
3e-06,2,0.0,666666.6666666665,0.0,0.0,0.0,3e-06,0.0,1,0,1.0,6,1,benign,0
2e-06,2,750.0,1000000.0,375000000.0,375.0,0.0,2e-06,0.0,0,0,0.0,17,8,pulsed_mixed_flood,1
0.054688,2,0.0,36.57109420713868,0.0,0.0,0.0,0.054688,0.0,0,0,1.0,6,1,benign,0
5.705798,7,0.0,1.2268222604445511,0.0,0.0,0.0,0.9509663333333332,2.3025710302046,0,1,0.0,6,1,benign,0
0.113047,4,1398.0,35.383513052093384,12366.537811706636,345.6,21.36117974270148,0.03768233333333333,0.06526598383027206,0,0,0.0,17,8,pulsed_mixed_flood,1
2e-06,2,780.0,1000000.0,390000000.0,390.0,0.0,2e-06,0.0,0,0,0.0,17,0,udp_flood,1
0.001811,18,7344.0,9939.260077305356,4055218.1115405858,409.68421052631584,90.80690908098406,0.00010652941176470588,0.00015520072392190168,0,0,0.0,17,4,icmp_flood,1
1e-06,2,31.0,2000000.0,31000000.0,20.666666666666664,17.8978583448784,1e-06,0.0,0,0,0.0,6,1,benign,0
1e-06,2,0.0,2000000.0,0.0,0.0,0.0,1e-06,0.0,0,1,0.0,6,1,syn_flood,1
6.4e-05,4,0.0,62500.0,0.0,0.0,0.0,2.1333333333333335e-05,3.435597958628648e-05,0,1,1.0,6,0,udp_flood,1
0.108698,4,1498.0,36.79920513716904,13781.302323869804,368.6,32.3156308928048,0.03623266666666667,0.0627533554667265,0,0,0.0,17,8,pulsed_mixed_flood,1
1e-06,2,2944.0,2000000.0,2944000000.0,1472.0,0.0,1e-06,0.0,0,0,0.0,17,6,slowloris_low_rate,1
61.071462,56,11400.0,0.916958562413325,186.666564491284,199.99999999999991,499.3712475274712,1.110390218181818,3.119807521508218,0,1,0.0,6,1,benign,0
31.260815,41,12110.0,1.3115461001256683,387.38593347614255,288.33333333333326,664.5156925844993,0.781520375,2.6634256159805685,0,1,0.0,6,1,benign,0
2e-06,2,766.0,1000000.0,383000000.0,383.0,0.0,2e-06,0.0,0,0,0.0,17,0,udp_flood,1
1e-06,2,0.0,2000000.0,0.0,0.0,0.0,1e-06,0.0,0,1,0.0,6,0,udp_flood,1
0.020787,4,410.0,192.42795978255643,19723.86587771204,91.4,60.79720388307344,0.006929,0.011997049929045055,0,0,1.0,17,1,benign,0
0.001114,50,22000.0,44883.30341113106,19748653.50089767,440.0,0.0,2.273469387755102e-05,3.7839450043464383e-05,0,0,0.0,17,4,icmp_flood,1
0.000151,3,0.0,19867.54966887417,0.0,0.0,0.0,7.55e-05,0.0001025304832720494,0,0,2.0,6,1,benign,0
0.000295,4,0.0,13559.322033898305,0.0,0.0,0.0,9.833333333333332e-05,0.00010286074729134209,0,0,3.0,6,1,benign,0
9.8e-05,4,0.0,40816.32653061225,0.0,0.0,0.0,3.266666666666667e-05,2.8360771028541048e-05,0,1,1.0,6,1,syn_flood,1
0.020619,4,316.0,193.9958290896746,15325.670498084291,69.4,52.58136552049595,0.006873,0.011899189047998188,0,0,1.0,17,1,benign,0
1e-06,2,2944.0,2000000.0,2944000000.0,1472.0,0.0,1e-06,0.0,0,0,0.0,17,3,dns_amplification,1
1.428442,76,10072.0,53.20482035672432,7051.038824117464,130.80519480519482,373.6088243830295,0.019045893333333334,0.056387056051461236,0,1,1.0,6,1,benign,0
0.00305,174,76272.0,57049.180327868846,25007213.114754096,438.35428571428565,15.3499474494054,1.7630057803468215e-05,4.742817848633368e-05,0,0,0.0,17,4,icmp_flood,1
4.7e-05,2,2944.0,42553.191489361714,62638297.87234042,1472.0,0.0,4.7e-05,0.0,0,0,0.0,17,6,slowloris_low_rate,1
2e-06,2,2944.0,1000000.0,1472000000.0,1472.0,0.0,2e-06,0.0,0,0,0.0,17,3,dns_amplification,1
60.658413,54,12614.0,0.8902310055490571,207.9513685925149,229.3454545454545,613.1222830779631,1.144498358490566,3.197336178402711,0,1,1.0,6,1,benign,0
1e-06,2,0.0,2000000.0,0.0,0.0,0.0,1e-06,0.0,0,1,0.0,6,1,syn_flood,1
0.000157,6,74.0,38216.56050955413,471337.5796178344,10.571428571428571,18.054151349547865,3.14e-05,5.672124822321879e-05,0,0,5.0,6,1,benign,0
0.000169,3,0.0,17751.47928994083,0.0,0.0,0.0,8.45e-05,0.00011525840533340723,0,0,2.0,6,1,benign,0
1e-06,2,0.0,2000000.0,0.0,0.0,0.0,1e-06,0.0,0,1,0.0,6,0,udp_flood,1
115.429623,126,117663.0,1.0915742140126372,1019.348386852134,926.4803149606296,1257.2273591303729,0.9234369840000001,2.868670120185146,0,1,1.0,6,1,benign,0
1e-06,2,2944.0,2000000.0,2944000000.0,1472.0,0.0,1e-06,0.0,0,0,0.0,17,6,slowloris_low_rate,1
0.054842,2,0.0,36.468400131286245,0.0,0.0,0.0,0.054842,0.0,0,0,1.0,6,1,benign,0
0.061257,4,694.0,65.29865974500872,11329.317465759015,145.2,155.005483773962,0.020419,0.035361549287326204,0,0,1.0,17,1,benign,0
0.065494,4,180.0,61.07429688215714,2748.343359697072,42.2,15.336231610144653,0.021831333333333335,0.03780778237788264,0,0,1.0,17,1,benign,0
1.075757,6,0.0,5.577467773855991,0.0,0.0,0.0,0.2151514,0.47280278507988927,0,1,2.0,6,1,benign,0
15.518077,12,0.0,0.7732916907165752,0.0,0.0,0.0,1.4107342727272727,2.644037753156414,0,1,5.0,6,1,benign,0
0.020812,4,410.0,192.1968095329617,19700.172977128583,91.4,60.79720388307344,0.0069373333333333335,0.012011483685762277,0,0,1.0,17,1,benign,0
0.106671,4,1398.0,37.49847662438713,13105.717580223303,345.6,21.36117974270148,0.035557,0.06158566454135247,0,0,0.0,17,8,pulsed_mixed_flood,1
0.001202,22,9680.0,18302.828618968382,8053244.59234609,440.0,0.0,5.7238095238095245e-05,0.0001609623883899294,0,0,0.0,17,4,icmp_flood,1
0.020782,4,312.0,192.474256568184,15012.992012318353,69.0,49.29503017546495,0.006927333333333334,0.011996761243491232,0,0,1.0,17,1,benign,0
0.104499,4,1398.0,38.27787825720821,13378.118450894268,345.6,21.36117974270148,0.034833,0.06033079372923914,0,0,0.0,17,8,pulsed_mixed_flood,1
1e-06,2,2944.0,2000000.0,2944000000.0,1472.0,0.0,1e-06,0.0,0,0,0.0,17,6,slowloris_low_rate,1
0.021022,4,410.0,190.27685282085443,19503.37741413757,91.4,60.79720388307344,0.007007333333333334,0.012131861206481607,0,0,1.0,17,1,benign,0
0.020811,4,212.0,192.20604488011148,10186.92037864591,51.4,8.763560920082657,0.006937,0.012011772350490163,0,0,1.0,17,1,benign,0
0.000183,3,0.0,16393.442622950817,0.0,0.0,0.0,9.15e-05,0.000126572113832392,0,0,2.0,6,1,benign,0
0.020635,4,444.0,193.8454082868912,21516.840319844923,97.8,72.29937759068193,0.0068783333333333335,0.01190929268820501,0,0,1.0,17,1,benign,0
0.020555,4,220.0,194.59985405010943,10702.99197275602,52.2,15.336231610144653,0.006851666666666666,0.011863970723722026,0,0,1.0,17,1,benign,0
42.047018,10,0.0,0.2378289941988276,0.0,0.0,0.0,4.671890888888889,7.364982628806745,0,1,0.0,6,0,udp_flood,1
27.999197,6,0.0,0.2142918598701241,0.0,0.0,0.0,5.5998394000000005,7.668640247899773,0,1,0.0,6,0,udp_flood,1
4.9e-05,2,0.0,40816.32653061225,0.0,0.0,0.0,4.9e-05,0.0,0,1,0.0,6,1,syn_flood,1
0.000147,3,0.0,20408.163265306124,0.0,0.0,0.0,7.35e-05,9.97020561473032e-05,0,0,2.0,6,1,benign,0
0.040856,4,0.0,97.90483649892306,0.0,0.0,0.0,0.013618666666666668,0.023585624527099835,0,0,3.0,6,1,benign,0
0.000141,3,0.0,21276.59574468085,0.0,0.0,0.0,7.05e-05,9.6873629022557e-05,0,0,2.0,6,1,benign,0
1e-06,2,0.0,2000000.0,0.0,0.0,0.0,1e-06,0.0,0,1,0.0,6,1,syn_flood,1
0.0206,4,212.0,194.17475728155335,10291.262135922329,51.4,8.763560920082657,0.006866666666666666,0.011889085428801214,0,0,1.0,17,1,benign,0
0.040876,4,0.0,97.85693316371464,0.0,0.0,0.0,0.013625333333333331,0.02359717153248104,0,0,3.0,6,1,benign,0
0.210342,24,10788.0,114.09989445759764,51287.902558690126,447.84,27.930986377140343,0.009145304347826089,0.04134066831543484,0,0,0.0,17,8,pulsed_mixed_flood,1
28.019829,6,0.0,0.214134069126546,0.0,0.0,0.0,5.6039658,7.892518076683112,0,1,0.0,6,0,udp_flood,1
1e-06,2,766.0,2000000.0,766000000.0,383.0,0.0,1e-06,0.0,0,0,0.0,17,8,pulsed_mixed_flood,1
1e-06,2,2944.0,2000000.0,2944000000.0,1472.0,0.0,1e-06,0.0,0,0,0.0,17,6,slowloris_low_rate,1
0.000308,5,154.0,16233.766233766231,500000.0,33.333333333333336,17.90716802475106,7.7e-05,0.00015133406754594286,0,0,0.0,6,1,benign,0
1.840758,15,2916.0,8.148816954754508,1584.1300160042765,182.25,371.274112572728,0.13148271428571429,0.4916225066701903,0,1,0.0,6,1,http_get_flood,1
0.020777,4,356.0,192.5205756365212,17134.331231650383,79.2,53.67681063550628,0.006925666666666666,0.01199300847716424,0,0,1.0,17,1,benign,0
1e-06,2,0.0,2000000.0,0.0,0.0,0.0,1e-06,0.0,0,1,0.0,6,1,syn_flood,1
5.4e-05,4,0.0,74074.07407407407,0.0,0.0,0.0,1.8e-05,2.944486372867091e-05,0,1,1.0,6,0,udp_flood,1
1e-06,2,2944.0,2000000.0,2944000000.0,1472.0,0.0,1e-06,0.0,0,0,0.0,17,6,slowloris_low_rate,1
0.004246,6,2640.0,1413.094677343382,621761.6580310881,440.0,0.0,0.0008492,0.001116755882008239,0,0,0.0,17,4,icmp_flood,1
0.020878,4,62.0,191.5892326851231,2969.633106619408,12.4,16.97939928266015,0.006959333333333334,0.01205132085430196,0,0,3.0,6,1,benign,0
0.108899,4,1398.0,36.73128311554744,12837.583448883828,345.6,21.36117974270148,0.036299666666666675,0.06287113491367348,0,0,0.0,17,8,pulsed_mixed_flood,1
1.500774,37,38816.0,24.653945230927512,25863.987515775192,1021.4736842105262,1243.9195406508766,0.041688166666666686,0.2170795776158069,0,1,1.0,6,1,benign,0
0.292254,36,34298.0,123.18052105360404,117356.81975268088,926.9729729729733,1128.6028109148074,0.008350114285714286,0.02037643181367,0,1,1.0,6,1,benign,0
1e-06,2,0.0,2000000.0,0.0,0.0,0.0,1e-06,0.0,0,1,0.0,6,0,udp_flood,1
0.020708,4,316.0,193.1620629708325,15259.802974695767,69.4,52.58136552049595,0.006902666666666666,0.011952305272763631,0,0,1.0,17,1,benign,0
114.229187,52,0.0,0.4552251606237905,0.0,0.0,0.0,2.239787980392157,4.080469399546908,0,0,0.0,17,1,benign,0
0.020773,4,264.0,192.55764694555432,12708.804698406588,64.4,8.763560920082657,0.0069243333333333336,0.011988100989453387,0,0,1.0,17,1,benign,0
0.001295,10,4400.0,7722.007722007724,3397683.3976833983,440.0,0.0,0.00014388888888888887,0.0002768846530797818,0,0,0.0,17,4,icmp_flood,1
0.020679,4,228.0,193.43295130325453,11025.678224285508,54.2,15.336231610144653,0.006893,0.011933830064149564,0,0,1.0,17,1,benign,0
0.020974,4,536.0,190.71231047964145,25555.44960427196,117.6,89.82649943084725,0.006991333333333334,0.012105014429290586,0,0,1.0,17,1,benign,0
0.02059,4,222.0,194.26906265177269,10781.932977173385,49.4,33.411076007815126,0.006863333333333334,0.011880713881469131,0,0,1.0,17,1,benign,0
6.055168,7,0.0,1.1560372891387984,0.0,0.0,0.0,1.0091946666666667,2.445215530380393,0,1,0.0,6,1,benign,0
1e-06,2,2928.0,2000000.0,2928000000.0,1464.0,0.0,1e-06,0.0,0,0,0.0,17,6,slowloris_low_rate,1
1e-06,2,0.0,2000000.0,0.0,0.0,0.0,1e-06,0.0,0,1,0.0,6,1,syn_flood,1
1e-06,2,0.0,2000000.0,0.0,0.0,0.0,1e-06,0.0,0,1,0.0,6,0,udp_flood,1
1e-06,2,2944.0,2000000.0,2944000000.0,1472.0,0.0,1e-06,0.0,0,0,0.0,17,3,dns_amplification,1
0.020747,4,156.0,192.798958885622,7519.159396539258,37.4,8.763560920082657,0.006915666666666666,0.011973955918297568,0,0,1.0,17,1,benign,0
0.045153,4,352.0,88.58769074037163,7795.716785152703,78.4,52.58136552049595,0.015051,0.026063900552296466,0,0,1.0,17,1,benign,0
0.020597,4,156.0,194.2030392775647,7573.918531825023,37.4,8.763560920082657,0.006865666666666666,0.01188821943494203,0,0,1.0,17,1,benign,0
2e-06,2,750.0,1000000.0,375000000.0,375.0,0.0,2e-06,0.0,0,0,0.0,17,8,pulsed_mixed_flood,1
0.000755,4,1760.0,5298.013245033112,2331125.827814569,440.0,0.0,0.0002516666666666667,0.00043330166550953076,0,0,0.0,17,4,icmp_flood,1
9.014203,6,0.0,0.6656162502663852,0.0,0.0,0.0,1.8028406000000001,2.684975805835837,0,1,0.0,6,1,benign,0
0.020884,4,240.0,191.5341888527102,11492.051331162613,54.2,31.767908335299637,0.006961333333333334,0.012054784955914116,0,0,1.0,17,1,benign,0
0.000706,150,66000.0,212464.58923512747,93484419.26345608,440.0,0.0,4.738255033557047e-06,1.1950571609734125e-05,0,0,0.0,17,4,icmp_flood,1
1e-06,2,2944.0,2000000.0,2944000000.0,1472.0,0.0,1e-06,0.0,0,0,0.0,17,3,dns_amplification,1
78.909067,10,0.0,0.1267281489971235,0.0,0.0,0.0,8.767674111111113,12.615203689607199,0,1,0.0,6,1,syn_flood,1
0.020843,4,512.0,191.91095331766056,24564.60202466056,115.2,70.10848736066126,0.006947666666666666,0.01203024755910423,0,0,1.0,17,1,benign,0
5.571053,21,6084.0,3.7694848711724696,1092.0736169625384,276.54545454545456,421.2316100010412,0.27855265,1.119573414833256,0,1,0.0,6,1,http_get_flood,1
3.7e-05,4,123.0,108108.1081081081,3324324.3243243243,33.8,19.979989989987484,1.2333333333333333e-05,1.7039170558842746e-05,0,0,0.0,6,1,benign,0
0.571777,20,2182.0,34.97867175489745,3816.173088459312,103.90476190476193,237.24942671414505,0.030093526315789484,0.10640882571132507,0,1,0.0,6,1,benign,0
0.044834,4,222.0,89.21800419324622,4951.599232725164,49.4,33.411076007815126,0.014944666666666669,0.02588059184665864,0,0,1.0,17,1,benign,0
1e-06,2,2928.0,2000000.0,2928000000.0,1464.0,0.0,1e-06,0.0,0,0,0.0,17,3,dns_amplification,1
0.000108,20,8080.0,185185.1851851852,74814814.81481482,405.71428571428567,108.28533735328293,5.684210526315789e-06,1.3013038895144737e-05,0,0,0.0,17,4,icmp_flood,1
2e-06,2,0.0,1000000.0,0.0,0.0,0.0,2e-06,0.0,0,0,0.0,6,1,benign,0
0.046087,4,156.0,86.79237095059344,3384.902467073144,37.4,8.763560920082657,0.015362333333333332,0.026604011733821903,0,0,1.0,17,1,benign,0
5.3e-05,4,1760.0,75471.69811320755,33207547.16981132,440.0,0.0,1.7666666666666665e-05,2.8867513459481286e-05,0,0,0.0,17,4,icmp_flood,1
0.020623,4,242.0,193.95820200746743,11734.47122145178,54.0,35.6019662378358,0.006874333333333334,0.011901498449074946,0,0,1.0,17,1,benign,0
1e-06,2,0.0,2000000.0,0.0,0.0,0.0,1e-06,0.0,0,1,0.0,6,0,udp_flood,1
0.108029,4,1398.0,37.02709457645632,12940.969554471483,345.6,21.36117974270148,0.03600966666666667,0.062328141415682645,0,0,0.0,17,8,pulsed_mixed_flood,1
0.02061,4,160.0,194.0805434255216,7763.221737020865,38.4,8.763560920082657,0.00687,0.011894858931488004,0,0,1.0,17,1,benign,0
0.020627,6,62.0,290.8808842778882,3005.7691375381787,8.857142857142858,15.126451130702266,0.0041253999999999996,0.009221879759571795,0,0,5.0,6,1,benign,0
1e-06,2,0.0,2000000.0,0.0,0.0,0.0,1e-06,0.0,0,1,0.0,6,1,syn_flood,1
0.215273,6,2088.0,27.87158631133491,9699.312036344549,344.1428571428572,33.61759743263722,0.0430546,0.058979122571465925,0,0,0.0,17,8,pulsed_mixed_flood,1
1e-06,2,2944.0,2000000.0,2944000000.0,1472.0,0.0,1e-06,0.0,0,0,0.0,17,6,slowloris_low_rate,1
1e-06,2,2896.0,2000000.0,2896000000.0,1448.0,0.0,1e-06,0.0,0,0,0.0,17,3,dns_amplification,1
0.020615,4,280.0,194.0334707737084,13582.342954159592,64.6,29.57701810527897,0.006871666666666666,0.011896879815032737,0,0,1.0,17,1,benign,0
1e-06,2,0.0,2000000.0,0.0,0.0,0.0,1e-06,0.0,0,1,0.0,6,1,syn_flood,1
0.218226,6,2088.0,27.49443237744357,9568.06246735036,344.1428571428572,33.61759743263722,0.043645199999999995,0.059766067569315615,0,0,0.0,17,8,pulsed_mixed_flood,1
60.760964,54,12530.0,0.8887284935110641,206.2179263646969,227.8181818181818,609.9160868485375,1.1464332830188675,3.1947253083379983,0,1,1.0,6,1,benign,0
3e-06,2,0.0,666666.6666666665,0.0,0.0,0.0,3e-06,0.0,1,0,1.0,6,1,benign,0
0.107255,4,1438.0,37.29429863409632,13407.300358957624,353.6,32.3156308928048,0.035751666666666675,0.06192197107112574,0,0,0.0,17,8,pulsed_mixed_flood,1
1e-06,2,2944.0,2000000.0,2944000000.0,1472.0,0.0,1e-06,0.0,0,0,0.0,17,3,dns_amplification,1
1e-06,2,2944.0,2000000.0,2944000000.0,1472.0,0.0,1e-06,0.0,0,0,0.0,17,6,slowloris_low_rate,1
0.05462,4,264.0,73.23324789454412,4833.394361039912,64.4,8.763560920082657,0.018206666666666663,0.03153140760152222,0,0,1.0,17,1,benign,0
2e-06,2,0.0,1000000.0,0.0,0.0,0.0,2e-06,0.0,0,0,0.0,6,1,benign,0
1e-06,2,0.0,2000000.0,0.0,0.0,0.0,1e-06,0.0,0,1,0.0,6,1,syn_flood,1
1e-06,2,0.0,2000000.0,0.0,0.0,0.0,1e-06,0.0,0,1,0.0,6,1,syn_flood,1
0.02061,4,200.0,194.0805434255216,9704.02717127608,48.4,8.763560920082657,0.00687,0.011893992895575481,0,0,1.0,17,1,benign,0
4.8e-05,2,0.0,41666.66666666666,0.0,0.0,0.0,4.8e-05,0.0,0,1,0.0,6,1,syn_flood,1
0.020615,4,196.0,194.0334707737084,9507.640067911714,46.2,15.336231610144653,0.006871666666666666,0.011897745682831406,0,0,1.0,17,1,benign,0
0.020899,2,0.0,95.69835877314704,0.0,0.0,0.0,0.020899,0.0,0,0,1.0,6,1,benign,0
1e-06,2,766.0,2000000.0,766000000.0,383.0,0.0,1e-06,0.0,0,0,0.0,17,8,pulsed_mixed_flood,1
0.000119,3,0.0,25210.08403361344,0.0,0.0,0.0,5.95e-05,8.131727983645297e-05,0,0,2.0,6,1,benign,0
1e-06,2,2944.0,2000000.0,2944000000.0,1472.0,0.0,1e-06,0.0,0,0,0.0,17,3,dns_amplification,1
0.000248,12,5280.0,48387.096774193546,21290322.58064516,440.0,0.0,2.254545454545455e-05,3.875400272581823e-05,0,0,0.0,17,4,icmp_flood,1
1e-06,2,766.0,2000000.0,766000000.0,383.0,0.0,1e-06,0.0,0,0,0.0,17,8,pulsed_mixed_flood,1
7.224853,10,0.0,1.3841112061380347,0.0,0.0,0.0,0.8027614444444445,1.4310891719857213,0,1,4.0,6,1,benign,0
0.217635,6,2088.0,27.56909504445517,9594.045075470398,344.1428571428572,33.61759743263722,0.043527,0.05965609081644555,0,0,0.0,17,8,pulsed_mixed_flood,1
0.044971,4,228.0,88.94620977963578,5069.933957439239,54.2,15.336231610144653,0.014990333333333333,0.02595882280330396,0,0,1.0,17,1,benign,0
0.020821,4,426.0,192.1137313289468,20460.112386532837,94.6,65.17898434311476,0.006940333333333334,0.012016679838180479,0,0,1.0,17,1,benign,0
0.020671,4,222.0,193.50781287794496,10739.683614725946,49.4,33.411076007815126,0.006890333333333334,0.011929211261996045,0,0,1.0,17,1,benign,0
4.5e-05,2,2896.0,44444.444444444445,64355555.55555555,1448.0,0.0,4.5e-05,0.0,0,0,0.0,17,3,dns_amplification,1
0.032572,2,0.0,61.40243153628885,0.0,0.0,0.0,0.032572,0.0,0,0,1.0,6,1,benign,0
115.08538,64,12905.0,0.5561088645664636,112.13413901922208,221.00000000000003,597.497777192518,1.826752063492063,3.830082987856124,0,0,1.0,6,1,benign,0
0.020947,4,462.0,190.95813242946485,22055.66429560319,102.2,72.8471001481871,0.006982333333333334,0.01209029198709995,0,0,1.0,17,1,benign,0
2e-06,2,2944.0,1000000.0,1472000000.0,1472.0,0.0,2e-06,0.0,0,0,0.0,17,3,dns_amplification,1
0.032255,2,0.0,62.00589055960317,0.0,0.0,0.0,0.032255,0.0,0,0,1.0,6,1,benign,0
6.005391,7,0.0,1.1656193576737968,0.0,0.0,0.0,1.0008985,2.424790595778922,0,1,0.0,6,1,benign,0
1e-06,2,2944.0,2000000.0,2944000000.0,1472.0,0.0,1e-06,0.0,0,0,0.0,17,3,dns_amplification,1
115.825497,164,178110.0,1.4159231278757216,1537.7443189386877,1079.454545454545,1261.2440937740096,0.7105858711656444,2.536259146888836,0,1,1.0,6,1,benign,0
9.8e-05,3,0.0,30612.244897959183,0.0,0.0,0.0,4.9e-05,6.505382386916237e-05,0,0,2.0,6,1,benign,0
3e-06,3,0.0,1000000.0,0.0,0.0,0.0,1.5e-06,7.071067811865476e-07,0,0,0.0,6,1,benign,0
1e-06,2,0.0,2000000.0,0.0,0.0,0.0,1e-06,0.0,0,1,0.0,6,1,syn_flood,1
2e-06,2,0.0,1000000.0,0.0,0.0,0.0,2e-06,0.0,0,1,0.0,6,1,syn_flood,1
0.106786,4,1438.0,37.45809375760867,13466.184705860318,353.6,32.3156308928048,0.035595333333333326,0.06165119379487581,0,0,0.0,17,8,pulsed_mixed_flood,1
4.8e-05,2,0.0,41666.66666666666,0.0,0.0,0.0,4.8e-05,0.0,0,1,0.0,6,0,udp_flood,1
0.000184,3,0.0,16304.347826086956,0.0,0.0,0.0,9.2e-05,0.00012586500705120545,0,0,2.0,6,1,benign,0
1.033626,6,0.0,5.804807541605959,0.0,0.0,0.0,0.2067252,0.4539790874442346,0,1,2.0,6,1,benign,0
0.020569,4,212.0,194.4674024016724,10306.772327288638,51.4,8.763560920082657,0.006856333333333334,0.011870321534538703,0,0,1.0,17,1,benign,0
1e-06,2,2944.0,2000000.0,2944000000.0,1472.0,0.0,1e-06,0.0,0,0,0.0,17,3,dns_amplification,1
1e-06,2,2928.0,2000000.0,2928000000.0,1464.0,0.0,1e-06,0.0,0,0,0.0,17,6,slowloris_low_rate,1
0.000123,4,0.0,32520.325203252032,0.0,0.0,0.0,4.1e-05,6.92820323027551e-05,0,1,1.0,6,0,udp_flood,1
0.000207,3,0.0,14492.753623188406,0.0,0.0,0.0,0.0001035,0.00014212846301849607,0,0,2.0,6,1,benign,0
1e-06,2,2832.0,2000000.0,2832000000.0,1416.0,0.0,1e-06,0.0,0,0,0.0,17,6,slowloris_low_rate,1
2e-06,2,2944.0,1000000.0,1472000000.0,1472.0,0.0,2e-06,0.0,0,0,0.0,17,6,slowloris_low_rate,1
0.001545,24,10560.0,15533.980582524273,6834951.45631068,440.0,0.0,6.717391304347825e-05,7.204900615926325e-05,0,0,0.0,17,4,icmp_flood,1
0.001632,108,47520.0,66176.4705882353,29117647.05882353,440.0,0.0,1.5252336448598127e-05,8.757326781076256e-05,0,0,0.0,17,4,icmp_flood,1
2e-06,2,2944.0,1000000.0,1472000000.0,1472.0,0.0,2e-06,0.0,0,0,0.0,17,6,slowloris_low_rate,1
0.217694,6,2088.0,27.561623195862087,9591.444872160004,344.1428571428572,33.61759743263722,0.0435388,0.05961768674395207,0,0,0.0,17,0,udp_flood,1
0.020642,4,224.0,193.77967251235344,10851.661660691792,50.6,29.57701810527897,0.006880666666666666,0.011913334140085776,0,0,1.0,17,1,benign,0
2e-06,2,2944.0,1000000.0,1472000000.0,1472.0,0.0,2e-06,0.0,0,0,0.0,17,6,slowloris_low_rate,1
0.040831,4,0.0,97.96478166099288,0.0,0.0,0.0,0.013610333333333332,0.02357032476087958,0,0,3.0,6,1,benign,0
9.1e-05,3,0.0,32967.03296703297,0.0,0.0,0.0,4.55e-05,6.010407640085654e-05,0,0,2.0,6,1,benign,0
1e-06,2,0.0,2000000.0,0.0,0.0,0.0,1e-06,0.0,0,1,0.0,6,1,syn_flood,1
0.043222,13,1676.0,300.77275461570497,38776.54897968628,119.7142857142857,196.56254771658604,0.003601833333333333,0.008046050808071038,0,1,0.0,6,1,benign,0
9.4e-05,3,0.0,31914.89361702128,0.0,0.0,0.0,4.7e-05,6.222539674441618e-05,0,0,2.0,6,1,http_get_flood,1
0.054163,18,9686.0,332.330188505068,178830.56699222716,509.7894736842105,727.5345412912914,0.003186058823529412,0.008746134771075937,0,1,1.0,6,1,benign,0
1e-06,2,31.0,2000000.0,31000000.0,20.666666666666664,17.8978583448784,1e-06,0.0,0,0,0.0,6,1,benign,0
8.9e-05,3,0.0,33707.865168539334,0.0,0.0,0.0,4.45e-05,6.010407640085654e-05,0,0,2.0,6,1,benign,0
1e-06,2,750.0,2000000.0,750000000.0,375.0,0.0,1e-06,0.0,0,0,0.0,17,8,pulsed_mixed_flood,1
1e-06,2,2944.0,2000000.0,2944000000.0,1472.0,0.0,1e-06,0.0,0,0,0.0,17,3,dns_amplification,1
0.14974,25,8343.0,166.95605716575398,55716.57539735541,320.8846153846153,677.313536077529,0.006239166666666668,0.011374292278668579,0,1,0.0,6,1,benign,0
0.020775,4,262.0,192.5391095066186,12611.311672683512,61.6,21.36117974270148,0.006925,0.011989255689991768,0,0,1.0,17,1,benign,0
16.552119,7,0.0,0.4229065777016223,0.0,0.0,0.0,2.7586865,6.75726503827715,0,1,0.0,6,1,http_get_flood,1
1e-06,2,2896.0,2000000.0,2896000000.0,1448.0,0.0,1e-06,0.0,0,0,0.0,17,3,dns_amplification,1
0.020678,4,486.0,193.4423058322856,23503.24015862269,103.4,99.13778290843506,0.006892666666666666,0.01193411874975833,0,0,1.0,17,1,benign,0
0.206759,27,10544.0,130.58681846981267,50996.57088687796,376.57142857142856,727.0145664938083,0.00795226923076923,0.01927230412702683,0,1,1.0,6,1,benign,0
1e-06,2,2944.0,2000000.0,2944000000.0,1472.0,0.0,1e-06,0.0,0,0,0.0,17,3,dns_amplification,1
0.00018,3,0.0,16666.666666666664,0.0,0.0,0.0,9e-05,0.0001230365799264593,0,0,2.0,6,1,benign,0
110.57352,83,29384.0,0.7506317968352639,265.7417435928602,349.80952380952385,840.773030361288,1.348457560975609,3.3991444852398556,0,1,0.0,6,1,benign,0
1e-06,2,2944.0,2000000.0,2944000000.0,1472.0,0.0,1e-06,0.0,0,0,0.0,17,3,dns_amplification,1
0.054707,3,0.0,54.83758933957263,0.0,0.0,0.0,0.0273535,0.03867944803768534,0,0,2.0,6,1,benign,0
0.020624,4,204.0,193.9487975174554,9891.388673390224,49.4,8.763560920082657,0.006874666666666666,0.011902941835249523,0,0,1.0,17,1,benign,0
1e-06,2,2848.0,2000000.0,2848000000.0,1424.0,0.0,1e-06,0.0,0,0,0.0,17,6,slowloris_low_rate,1
0.042454,14,1674.0,329.76869081829744,39430.91345927357,111.6,191.6797179821441,0.003265692307692308,0.007816007339477696,0,1,0.0,6,1,benign,0
0.13987,4,410.0,28.59798384213913,2931.293343819261,91.4,60.79720388307344,0.04662333333333333,0.08074965202608203,0,0,1.0,17,1,benign,0
7.236423,10,0.0,1.381898211312412,0.0,0.0,0.0,0.804047,1.4390374553926661,0,1,4.0,6,1,benign,0
0.02058,4,224.0,194.3634596695821,10884.353741496598,53.2,15.336231610144653,0.00686,0.011876672387499792,0,0,1.0,17,1,benign,0
2e-06,2,2944.0,1000000.0,1472000000.0,1472.0,0.0,2e-06,0.0,0,0,0.0,17,6,slowloris_low_rate,1
1e-06,2,2944.0,2000000.0,2944000000.0,1472.0,0.0,1e-06,0.0,0,0,0.0,17,6,slowloris_low_rate,1
0.020539,4,228.0,194.751448463898,11100.83256244218,50.6,35.05424368033063,0.006846333333333334,0.011853001026463016,0,0,1.0,17,1,benign,0
0.108783,4,1438.0,36.77045126536315,13218.977229898052,353.6,32.3156308928048,0.036261,0.06280416228244749,0,0,0.0,17,8,pulsed_mixed_flood,1
1e-06,2,0.0,2000000.0,0.0,0.0,0.0,1e-06,0.0,0,1,0.0,6,0,udp_flood,1
0.392399,112,17562.0,285.4237650962413,44755.46573768027,155.41592920353972,308.6860322880016,0.003535126126126126,0.010757681815265456,0,1,1.0,6,1,benign,0
4e-06,3,0.0,750000.0,0.0,0.0,0.0,2e-06,1.4142135623730952e-06,0,0,0.0,6,1,benign,0
0.000116,3,0.0,25862.068965517246,0.0,0.0,0.0,5.8e-05,8.061017305526641e-05,0,0,0.0,6,1,benign,0
0.020589,4,132.0,194.27849822720867,6411.190441497887,31.4,8.763560920082657,0.006863,0.011883600632804855,0,0,1.0,17,1,benign,0
1e-06,2,2944.0,2000000.0,2944000000.0,1472.0,0.0,1e-06,0.0,0,0,0.0,17,6,slowloris_low_rate,1
1e-06,2,2944.0,2000000.0,2944000000.0,1472.0,0.0,1e-06,0.0,0,0,0.0,17,6,slowloris_low_rate,1
0.00016,2,0.0,12499.999999999998,0.0,0.0,0.0,0.00016,0.0,0,0,1.0,6,1,http_get_flood,1
1e-06,2,750.0,2000000.0,750000000.0,375.0,0.0,1e-06,0.0,0,0,0.0,17,8,pulsed_mixed_flood,1
27.064305,4,0.0,0.1477961469913969,0.0,0.0,0.0,9.021435,15.62554567207648,0,1,0.0,6,0,udp_flood,1
0.000474,14,5728.0,29535.864978902955,12084388.185654009,411.2,76.00300745929165,3.646153846153846e-05,6.937292385435807e-05,0,0,0.0,17,4,icmp_flood,1
9.9e-05,3,0.0,30303.030303030304,0.0,0.0,0.0,4.95e-05,6.717514421272203e-05,0,0,2.0,6,1,http_get_flood,1
0.108742,4,1398.0,36.78431516801236,12856.118151220317,345.6,21.36117974270148,0.036247333333333326,0.06278049092141072,0,0,0.0,17,8,pulsed_mixed_flood,1
0.044709,4,132.0,89.46744503343847,2952.425686103469,31.4,8.763560920082657,0.014903,0.02580755703277628,0,0,1.0,17,1,benign,0
1e-06,2,0.0,2000000.0,0.0,0.0,0.0,1e-06,0.0,0,1,0.0,6,1,syn_flood,1
0.000194,4,0.0,20618.556701030928,0.0,0.0,0.0,6.466666666666668e-05,5.450076452063158e-05,0,0,3.0,6,1,benign,0
1e-06,2,0.0,2000000.0,0.0,0.0,0.0,1e-06,0.0,0,1,0.0,6,0,udp_flood,1
1e-06,2,802.0,2000000.0,802000000.0,401.0,0.0,1e-06,0.0,0,0,0.0,17,8,pulsed_mixed_flood,1
113.808703,39,0.0,0.3426802957239571,0.0,0.0,0.0,2.994965868421053,4.4700757615886415,0,0,0.0,17,1,benign,0
0.020932,4,188.0,191.0949742021785,8981.463787502391,45.4,8.763560920082657,0.006977333333333334,0.012083363783869676,0,0,1.0,17,1,benign,0
0.000334,10,4400.0,29940.119760479043,13173652.694610778,440.0,0.0,3.711111111111112e-05,5.753791020806293e-05,0,0,0.0,17,4,icmp_flood,1
2e-06,2,2944.0,1000000.0,1472000000.0,1472.0,0.0,2e-06,0.0,0,0,0.0,17,6,slowloris_low_rate,1
0.04661,4,204.0,85.8184938854323,4376.743188157047,49.4,8.763560920082657,0.015536666666666667,0.026904233873748074,0,0,1.0,17,1,benign,0
9.9e-05,3,0.0,30303.030303030304,0.0,0.0,0.0,4.95e-05,6.85893577750951e-05,0,0,2.0,6,1,benign,0
30.059454,23,3526.0,0.7651502918183412,117.30086647615092,146.91666666666666,411.4725324095598,1.366338818181818,3.4978660093044165,0,1,0.0,6,1,benign,0
0.020582,4,262.0,194.34457292780095,12729.569526770963,61.6,21.36117974270148,0.006860666666666666,0.011877827088038171,0,0,1.0,17,1,benign,0
0.000191,2,0.0,10471.204188481675,0.0,0.0,0.0,0.000191,0.0,0,0,1.0,6,1,http_get_flood,1
0.000157,3,0.0,19108.280254777063,0.0,0.0,0.0,7.85e-05,0.00010677312395916868,0,0,2.0,6,1,benign,0
0.107887,4,1438.0,37.07582933995755,13328.760647714738,353.6,32.3156308928048,0.035962333333333325,0.06224442563260852,0,0,0.0,17,8,pulsed_mixed_flood,1
2e-06,3,0.0,1500000.0,0.0,0.0,0.0,1e-06,0.0,0,0,0.0,6,1,benign,0
1.549037,76,10040.0,49.06274027024532,6481.446214648197,130.38961038961045,373.7052791707783,0.020653826666666663,0.05687052680796528,0,1,1.0,6,1,benign,0
0.107552,4,1438.0,37.19131210949122,13370.276703362097,353.6,32.3156308928048,0.03585066666666667,0.06209344410107506,0,0,0.0,17,8,pulsed_mixed_flood,1
0.020878,4,156.0,191.5892326851231,7471.9800747198,37.4,8.763560920082657,0.006959333333333334,0.012049588803495884,0,0,1.0,17,1,benign,0
5.52731,18,1559.0,3.256556987033476,282.0540190436216,82.05263157894737,175.41901381935975,0.3251358823529412,1.313891556542381,0,1,0.0,6,1,benign,0
0.34264,13,2112.0,37.940695773990186,6163.903805743636,150.85714285714286,253.42905459770333,0.028553333333333337,0.06635418697802838,0,1,0.0,6,1,benign,0
0.000105,3,0.0,28571.42857142857,0.0,0.0,0.0,5.25e-05,7.000357133746821e-05,0,0,2.0,6,1,http_get_flood,1
6.5e-05,2,2944.0,30769.230769230773,45292307.6923077,1472.0,0.0,6.5e-05,0.0,0,0,0.0,17,6,slowloris_low_rate,1
116.389978,28,2600.0,0.2405705412196229,22.338693113250688,121.10344827586204,274.45717136969864,4.310739925925926,15.4840373658602,0,0,1.0,6,1,benign,0
0.020847,4,676.0,191.87413057034584,32426.72806638845,143.4,140.21697472132252,0.006949,0.012029092900131747,0,0,1.0,17,1,benign,0
0.000606,4,31.0,6600.6600660066015,51155.115511551165,12.4,16.97939928266015,0.000202,0.0001814276715388256,0,0,3.0,6,1,benign,0
7.199074,10,0.0,1.389067538408412,0.0,0.0,0.0,0.7998971111111112,1.4295622966208437,0,1,4.0,6,1,benign,0
0.000173,3,0.0,17341.040462427743,0.0,0.0,0.0,8.65e-05,0.00011808683245815344,0,0,2.0,6,1,benign,0
7.330443,10,0.0,1.364174034229582,0.0,0.0,0.0,0.8144936666666666,1.465911962907391,0,1,4.0,6,1,benign,0
0.000555,82,36080.0,147747.74774774772,65009009.009009,440.0,0.0,6.851851851851849e-06,1.3684947123674893e-05,0,0,0.0,17,4,icmp_flood,1
0.00906,200,88000.0,22075.05518763797,9713024.282560706,440.0,0.0,4.552763819095478e-05,6.10649429916667e-05,0,0,0.0,17,4,icmp_flood,1
1e-06,2,750.0,2000000.0,750000000.0,375.0,0.0,1e-06,0.0,0,0,0.0,17,8,pulsed_mixed_flood,1
1e-06,2,2944.0,2000000.0,2944000000.0,1472.0,0.0,1e-06,0.0,0,0,0.0,17,3,dns_amplification,1
2e-06,2,2944.0,1000000.0,1472000000.0,1472.0,0.0,2e-06,0.0,0,0,0.0,17,6,slowloris_low_rate,1
0.020766,4,364.0,192.62255610131947,17528.652605220068,84.6,35.05424368033063,0.006922,0.011984059537569064,0,0,1.0,17,1,benign,0
2e-06,2,2944.0,1000000.0,1472000000.0,1472.0,0.0,2e-06,0.0,0,0,0.0,17,3,dns_amplification,1
0.020659,4,268.0,193.6202139503364,12972.55433467254,61.4,30.672463220289305,0.006886333333333334,0.011922283058765772,0,0,1.0,17,1,benign,0
1e-06,2,2944.0,2000000.0,2944000000.0,1472.0,0.0,1e-06,0.0,0,0,0.0,17,6,slowloris_low_rate,1
1e-06,2,2944.0,2000000.0,2944000000.0,1472.0,0.0,1e-06,0.0,0,0,0.0,17,3,dns_amplification,1
0.217464,6,2088.0,27.590773645293016,9601.589228561968,344.1428571428572,33.61759743263722,0.043492800000000005,0.05956682222260978,0,0,0.0,17,8,pulsed_mixed_flood,1
5.599528,7,0.0,1.2501053660237076,0.0,0.0,0.0,0.9332546666666663,2.266323786113949,0,1,0.0,6,1,benign,0
1e-06,2,2944.0,2000000.0,2944000000.0,1472.0,0.0,1e-06,0.0,0,0,0.0,17,3,dns_amplification,1
1e-06,2,1472.0,2000000.0,1472000000.0,736.0,0.0,1e-06,0.0,0,0,0.0,17,3,dns_amplification,1
0.001369,4,102.0,2921.840759678597,74506.93937180424,28.2,17.049926686059383,0.0004563333333333334,0.000785196366097891,0,0,0.0,6,1,benign,0
0.000185,3,0.0,16216.216216216217,0.0,0.0,0.0,9.25e-05,0.000126572113832392,0,0,2.0,6,1,benign,0
0.00095,50,22000.0,52631.57894736842,23157894.73684211,440.0,0.0,1.9387755102040814e-05,2.6615171367826574e-05,0,0,0.0,17,4,icmp_flood,1
1e-06,2,0.0,2000000.0,0.0,0.0,0.0,1e-06,0.0,0,1,0.0,6,0,udp_flood,1
0.020705,4,288.0,193.1900507123883,13909.683651291958,66.0,32.863353450309965,0.006901666666666666,0.011952305272763631,0,0,1.0,17,1,benign,0
1e-06,2,31.0,2000000.0,31000000.0,20.666666666666664,17.8978583448784,1e-06,0.0,0,0,0.0,6,1,benign,0
115.806916,59,2478.0,0.5094687091054216,21.397685782427708,41.3,160.86464464979585,1.9966709655172412,3.968967746172394,0,1,0.0,6,1,benign,0
1e-06,2,0.0,2000000.0,0.0,0.0,0.0,1e-06,0.0,0,1,0.0,6,0,udp_flood,1
0.020613,4,300.0,194.0522970940669,14553.922282055017,69.4,30.672463220289305,0.006871,0.011896590982294045,0,0,1.0,17,1,benign,0
0.000704,5,76.0,7102.272727272727,107954.54545454548,19.0,20.81345718519632,0.000176,0.00031060264004029327,0,0,0.0,6,1,benign,0
1e-06,2,31.0,2000000.0,31000000.0,20.666666666666664,17.8978583448784,1e-06,0.0,0,0,0.0,6,1,benign,0
83.393282,14,0.0,0.1678792303677411,0.0,0.0,0.0,6.414867846153846,8.792609267132633,0,1,0.0,6,1,syn_flood,1
0.028122,4,230.0,142.23739421093802,8178.650167128938,52.0,30.124740662784134,0.009374,0.016232780168535514,0,0,1.0,17,1,benign,0
1e-06,2,0.0,2000000.0,0.0,0.0,0.0,1e-06,0.0,0,1,0.0,6,0,udp_flood,1
4e-06,3,0.0,750000.0,0.0,0.0,0.0,2e-06,1.4142135623730952e-06,0,0,0.0,6,1,benign,0
0.144117,25,8071.0,173.47016660074797,56003.10858538549,310.42307692307685,650.0389017944648,0.006004874999999999,0.013106319787606282,0,1,0.0,6,1,benign,0
1e-06,2,2944.0,2000000.0,2944000000.0,1472.0,0.0,1e-06,0.0,0,0,0.0,17,3,dns_amplification,1
0.020528,4,204.0,194.8558067030397,9937.646141855026,49.4,8.763560920082657,0.006842666666666666,0.011846650173501932,0,0,1.0,17,1,benign,0
2e-06,2,31.0,1000000.0,15500000.0,20.666666666666664,17.8978583448784,2e-06,0.0,0,0,0.0,6,1,benign,0
0.121069,2,0.0,16.519505406008143,0.0,0.0,0.0,0.121069,0.0,0,0,1.0,6,1,benign,0
8.7e-05,3,0.0,34482.758620689645,0.0,0.0,0.0,4.35e-05,6.151828996322963e-05,0,0,2.0,6,1,benign,0
1e-06,2,0.0,2000000.0,0.0,0.0,0.0,1e-06,0.0,0,1,0.0,6,0,udp_flood,1
0.04369,13,1676.0,297.55092698558025,38361.18104829481,119.7142857142857,196.56254771658604,0.003640833333333334,0.008126675993108725,0,1,0.0,6,1,benign,0
5.048171,7,0.0,1.3866408249641309,0.0,0.0,0.0,0.8413618333333333,2.0404110305767724,0,1,0.0,6,1,benign,0
0.005302,90,39600.0,16974.72651829498,7468879.668049793,440.0,0.0,5.957303370786518e-05,0.0002843998420773939,0,0,0.0,17,4,icmp_flood,1
0.0001,4,0.0,40000.0,0.0,0.0,0.0,3.333333333333333e-05,5.6871199506721614e-05,0,1,1.0,6,1,syn_flood,1
2e-06,2,2944.0,1000000.0,1472000000.0,1472.0,0.0,2e-06,0.0,0,0,0.0,17,6,slowloris_low_rate,1
0.000176,3,0.0,17045.454545454544,0.0,0.0,0.0,8.8e-05,0.00012020815280171308,0,0,2.0,6,1,benign,0
0.020813,4,356.0,192.1875750732715,17104.694181521165,80.6,46.00869483043395,0.006937666666666666,0.012013793086837038,0,0,1.0,17,1,benign,0
1e-06,2,2944.0,2000000.0,2944000000.0,1472.0,0.0,1e-06,0.0,0,0,0.0,17,6,slowloris_low_rate,1
1e-06,2,0.0,2000000.0,0.0,0.0,0.0,1e-06,0.0,0,1,0.0,6,0,udp_flood,1
1e-06,2,2944.0,2000000.0,2944000000.0,1472.0,0.0,1e-06,0.0,0,0,0.0,17,3,dns_amplification,1
0.020548,4,192.0,194.66614755693985,9343.975082733112,46.4,8.763560920082657,0.006849333333333334,0.011855599197566243,0,0,1.0,17,1,benign,0
0.054731,2,0.0,36.54236173283879,0.0,0.0,0.0,0.054731,0.0,0,0,1.0,6,1,benign,0
0.050463,70,30800.0,1387.1549452073796,610348.175891247,440.0,0.0,0.0007313478260869566,0.0019456735626851608,0,0,0.0,17,4,icmp_flood,1
0.020717,4,196.0,193.07814838055705,9460.829270647297,47.4,8.763560920082657,0.006905666666666666,0.01195576937437877,0,0,1.0,17,1,benign,0
0.020672,4,208.0,193.49845201238392,10061.919504643964,50.4,8.763560920082657,0.0068906666666666665,0.011929788612265237,0,0,1.0,17,1,benign,0
3e-06,2,72.0,666666.6666666665,24000000.0,36.0,0.0,3e-06,0.0,0,0,0.0,17,3,dns_amplification,1
0.0001,3,0.0,30000.0,0.0,0.0,0.0,5e-05,6.646803743153547e-05,0,0,2.0,6,1,http_get_flood,1
0.020612,4,232.0,194.0617116242965,11255.5792742092,55.2,15.336231610144653,0.006870666666666666,0.01189428166529334,0,0,1.0,17,1,benign,0
1e-06,2,2544.0,2000000.0,2544000000.0,1272.0,0.0,1e-06,0.0,0,0,0.0,17,6,slowloris_low_rate,1
0.109563,4,180.0,36.50867537398575,1642.8903918293586,43.4,8.763560920082657,0.036521,0.06325103139080025,0,0,1.0,17,1,benign,0
7.485362,21,6036.0,2.805475540127518,806.3738266766524,274.3636363636364,420.3241997558943,0.3742681,1.2224098602564526,0,1,0.0,6,1,http_get_flood,1
0.106585,4,1398.0,37.52873293615424,13116.292161185907,345.6,21.36117974270148,0.03552833333333333,0.06149358185480281,0,0,0.0,17,8,pulsed_mixed_flood,1
0.014732,18,7920.0,1221.8300298669562,537605.2131414608,440.0,0.0,0.0008665882352941177,0.001943225284765753,0,0,0.0,17,4,icmp_flood,1
0.054971,3,0.0,54.574230048571074,0.0,0.0,0.0,0.0274855,0.03886895265504333,0,0,2.0,6,1,benign,0
1e-06,2,2832.0,2000000.0,2832000000.0,1416.0,0.0,1e-06,0.0,0,0,0.0,17,6,slowloris_low_rate,1
2e-06,2,2896.0,1000000.0,1448000000.0,1448.0,0.0,2e-06,0.0,0,0,0.0,17,6,slowloris_low_rate,1
0.048928,4,236.0,81.75277959450621,4823.413996075867,56.2,15.336231610144653,0.016309333333333332,0.02824686192010244,0,0,1.0,17,1,benign,0
1e-06,2,2944.0,2000000.0,2944000000.0,1472.0,0.0,1e-06,0.0,0,0,0.0,17,6,slowloris_low_rate,1
0.020759,4,536.0,192.68750903222696,25820.126210318416,117.6,89.82649943084725,0.006919666666666666,0.011980018085684736,0,0,1.0,17,1,benign,0
1e-06,2,2944.0,2000000.0,2944000000.0,1472.0,0.0,1e-06,0.0,0,0,0.0,17,3,dns_amplification,1
107.001971,16,0.0,0.1495299558547384,0.0,0.0,0.0,7.133464733333333,10.209907858902616,0,1,0.0,6,1,syn_flood,1
0.020586,4,176.0,194.3068104537064,8549.499659963081,40.8,17.527121840165314,0.006862,0.011881868539922498,0,0,1.0,17,1,benign,0
1e-06,2,2944.0,2000000.0,2944000000.0,1472.0,0.0,1e-06,0.0,0,0,0.0,17,6,slowloris_low_rate,1
0.020673,4,280.0,193.4890920524356,13544.236443670488,63.6,35.05424368033063,0.006891,0.011932098055245777,0,0,1.0,17,1,benign,0
0.00092,50,21568.0,54347.82608695652,23443478.26086957,431.5294117647059,42.34446974100703,1.8775510204081642e-05,3.0936942120305004e-05,0,0,0.0,17,4,icmp_flood,1
0.020565,6,62.0,291.75784099197665,3014.83102358376,8.857142857142858,15.126451130702266,0.004113,0.00919359353027966,0,0,5.0,6,1,benign,0
0.020852,4,454.0,191.8281220026856,21772.491847304816,100.6,70.65620991816644,0.006950666666666666,0.01203544371152694,0,0,1.0,17,1,benign,0
0.054808,3,0.0,54.73653481243614,0.0,0.0,0.0,0.027404,0.038750865822585176,0,0,2.0,6,1,benign,0
0.000137,3,0.0,21897.810218978106,0.0,0.0,0.0,6.85e-05,9.263098833543773e-05,0,0,2.0,6,1,benign,0
1e-06,2,0.0,2000000.0,0.0,0.0,0.0,1e-06,0.0,0,1,0.0,6,0,udp_flood,1
3e-06,2,766.0,666666.6666666665,255333333.3333333,383.0,0.0,3e-06,0.0,0,0,0.0,17,0,udp_flood,1
29.876397,6,0.0,0.2008274290905961,0.0,0.0,0.0,5.975279400000001,8.203670415600891,0,1,0.0,6,0,udp_flood,1
0.465522,9,766.0,19.33313570572389,1645.464661176056,76.60000000000002,161.48697917926526,0.058190250000000006,0.13711147177049568,0,1,0.0,6,1,benign,0
0.040639,6,76.0,147.64142818474863,1870.124757006816,10.857142857142856,18.54210138602213,0.008127800000000001,0.018125155163473773,0,0,1.0,6,1,benign,0
1e-06,2,2944.0,2000000.0,2944000000.0,1472.0,0.0,1e-06,0.0,0,0,0.0,17,6,slowloris_low_rate,1
1e-06,2,2944.0,2000000.0,2944000000.0,1472.0,0.0,1e-06,0.0,0,0,0.0,17,3,dns_amplification,1
0.020521,4,286.0,194.92227474294623,13936.942644120656,64.6,37.79285646785646,0.006840333333333334,0.011842608721617602,0,0,1.0,17,1,benign,0
5.031378,7,0.0,1.3912689525613062,0.0,0.0,0.0,0.8385629999999998,2.0344200921157847,0,1,0.0,6,1,benign,0
0.00019,3,0.0,15789.473684210525,0.0,0.0,0.0,9.5e-05,0.00013152186130069784,0,0,2.0,6,1,benign,0
1e-06,2,24.0,2000000.0,24000000.0,16.0,13.85640646055102,1e-06,0.0,0,0,0.0,6,1,benign,0
0.246977,29,14396.0,117.41984071391263,58288.82851439608,479.8666666666668,786.2488740558061,0.008820607142857146,0.01944891454714554,0,1,0.0,6,1,benign,0
7.181935,10,0.0,1.3923824150455273,0.0,0.0,0.0,0.797992777777778,1.420557352702961,0,1,4.0,6,1,benign,0
2.311113,8,400.0,3.4615356323987614,173.0767816199381,47.22222222222222,25.737996123327942,0.330159,0.823523633055745,0,0,1.0,17,1,benign,0
0.000222,3,0.0,13513.513513513511,0.0,0.0,0.0,0.000111,0.00015273506473629427,0,0,2.0,6,1,benign,0
0.020802,4,188.0,192.2892029612537,9037.592539178924,44.2,15.336231610144653,0.006934,0.012008308248875025,0,0,1.0,17,1,benign,0
0.064884,9,1126.0,138.70908082115776,17354.04722273596,112.6,237.3816430233064,0.008110500000000001,0.01909202756575185,0,1,0.0,6,1,benign,0
0.0454,4,364.0,88.10572687224669,8017.621145374449,84.6,35.05424368033063,0.015133333333333332,0.02620823811959387,0,0,1.0,17,1,benign,0
0.060568,2,0.0,33.020737022850355,0.0,0.0,0.0,0.060568,0.0,0,0,1.0,6,1,benign,0
1e-06,2,750.0,2000000.0,750000000.0,375.0,0.0,1e-06,0.0,0,0,0.0,17,8,pulsed_mixed_flood,1
1e-06,2,802.0,2000000.0,802000000.0,401.0,0.0,1e-06,0.0,0,0,0.0,17,8,pulsed_mixed_flood,1
2e-06,3,0.0,1500000.0,0.0,0.0,0.0,1e-06,0.0,0,0,2.0,6,1,benign,0
1e-06,2,0.0,2000000.0,0.0,0.0,0.0,1e-06,0.0,0,1,0.0,6,1,syn_flood,1
1e-06,2,2944.0,2000000.0,2944000000.0,1472.0,0.0,1e-06,0.0,0,0,0.0,17,3,dns_amplification,1
2e-06,2,2944.0,1000000.0,1472000000.0,1472.0,0.0,2e-06,0.0,0,0,0.0,17,6,slowloris_low_rate,1
0.001201,5,76.0,4163.197335553705,63280.59950041633,19.0,20.81345718519632,0.00030025,0.0005118641584118453,0,0,0.0,6,1,benign,0
115.542227,59,2478.0,0.5106358214819592,21.446704502242287,41.3,160.86464464979585,1.992107362068965,3.965272158868162,0,1,0.0,6,1,benign,0
0.054853,3,0.0,54.69163035750096,0.0,0.0,0.0,0.0274265,0.03878409984130094,0,0,2.0,6,1,benign,0
0.020541,4,360.0,194.73248624701816,17525.923762231632,83.6,35.05424368033063,0.006847,0.011854155727001396,0,0,1.0,17,1,benign,0
0.000184,3,0.0,16304.347826086956,0.0,0.0,0.0,9.2e-05,0.00012586500705120545,0,0,2.0,6,1,benign,0
0.000155,3,0.0,19354.83870967742,0.0,0.0,0.0,7.75e-05,0.00010677312395916868,0,0,2.0,6,1,benign,0
1e-06,2,2944.0,2000000.0,2944000000.0,1472.0,0.0,1e-06,0.0,0,0,0.0,17,3,dns_amplification,1
0.105509,4,1398.0,37.91145779033068,13250.054497720574,345.6,21.36117974270148,0.03516966666666667,0.06091391750112066,0,0,0.0,17,8,pulsed_mixed_flood,1
1e-06,2,2944.0,2000000.0,2944000000.0,1472.0,0.0,1e-06,0.0,0,0,0.0,17,6,slowloris_low_rate,1
118.51795,65,11930.0,0.5484401307987524,100.65985785275564,180.7575757575757,435.17833870746176,1.85184296875,10.24965598662108,0,1,1.0,6,1,benign,0
1e-06,2,0.0,2000000.0,0.0,0.0,0.0,1e-06,0.0,0,1,0.0,6,0,udp_flood,1
1e-06,2,2944.0,2000000.0,2944000000.0,1472.0,0.0,1e-06,0.0,0,0,0.0,17,6,slowloris_low_rate,1
0.001858,180,79200.0,96878.3638320775,42626480.0861141,440.0,0.0,1.0379888268156424e-05,2.3007347092008786e-05,0,0,0.0,17,4,icmp_flood,1
1e-06,2,0.0,2000000.0,0.0,0.0,0.0,1e-06,0.0,0,1,0.0,6,0,udp_flood,1
0.00018,3,0.0,16666.666666666664,0.0,0.0,0.0,9e-05,0.00012445079348883236,0,0,0.0,6,1,benign,0
2e-06,2,2944.0,1000000.0,1472000000.0,1472.0,0.0,2e-06,0.0,0,0,0.0,17,6,slowloris_low_rate,1
0.000185,2,0.0,10810.810810810812,0.0,0.0,0.0,0.000185,0.0,0,0,1.0,6,1,http_get_flood,1
0.059218,2,0.0,33.77351480968625,0.0,0.0,0.0,0.059218,0.0,0,0,1.0,6,1,benign,0
2e-06,2,2944.0,1000000.0,1472000000.0,1472.0,0.0,2e-06,0.0,0,0,0.0,17,6,slowloris_low_rate,1
0.020591,4,200.0,194.25962799281243,9712.98139964062,48.4,8.763560920082657,0.006863666666666666,0.01188302324046088,0,0,1.0,17,1,benign,0
32.724976,6,0.0,0.1833462001622247,0.0,0.0,0.0,6.5449952,9.036600514447576,0,1,0.0,6,0,udp_flood,1
5e-05,2,2944.0,40000.0,58880000.0,1472.0,0.0,5e-05,0.0,0,0,0.0,17,6,slowloris_low_rate,1
0.107406,4,1438.0,37.241867307226784,13388.45129694803,353.6,32.3156308928048,0.035802,0.062009150961773375,0,0,0.0,17,8,pulsed_mixed_flood,1
0.026359,200,88000.0,7587.541257255586,3338518.1531924573,440.0,0.0,0.00013245728643216086,0.0006961889306838631,0,0,0.0,17,4,icmp_flood,1
0.000909,58,25232.0,63806.380638063805,27757975.79757976,435.1186440677968,26.282998796103072,1.5947368421052633e-05,2.3714387625471753e-05,0,0,0.0,17,4,icmp_flood,1
1e-06,2,0.0,2000000.0,0.0,0.0,0.0,1e-06,0.0,0,1,0.0,6,1,syn_flood,1
5e-05,8,3520.0,160000.0,70400000.0,440.0,0.0,7.142857142857143e-06,1.5377782365353934e-05,0,0,0.0,17,4,icmp_flood,1
0.102213,2,0.0,19.566982673436843,0.0,0.0,0.0,0.102213,0.0,0,0,1.0,6,1,benign,0
2e-06,2,2944.0,1000000.0,1472000000.0,1472.0,0.0,2e-06,0.0,0,0,0.0,17,6,slowloris_low_rate,1
105.677231,16,0.0,0.1514044212608106,0.0,0.0,0.0,7.045148733333332,7.91500924707705,0,1,0.0,6,1,syn_flood,1
1e-06,2,750.0,2000000.0,750000000.0,375.0,0.0,1e-06,0.0,0,0,0.0,17,8,pulsed_mixed_flood,1
1e-06,2,2944.0,2000000.0,2944000000.0,1472.0,0.0,1e-06,0.0,0,0,0.0,17,3,dns_amplification,1
2e-06,2,0.0,1000000.0,0.0,0.0,0.0,2e-06,0.0,0,1,0.0,6,1,syn_flood,1
1e-06,2,31.0,2000000.0,31000000.0,20.666666666666664,17.8978583448784,1e-06,0.0,0,0,0.0,6,1,benign,0
0.014832,82,36080.0,5528.586839266452,2432578.209277238,440.0,0.0,0.0001831111111111111,0.0002789383444419214,0,0,0.0,17,4,icmp_flood,1
2e-06,2,2944.0,1000000.0,1472000000.0,1472.0,0.0,2e-06,0.0,0,0,0.0,17,6,slowloris_low_rate,1
2e-06,2,2944.0,1000000.0,1472000000.0,1472.0,0.0,2e-06,0.0,0,0,0.0,17,6,slowloris_low_rate,1
119.060038,286,150604.0,2.4021494096953,1264.9416422998286,524.7526132404178,795.2003253689751,0.4177545192982457,4.911160420681261,0,1,1.0,6,1,benign,0
2e-06,2,2944.0,1000000.0,1472000000.0,1472.0,0.0,2e-06,0.0,0,0,0.0,17,6,slowloris_low_rate,1
0.02063,4,226.0,193.8923897237034,10954.92001938924,52.0,24.647515087732486,0.006876666666666666,0.01190553990095927,0,0,1.0,17,1,benign,0
0.020804,4,156.0,192.27071716977505,7498.557969621227,37.4,8.763560920082657,0.006934666666666666,0.012006864883612764,0,0,1.0,17,1,benign,0
0.027485,64,28160.0,2328.5428415499364,1024558.850281972,440.0,0.0,0.0004362698412698412,0.0017543601370663305,0,0,0.0,17,4,icmp_flood,1
0.00012,2,0.0,16666.666666666668,0.0,0.0,0.0,0.00012,0.0,0,0,1.0,6,1,http_get_flood,1
116.772221,60,7272.0,0.5138208341519855,62.27508509922065,119.21311475409836,260.59464785717165,1.979190186440678,10.62681054698182,0,1,0.0,6,1,benign,0
0.020612,4,188.0,194.0617116242965,9120.900446341935,45.4,8.763560920082657,0.006870666666666666,0.011897745682831406,0,0,1.0,17,1,benign,0
0.020892,4,204.0,191.4608462569404,9764.503159103962,49.4,8.763560920082657,0.006964,0.012056805671486953,0,0,1.0,17,1,benign,0
1e-06,2,2944.0,2000000.0,2944000000.0,1472.0,0.0,1e-06,0.0,0,0,0.0,17,3,dns_amplification,1
0.020515,4,230.0,194.9792834511333,11211.308798440166,53.6,21.36117974270148,0.006838333333333334,0.01183827860515765,0,0,1.0,17,1,benign,0
2e-06,2,2944.0,1000000.0,1472000000.0,1472.0,0.0,2e-06,0.0,0,0,0.0,17,3,dns_amplification,1
4.6e-05,2,2944.0,43478.260869565216,64000000.0,1472.0,0.0,4.6e-05,0.0,0,0,0.0,17,3,dns_amplification,1
1e-06,2,2736.0,2000000.0,2736000000.0,1368.0,0.0,1e-06,0.0,0,0,0.0,17,6,slowloris_low_rate,1
0.000341,62,26992.0,181818.18181818185,79155425.21994135,435.4285714285714,25.44932617506752,5.590163934426231e-06,1.356635181761642e-05,0,0,0.0,17,4,icmp_flood,1
118.766108,49,8664.0,0.4125756145852653,72.95010458707631,173.28000000000003,486.2715727337755,2.474293916666666,11.946966164876532,0,1,0.0,6,1,benign,0
0.202953,4,426.0,19.70899666425232,2099.0081447428715,95.0,62.9880941130941,0.067651,0.1171697730304194,0,0,1.0,17,1,benign,0
0.020626,4,216.0,193.9299912731504,10472.219528750122,50.8,17.527121840165314,0.006875333333333334,0.011904096535786885,0,0,1.0,17,1,benign,0
0.105397,4,1438.0,37.95174435705001,13643.652096359478,353.6,32.3156308928048,0.03513233333333333,0.06084925427097143,0,0,0.0,17,8,pulsed_mixed_flood,1
0.000272,5,154.0,18382.352941176472,566176.4705882353,33.333333333333336,17.90716802475106,6.8e-05,0.00013266750418496108,0,0,0.0,6,1,benign,0
1e-06,2,0.0,2000000.0,0.0,0.0,0.0,1e-06,0.0,0,1,0.0,6,1,syn_flood,1
1e-06,2,2944.0,2000000.0,2944000000.0,1472.0,0.0,1e-06,0.0,0,0,0.0,17,6,slowloris_low_rate,1
0.000192,3,0.0,15625.0,0.0,0.0,0.0,9.6e-05,0.00013293607486307093,0,0,2.0,6,1,benign,0
1e-06,2,2944.0,2000000.0,2944000000.0,1472.0,0.0,1e-06,0.0,0,0,0.0,17,6,slowloris_low_rate,1
0.001128,5,0.0,4432.624113475177,0.0,0.0,0.0,0.000282,0.0004531011660398444,0,0,0.0,6,1,benign,0
1e-06,2,0.0,2000000.0,0.0,0.0,0.0,1e-06,0.0,0,1,0.0,6,0,udp_flood,1
0.045719,4,244.0,87.49097749294603,5336.949627069708,55.8,28.48157299026864,0.015239666666666669,0.026390680804657802,0,0,1.0,17,1,benign,0
78.982125,62,21018.0,0.7849877424797067,266.1108447006206,334.3492063492063,781.2052961915626,1.2947889344262296,7.610807483460722,0,0,1.0,6,1,benign,0
0.000172,3,0.0,17441.860465116282,0.0,0.0,0.0,8.6e-05,0.00011879393923933998,0,0,2.0,6,1,benign,0
3e-06,3,0.0,1000000.0,0.0,0.0,0.0,1.5e-06,7.071067811865476e-07,0,0,0.0,6,1,benign,0
0.002428,124,54560.0,51070.84019769357,22471169.68698517,440.0,0.0,1.9739837398373983e-05,4.859211927577401e-05,0,0,0.0,17,4,icmp_flood,1
0.020584,4,256.0,194.32568985619892,12436.844150796736,61.2,15.336231610144653,0.006861333333333334,0.01187898178857655,0,0,1.0,17,1,benign,0
1e-06,2,0.0,2000000.0,0.0,0.0,0.0,1e-06,0.0,0,1,0.0,6,0,udp_flood,1
76.945592,10,0.0,0.1299619606539644,0.0,0.0,0.0,8.549510222222223,10.223945457668417,0,1,0.0,6,1,syn_flood,1
1e-06,2,0.0,2000000.0,0.0,0.0,0.0,1e-06,0.0,0,1,0.0,6,1,syn_flood,1
1e-06,2,2944.0,2000000.0,2944000000.0,1472.0,0.0,1e-06,0.0,0,0,0.0,17,3,dns_amplification,1
0.020711,4,132.0,193.134083337357,6373.42475013278,31.4,8.763560920082657,0.0069036666666666665,0.0119531713922847,0,0,1.0,17,1,benign,0
0.047571,4,260.0,84.08484160517962,5465.514704336675,59.4,30.672463220289305,0.015857,0.02746079953315271,0,0,1.0,17,1,benign,0
0.00014,3,0.0,21428.57142857143,0.0,0.0,0.0,7e-05,9.475230867899736e-05,0,0,2.0,6,1,benign,0
1e-06,2,0.0,2000000.0,0.0,0.0,0.0,1e-06,0.0,0,1,0.0,6,0,udp_flood,1
58.126387,14,368.0,0.2408544676964009,6.331031722305398,27.6,23.32625743050706,4.471260538461538,16.08400845896538,0,0,0.0,6,1,benign,0
1e-06,2,2944.0,2000000.0,2944000000.0,1472.0,0.0,1e-06,0.0,0,0,0.0,17,3,dns_amplification,1
1e-06,2,2944.0,2000000.0,2944000000.0,1472.0,0.0,1e-06,0.0,0,0,0.0,17,3,dns_amplification,1
1e-06,2,802.0,2000000.0,802000000.0,401.0,0.0,1e-06,0.0,0,0,0.0,17,8,pulsed_mixed_flood,1
1e-06,2,0.0,2000000.0,0.0,0.0,0.0,1e-06,0.0,0,1,0.0,6,1,syn_flood,1
2e-06,2,766.0,1000000.0,383000000.0,383.0,0.0,2e-06,0.0,0,0,0.0,17,8,pulsed_mixed_flood,1
0.020668,4,200.0,193.5359009096188,9676.795045480938,48.4,8.763560920082657,0.006889333333333334,0.01192747921118848,0,0,1.0,17,1,benign,0
2e-06,2,2944.0,1000000.0,1472000000.0,1472.0,0.0,2e-06,0.0,0,0,0.0,17,6,slowloris_low_rate,1
7.250736,10,0.0,1.3791703352597584,0.0,0.0,0.0,0.8056373333333335,1.4381465312499453,0,1,4.0,6,1,benign,0
3e-06,3,0.0,1000000.0,0.0,0.0,0.0,1.5e-06,7.071067811865476e-07,0,0,0.0,6,1,benign,0
0.020567,4,172.0,194.4863130257208,8362.911460105996,41.4,8.763560920082657,0.006855666666666666,0.011871764920740865,0,0,1.0,17,1,benign,0
0.000145,3,0.0,20689.6551724138,0.0,0.0,0.0,7.25e-05,9.97020561473032e-05,0,0,2.0,6,1,benign,0
0.054782,4,264.0,73.01668431236538,4819.101164616115,60.4,30.672463220289305,0.018260666666666665,0.03162407232367984,0,0,1.0,17,1,benign,0
0.001655,4,123.0,2416.9184290030207,74320.2416918429,33.8,19.979989989987484,0.0005516666666666668,0.0009511846999049834,0,0,0.0,6,1,benign,0
0.041539,5,76.0,120.368810033944,1829.6059125159488,19.0,20.81345718519632,0.01038475,0.02073951014167564,0,0,0.0,6,1,benign,0
0.239759,44,40740.0,183.5176156056707,169920.62863125055,905.3333333333336,1061.52544610446,0.005575790697674419,0.01633732266863084,0,1,0.0,6,1,benign,0
1e-06,2,970.0,2000000.0,970000000.0,485.0,0.0,1e-06,0.0,0,0,0.0,17,8,pulsed_mixed_flood,1
1e-06,2,772.0,2000000.0,772000000.0,386.0,0.0,1e-06,0.0,0,0,0.0,17,8,pulsed_mixed_flood,1
6.9e-05,4,0.0,57971.01449275362,0.0,0.0,0.0,2.3e-05,3.81051177665153e-05,0,1,1.0,6,1,syn_flood,1
117.138397,40,2612.0,0.3414764161404736,22.298409973972927,63.70731707317072,130.9248341420448,3.003548641025641,13.041699199706116,0,1,0.0,6,1,benign,0
0.020768,4,364.0,192.60400616332825,17526.964560862867,84.6,35.05424368033063,0.006922666666666666,0.011985214238107441,0,0,1.0,17,1,benign,0
1e-06,2,31.0,2000000.0,31000000.0,20.666666666666664,17.8978583448784,1e-06,0.0,0,0,0.0,6,1,benign,0
0.026419,4,0.0,151.4061849426549,0.0,0.0,0.0,0.008806333333333333,0.015249552692893433,0,0,3.0,6,1,benign,0
1.369791,384,386062.0,280.33473719713453,281840.07633281284,1002.7584415584416,915.4312459036626,0.003576477806788515,0.02412519446323498,0,1,1.0,6,1,benign,0
0.00016,2,0.0,12499.999999999998,0.0,0.0,0.0,0.00016,0.0,0,0,1.0,6,1,http_get_flood,1
0.045489,4,172.0,87.9333465233353,3781.1339005034174,41.4,8.763560920082657,0.015163,0.02626048832371554,0,0,1.0,17,1,benign,0
0.017338,200,88000.0,11535.355865728458,5075556.580920521,440.0,0.0,8.712562814070354e-05,0.000383647051201279,0,0,0.0,17,4,icmp_flood,1
0.0206,4,224.0,194.17475728155335,10873.786407766993,53.2,15.336231610144653,0.006866666666666666,0.011889951485743469,0,0,1.0,17,1,benign,0
5.4e-05,4,0.0,74074.07407407407,0.0,0.0,0.0,1.8e-05,2.8583211855912903e-05,0,1,1.0,6,1,syn_flood,1
0.020752,4,222.0,192.7525057825752,10697.764070932924,49.4,33.411076007815126,0.006917333333333334,0.011977708726352185,0,0,1.0,17,1,benign,0
0.020607,4,288.0,194.1087979812685,13975.833454651332,66.0,32.863353450309965,0.006869,0.011892260844767912,0,0,1.0,17,1,benign,0
0.000229,4,0.0,17467.248908296944,0.0,0.0,0.0,7.633333333333332e-05,6.645549889462372e-05,0,0,3.0,6,1,benign,0
0.02082,4,240.0,192.12295869356387,11527.377521613833,58.4,8.763560920082657,0.00694,0.012016102487911793,0,0,1.0,17,1,benign,0
0.000182,3,0.0,16483.516483516483,0.0,0.0,0.0,9.1e-05,0.00012586500705120545,0,0,2.0,6,1,benign,0
1e-06,2,2944.0,2000000.0,2944000000.0,1472.0,0.0,1e-06,0.0,0,0,0.0,17,6,slowloris_low_rate,1
0.020619,4,262.0,193.9958290896746,12706.726805373686,57.4,44.36552715791847,0.006873,0.011900055083906123,0,0,1.0,17,1,benign,0
0.212799,6,2088.0,28.19562122002453,9812.076184568536,344.1428571428572,33.61759743263722,0.0425598,0.058332110219843754,0,0,0.0,17,8,pulsed_mixed_flood,1
0.045573,4,140.0,87.77126807539551,3071.9943826388426,33.4,8.763560920082657,0.015191,0.026306387665356108,0,0,1.0,17,1,benign,0
5.006129,15,4084.0,2.9963271022380766,815.7999923693538,255.25,457.3939950050357,0.3575806428571429,1.3376014654810369,0,1,0.0,6,1,http_get_flood,1
1e-06,2,802.0,2000000.0,802000000.0,401.0,0.0,1e-06,0.0,0,0,0.0,17,8,pulsed_mixed_flood,1
1e-06,2,0.0,2000000.0,0.0,0.0,0.0,1e-06,0.0,0,1,0.0,6,1,syn_flood,1
5e-05,2,0.0,40000.0,0.0,0.0,0.0,5e-05,0.0,0,1,0.0,6,0,udp_flood,1
0.000107,3,0.0,28037.383177570093,0.0,0.0,0.0,5.35e-05,7.28319984622144e-05,0,0,2.0,6,1,http_get_flood,1
0.055078,4,204.0,72.62427829623442,3703.838193107956,49.4,8.763560920082657,0.018359333333333335,0.0317958340405364,0,0,1.0,17,1,benign,0
0.000157,2,0.0,12738.853503184711,0.0,0.0,0.0,0.000157,0.0,0,0,1.0,6,1,http_get_flood,1
1e-06,2,796.0,2000000.0,796000000.0,398.0,0.0,1e-06,0.0,0,0,0.0,17,0,udp_flood,1
2e-06,2,2944.0,1000000.0,1472000000.0,1472.0,0.0,2e-06,0.0,0,0,0.0,17,6,slowloris_low_rate,1
0.04619,4,180.0,86.59883091578263,3896.9473912102185,42.2,15.336231610144653,0.015396666666666668,0.026663478811537952,0,0,1.0,17,1,benign,0
0.020802,4,402.0,192.2892029612537,19325.064897606,89.6,59.70175876806311,0.006934,0.012006576198067458,0,0,1.0,17,1,benign,0
0.020951,4,280.0,190.9216743830844,13364.517206815905,64.6,29.57701810527897,0.006983666666666666,0.012092601388176713,0,0,1.0,17,1,benign,0
1e-06,2,0.0,2000000.0,0.0,0.0,0.0,1e-06,0.0,0,1,0.0,6,1,syn_flood,1
1e-06,2,0.0,2000000.0,0.0,0.0,0.0,1e-06,0.0,0,1,0.0,6,0,udp_flood,1
0.045235,4,224.0,88.42710290704102,4951.917762794296,53.2,15.336231610144653,0.015078333333333332,0.026112975344325162,0,0,1.0,17,1,benign,0
0.006838,24,10560.0,3509.79818660427,1544311.2021058789,440.0,0.0,0.0002973043478260869,0.0004645860752797845,0,0,0.0,17,4,icmp_flood,1
9.5e-05,3,0.0,31578.94736842105,0.0,0.0,0.0,4.75e-05,6.576093065034892e-05,0,0,2.0,6,1,http_get_flood,1
0.108919,4,1398.0,36.72453841845776,12835.226177250985,345.6,21.36117974270148,0.03630633333333333,0.06288094986824971,0,0,0.0,17,8,pulsed_mixed_flood,1
0.02079,4,438.0,192.4001924001924,21067.821067821067,98.0,62.9880941130941,0.00693,0.011998781979851119,0,0,1.0,17,1,benign,0
0.103906,4,1398.0,38.49633322426039,13454.468461879009,345.6,21.36117974270148,0.03463533333333333,0.059989291047097174,0,0,0.0,17,8,pulsed_mixed_flood,1
1e-06,2,31.0,2000000.0,31000000.0,20.666666666666664,17.8978583448784,1e-06,0.0,0,0,0.0,6,1,benign,0
1e-06,2,804.0,2000000.0,804000000.0,402.0,0.0,1e-06,0.0,0,0,0.0,17,8,pulsed_mixed_flood,1
0.748336,31,13914.0,41.42524213722178,18593.252228945286,434.8125,750.0869815152838,0.024944533333333328,0.04926953161996341,0,1,1.0,6,1,benign,0
1e-06,2,0.0,2000000.0,0.0,0.0,0.0,1e-06,0.0,0,1,0.0,6,0,udp_flood,1
1e-06,2,2944.0,2000000.0,2944000000.0,1472.0,0.0,1e-06,0.0,0,0,0.0,17,3,dns_amplification,1
0.020646,4,320.0,193.74212922600012,15499.370338080014,70.4,52.58136552049595,0.006882,0.01191477750526631,0,0,1.0,17,1,benign,0
1e-06,2,802.0,2000000.0,802000000.0,401.0,0.0,1e-06,0.0,0,0,0.0,17,8,pulsed_mixed_flood,1
0.000244,42,18048.0,172131.1475409836,73967213.1147541,429.953488372093,46.02584858035242,5.951219512195122e-06,2.1016602032098568e-05,0,0,0.0,17,4,icmp_flood,1
1e-06,2,0.0,2000000.0,0.0,0.0,0.0,1e-06,0.0,0,1,0.0,6,1,syn_flood,1
0.003295,10,4400.0,3034.901365705615,1335356.6009104704,440.0,0.0,0.0003661111111111112,0.0010721995435137581,0,0,0.0,17,4,icmp_flood,1
1e-06,2,0.0,2000000.0,0.0,0.0,0.0,1e-06,0.0,0,1,0.0,6,0,udp_flood,1
0.001087,4,123.0,3679.852805887764,113155.47378104876,33.8,19.979989989987484,0.0003623333333333334,0.0006232498161518648,0,0,0.0,6,1,benign,0
1e-06,2,31.0,2000000.0,31000000.0,20.666666666666664,17.8978583448784,1e-06,0.0,0,0,0.0,6,1,benign,0
0.020626,4,320.0,193.9299912731504,15514.39930185203,70.4,52.58136552049595,0.006875333333333334,0.011904096535786885,0,0,1.0,17,1,benign,0
1e-06,2,0.0,2000000.0,0.0,0.0,0.0,1e-06,0.0,0,1,0.0,6,0,udp_flood,1
1e-06,2,802.0,2000000.0,802000000.0,401.0,0.0,1e-06,0.0,0,0,0.0,17,8,pulsed_mixed_flood,1
1e-06,2,2944.0,2000000.0,2944000000.0,1472.0,0.0,1e-06,0.0,0,0,0.0,17,6,slowloris_low_rate,1
0.054773,4,196.0,73.02868201486133,3578.405418728205,47.4,8.763560920082657,0.018257666666666665,0.03161887617125778,0,0,1.0,17,1,benign,0
0.004437,144,63360.0,32454.36105476673,14279918.864097362,440.0,0.0,3.102797202797205e-05,8.088140718952017e-05,0,0,0.0,17,4,icmp_flood,1
0.001454,4,123.0,2751.031636863824,84594.22283356258,33.8,19.979989989987484,0.00048466666666666656,0.0008342711389790092,0,0,0.0,6,1,benign,0
1e-06,2,766.0,2000000.0,766000000.0,383.0,0.0,1e-06,0.0,0,0,0.0,17,8,pulsed_mixed_flood,1
0.047757,4,416.0,83.7573549427309,8710.764914044012,101.2,15.336231610144653,0.015919,0.027566454632396962,0,0,1.0,17,1,benign,0
0.0001,5,0.0,50000.0,0.0,0.0,0.0,2.5e-05,4.667618950457146e-05,0,0,0.0,6,1,benign,0
115.188418,80,16865.0,0.6945142696551315,146.4122894716724,208.2098765432098,631.1021651850313,1.4580812405063286,3.497392267503165,0,1,1.0,6,1,benign,0
0.020622,4,280.0,193.96760740956265,13577.732518669382,64.6,29.57701810527897,0.006874,0.011901787134712164,0,0,1.0,17,1,benign,0
0.020841,4,696.0,191.929369991843,33395.71037858068,146.6,150.07598075641553,0.006947,0.01202822684355429,0,0,1.0,17,1,benign,0
117.136297,40,2594.0,0.3414825380727205,22.14514259401593,63.26829268292683,129.1077116965218,3.0034947948717954,13.048840495215924,0,1,0.0,6,1,benign,0
0.020666,4,226.0,193.5546307945417,10935.83663989161,52.0,24.647515087732486,0.006888666666666666,0.01192719063037618,0,0,1.0,17,1,benign,0
1e-06,2,2944.0,2000000.0,2944000000.0,1472.0,0.0,1e-06,0.0,0,0,0.0,17,6,slowloris_low_rate,1
0.000231,6,2496.0,25974.02597402597,10805194.805194804,419.4285714285714,35.13240262614719,4.6200000000000005e-05,7.709215264863215e-05,0,0,0.0,17,4,icmp_flood,1
3e-06,2,0.0,666666.6666666665,0.0,0.0,0.0,3e-06,0.0,0,0,0.0,6,1,benign,0
1e-06,2,0.0,2000000.0,0.0,0.0,0.0,1e-06,0.0,0,1,0.0,6,0,udp_flood,1
0.002558,34,14528.0,13291.634089132134,5679437.060203284,427.6571428571429,50.86888732298939,7.75151515151515e-05,0.00011390075757323818,0,0,0.0,17,4,icmp_flood,1
0.000187,3,0.0,16042.780748663105,0.0,0.0,0.0,9.35e-05,0.0001308147545195113,0,0,2.0,6,1,benign,0
6.359776,4,0.0,0.6289529694127591,0.0,0.0,0.0,2.119925333333333,3.671816653534914,0,1,0.0,6,0,udp_flood,1
1e-06,2,0.0,2000000.0,0.0,0.0,0.0,1e-06,0.0,0,1,0.0,6,1,syn_flood,1
1e-06,2,2944.0,2000000.0,2944000000.0,1472.0,0.0,1e-06,0.0,0,0,0.0,17,6,slowloris_low_rate,1
0.000136,3,0.0,22058.82352941177,0.0,0.0,0.0,6.8e-05,9.475230867899736e-05,0,0,2.0,6,1,benign,0
1.448402,9,768.0,6.213744526726696,530.2395329473446,76.80000000000003,161.90861620062103,0.18105025,0.4863914190639792,0,1,0.0,6,1,benign,0
1e-06,2,0.0,2000000.0,0.0,0.0,0.0,1e-06,0.0,0,1,0.0,6,1,syn_flood,1
0.000267,2,0.0,7490.636704119851,0.0,0.0,0.0,0.000267,0.0,0,0,1.0,6,1,http_get_flood,1
1e-06,2,0.0,2000000.0,0.0,0.0,0.0,1e-06,0.0,0,1,0.0,6,0,udp_flood,1
3e-06,3,0.0,1000000.0,0.0,0.0,0.0,1.5e-06,7.071067811865476e-07,0,0,0.0,6,1,benign,0
0.05405,4,212.0,74.00555041628122,3922.294172062905,51.4,8.763560920082657,0.018016666666666663,0.03120058589727657,0,0,1.0,17,1,benign,0
1e-06,2,750.0,2000000.0,750000000.0,375.0,0.0,1e-06,0.0,0,0,0.0,17,8,pulsed_mixed_flood,1
9.1e-05,3,0.0,32967.03296703297,0.0,0.0,0.0,4.55e-05,6.151828996322963e-05,0,0,2.0,6,1,http_get_flood,1
7.119704,10,0.0,1.404552773542271,0.0,0.0,0.0,0.791078222222222,1.4016332494516692,0,1,4.0,6,1,benign,0
9.9e-05,4,0.0,40404.04040404041,0.0,0.0,0.0,3.3e-05,2.598076211353316e-05,0,1,1.0,6,0,udp_flood,1
12.96619,4,0.0,0.3084946310365651,0.0,0.0,0.0,4.322063333333334,7.4860315548130245,0,1,0.0,6,0,udp_flood,1
0.020658,4,424.0,193.62958660083265,20524.736179688254,92.0,76.68115805072324,0.006886,0.011921705708496582,0,0,1.0,17,1,benign,0
0.214427,6,2088.0,27.98155083081888,9737.57968912497,344.1428571428572,33.61759743263722,0.042885400000000004,0.058758552843820124,0,0,0.0,17,8,pulsed_mixed_flood,1
14.340946,12,0.0,0.8367648828745328,0.0,0.0,0.0,1.3037223636363637,2.557237055073396,0,1,5.0,6,1,benign,0
1e-06,2,2944.0,2000000.0,2944000000.0,1472.0,0.0,1e-06,0.0,0,0,0.0,17,6,slowloris_low_rate,1
0.000207,2,0.0,9661.835748792271,0.0,0.0,0.0,0.000207,0.0,0,0,1.0,6,1,http_get_flood,1
1e-06,2,2944.0,2000000.0,2944000000.0,1472.0,0.0,1e-06,0.0,0,0,0.0,17,6,slowloris_low_rate,1
0.020852,4,160.0,191.8281220026856,7673.124880107424,38.4,8.763560920082657,0.006950666666666666,0.0120354437530709,0,0,1.0,17,1,benign,0
0.04652,4,232.0,85.98452278589853,4987.102321582115,55.2,15.336231610144653,0.015506666666666669,0.02685487042108625,0,0,1.0,17,1,benign,0
1e-06,2,0.0,2000000.0,0.0,0.0,0.0,1e-06,0.0,0,1,0.0,6,0,udp_flood,1
1e-06,2,2944.0,2000000.0,2944000000.0,1472.0,0.0,1e-06,0.0,0,0,0.0,17,6,slowloris_low_rate,1
0.020595,4,290.0,194.22189851905804,14081.087642631708,66.6,32.3156308928048,0.006865,0.011886198677457818,0,0,1.0,17,1,benign,0
93.980824,10,0.0,0.1064046852792012,0.0,0.0,0.0,10.442313777777779,12.694092737490832,0,1,0.0,6,1,syn_flood,1
1e-06,2,0.0,2000000.0,0.0,0.0,0.0,1e-06,0.0,0,1,0.0,6,1,syn_flood,1
0.020808,4,264.0,192.23375624759709,12687.427912341407,64.4,8.763560920082657,0.006936,0.012010906335493591,0,0,1.0,17,1,benign,0
2e-06,2,2944.0,1000000.0,1472000000.0,1472.0,0.0,2e-06,0.0,0,0,0.0,17,3,dns_amplification,1
8.8e-05,3,0.0,34090.90909090909,0.0,0.0,0.0,4.4e-05,6.08111831820431e-05,0,0,2.0,6,1,benign,0
0.040875,7,214.0,171.25382262996942,5235.474006116207,35.37499999999999,31.98185869699079,0.0068125,0.01354032579740975,0,0,0.0,6,1,benign,0
1e-06,2,0.0,2000000.0,0.0,0.0,0.0,1e-06,0.0,0,1,0.0,6,0,udp_flood,1
1e-06,2,880.0,2000000.0,880000000.0,440.0,0.0,1e-06,0.0,0,0,0.0,17,4,icmp_flood,1
0.000105,3,0.0,28571.42857142857,0.0,0.0,0.0,5.25e-05,7.000357133746821e-05,0,0,2.0,6,1,benign,0
0.02085,4,260.0,191.84652278177452,12470.02398081535,59.4,30.672463220289305,0.00695,0.012036021061796128,0,0,1.0,17,1,benign,0
5.1e-05,2,2944.0,39215.68627450981,57725490.19607844,1472.0,0.0,5.1e-05,0.0,0,0,0.0,17,6,slowloris_low_rate,1
2e-06,2,750.0,1000000.0,375000000.0,375.0,0.0,2e-06,0.0,0,0,0.0,17,8,pulsed_mixed_flood,1
1.1e-05,4,148.0,363636.3636363637,13454545.454545457,37.0,0.0,3.6666666666666666e-06,3.7859388972001823e-06,0,0,0.0,17,1,benign,0
0.020674,4,286.0,193.47973299796843,13833.800909354744,64.6,37.79285646785646,0.0068913333333333335,0.011931809348683601,0,0,1.0,17,1,benign,0
0.021001,4,244.0,190.46712061330413,11618.494357411551,55.8,28.48157299026864,0.007000333333333334,0.012082520611748748,0,0,1.0,17,1,benign,0
1e-06,2,0.0,2000000.0,0.0,0.0,0.0,1e-06,0.0,0,1,0.0,6,0,udp_flood,1
0.000215,3,0.0,13953.488372093025,0.0,0.0,0.0,0.0001075,0.00014919953083036155,0,0,2.0,6,1,benign,0
0.000142,2,0.0,14084.50704225352,0.0,0.0,0.0,0.000142,0.0,0,0,1.0,6,1,http_get_flood,1
0.232113,58,22764.0,249.8782920387914,98072.92137881117,385.83050847457616,750.7763603038633,0.00407215789473684,0.014282657763112416,0,1,0.0,6,1,benign,0
0.020642,4,264.0,193.77967251235344,12789.458385815327,60.4,30.672463220289305,0.006880666666666666,0.011911602089279737,0,0,1.0,17,1,benign,0
1e-06,2,0.0,2000000.0,0.0,0.0,0.0,1e-06,0.0,0,1,0.0,6,0,udp_flood,1
6.369488,4,0.0,0.627993961210069,0.0,0.0,0.0,2.123162666666667,3.677423879349283,0,1,0.0,6,1,syn_flood,1
2e-06,2,2944.0,1000000.0,1472000000.0,1472.0,0.0,2e-06,0.0,0,0,0.0,17,6,slowloris_low_rate,1
6e-06,2,2944.0,333333.33333333326,490666666.6666666,1472.0,0.0,6e-06,0.0,0,0,0.0,17,3,dns_amplification,1
0.020628,4,244.0,193.91118867558652,11828.58250921078,55.8,28.48157299026864,0.006876,0.011905251236324245,0,0,1.0,17,1,benign,0
0.000186,2,0.0,10752.688172043012,0.0,0.0,0.0,0.000186,0.0,0,0,1.0,6,1,http_get_flood,1
7.9e-05,3,0.0,37974.6835443038,0.0,0.0,0.0,3.95e-05,5.1618795026617964e-05,0,0,2.0,6,1,http_get_flood,1
1e-06,2,0.0,2000000.0,0.0,0.0,0.0,1e-06,0.0,0,1,0.0,6,0,udp_flood,1
0.020733,4,268.0,192.9291467708484,12926.25283364684,60.0,38.34057902536164,0.006911,0.011965873014535965,0,0,1.0,17,1,benign,0
117.740778,119,14634.0,1.010694867329652,124.28998897900944,121.95000000000006,329.97552366575223,0.9978032033898308,7.569787873090875,0,1,0.0,6,1,benign,0
0.000151,3,0.0,19867.54966887417,0.0,0.0,0.0,7.55e-05,0.0001025304832720494,0,0,2.0,6,1,benign,0
1e-06,2,0.0,2000000.0,0.0,0.0,0.0,1e-06,0.0,0,1,0.0,6,1,syn_flood,1
0.110952,4,1398.0,36.051625928329365,12600.043261951114,345.6,21.36117974270148,0.036984,0.06405643501631979,0,0,0.0,17,8,pulsed_mixed_flood,1
0.000454,44,18640.0,96916.29955947136,41057268.72246696,424.0,75.02726777039737,1.0558139534883722e-05,1.6609381063525508e-05,0,0,0.0,17,4,icmp_flood,1
0.049557,4,184.0,80.71513610589827,3712.89626087132,43.2,15.336231610144653,0.016519,0.02860741716758085,0,0,1.0,17,1,benign,0
4.9e-05,2,0.0,40816.32653061225,0.0,0.0,0.0,4.9e-05,0.0,0,1,0.0,6,1,syn_flood,1
38.275999,6,0.0,0.1567561959649962,0.0,0.0,0.0,7.6551998,10.505735687603282,0,1,0.0,6,0,udp_flood,1
0.000505,10,4400.0,19801.980198019806,8712871.287128713,440.0,0.0,5.611111111111111e-05,8.140399935575102e-05,0,0,0.0,17,4,icmp_flood,1
1e-06,2,2848.0,2000000.0,2848000000.0,1424.0,0.0,1e-06,0.0,0,0,0.0,17,6,slowloris_low_rate,1
1e-06,2,0.0,2000000.0,0.0,0.0,0.0,1e-06,0.0,0,1,0.0,6,1,syn_flood,1
0.000111,4,0.0,36036.03603603604,0.0,0.0,0.0,3.7e-05,6.322183167229498e-05,0,1,1.0,6,1,syn_flood,1
0.000132,4,0.0,30303.030303030297,0.0,0.0,0.0,4.4e-05,7.447818472546173e-05,0,1,1.0,6,0,udp_flood,1
30.244607,39,12108.0,1.2894860892059203,400.33583507962265,302.7,678.0758674744899,0.7959107105263156,2.7229353900112314,0,1,1.0,6,1,benign,0
1e-06,2,750.0,2000000.0,750000000.0,375.0,0.0,1e-06,0.0,0,0,0.0,17,8,pulsed_mixed_flood,1
1e-06,2,0.0,2000000.0,0.0,0.0,0.0,1e-06,0.0,0,1,0.0,6,0,udp_flood,1
0.000401,44,19360.0,109725.68578553616,48279301.74563591,440.0,0.0,9.325581395348836e-06,1.750744186017091e-05,0,0,0.0,17,4,icmp_flood,1
0.020618,4,456.0,194.00523814142983,22116.597148123,101.2,70.10848736066126,0.006872666666666666,0.011899477733637445,0,0,1.0,17,1,benign,0
0.000148,2,0.0,13513.513513513511,0.0,0.0,0.0,0.000148,0.0,0,0,1.0,6,1,http_get_flood,1
0.002193,30,12624.0,13679.890560875512,5756497.948016415,421.4193548387096,71.92253897703573,7.562068965517243e-05,0.00010219009380040692,0,0,0.0,17,4,icmp_flood,1
0.020602,4,132.0,194.1559071934764,6407.144937384721,31.4,8.763560920082657,0.006867333333333334,0.011888508078532534,0,0,1.0,17,1,benign,0
4.9e-05,2,0.0,40816.32653061225,0.0,0.0,0.0,4.9e-05,0.0,0,1,0.0,6,0,udp_flood,1
0.020786,4,262.0,192.43721735783703,12604.637736938324,61.4,22.456624857711805,0.006928666666666666,0.011998204629582431,0,0,1.0,17,1,benign,0
1e-06,2,0.0,2000000.0,0.0,0.0,0.0,1e-06,0.0,0,1,0.0,6,1,syn_flood,1
0.033195,4,0.0,120.50007531254708,0.0,0.0,0.0,0.011065,0.018997365817396892,0,0,3.0,6,1,benign,0
14.341172,12,0.0,0.8367516964443352,0.0,0.0,0.0,1.3037429090909092,2.5572379180322837,0,1,5.0,6,1,benign,0
4.7e-05,2,0.0,42553.191489361714,0.0,0.0,0.0,4.7e-05,0.0,0,1,0.0,6,1,syn_flood,1
0.020535,4,196.0,194.7893839785732,9544.679814950085,47.4,8.763560920082657,0.006845,0.011850691625386257,0,0,1.0,17,1,benign,0
0.00024,14,5440.0,58333.33333333332,22666666.66666667,392.0,126.67167909881942,1.846153846153847e-05,2.5141649987671137e-05,0,0,0.0,17,4,icmp_flood,1
1e-06,2,0.0,2000000.0,0.0,0.0,0.0,1e-06,0.0,0,1,0.0,6,0,udp_flood,1
9.8e-05,3,0.0,30612.244897959183,0.0,0.0,0.0,4.9e-05,6.646803743153547e-05,0,0,2.0,6,1,http_get_flood,1
0.000117,3,0.0,25641.02564102564,0.0,0.0,0.0,5.85e-05,7.848885271170676e-05,0,0,2.0,6,1,http_get_flood,1
9e-05,4,0.0,44444.444444444445,0.0,0.0,0.0,3e-05,5.0229473419497455e-05,0,1,1.0,6,0,udp_flood,1
66.347146,10,0.0,0.1507223837480515,0.0,0.0,0.0,7.371905111111111,9.078768735420617,0,1,0.0,6,1,syn_flood,1
0.001058,200,88000.0,189035.9168241966,83175803.40264651,440.0,0.0,5.316582914572868e-06,1.2363406267173352e-05,0,0,0.0,17,4,icmp_flood,1
0.108452,4,1438.0,36.88267620698558,13259.322096411315,353.6,32.3156308928048,0.03615066666666667,0.06261305934334574,0,0,0.0,17,8,pulsed_mixed_flood,1
1e-06,2,0.0,2000000.0,0.0,0.0,0.0,1e-06,0.0,0,1,0.0,6,1,syn_flood,1
1e-06,2,0.0,2000000.0,0.0,0.0,0.0,1e-06,0.0,0,1,0.0,6,1,syn_flood,1
0.02069,4,452.0,193.330111164814,21846.30256162397,99.0,76.68115805072324,0.006896666666666666,0.01194018091711065,0,0,1.0,17,1,benign,0
0.020768,4,196.0,192.60400616332825,9437.596302003083,47.4,8.763560920082657,0.006922666666666666,0.01198867833972258,0,0,1.0,17,1,benign,0
0.044728,4,456.0,89.42944017170454,10194.956179574316,105.8,44.913249715423625,0.014909333333333332,0.02581852668789088,0,0,1.0,17,1,benign,0
2e-06,2,2944.0,1000000.0,1472000000.0,1472.0,0.0,2e-06,0.0,0,0,0.0,17,6,slowloris_low_rate,1
1e-06,2,2944.0,2000000.0,2944000000.0,1472.0,0.0,1e-06,0.0,0,0,0.0,17,3,dns_amplification,1
30.902778,43,12104.0,1.391460664151294,391.67999718342486,275.09090909090907,651.6564160403824,0.7357804285714287,2.6023083579452244,0,1,1.0,6,1,benign,0
0.040654,4,0.0,98.39130220888472,0.0,0.0,0.0,0.013551333333333332,0.0234681337633254,0,0,3.0,6,1,benign,0
0.020579,4,364.0,194.37290441712423,17687.934301958307,82.8,44.913249715423625,0.006859666666666666,0.011876095037230604,0,0,1.0,17,1,benign,0
0.020632,4,256.0,193.87359441644043,12407.910042652187,58.8,28.48157299026864,0.006877333333333334,0.011905828586592929,0,0,1.0,17,1,benign,0
0.000154,2,0.0,12987.012987012988,0.0,0.0,0.0,0.000154,0.0,0,0,1.0,6,1,http_get_flood,1
15.150135,19,1018.0,1.2541142372658725,67.1941207124557,50.90000000000001,106.5867079695657,0.8416741666666667,2.5595292371409024,0,1,0.0,6,1,benign,0
0.000393,4,123.0,10178.117048346056,312977.0992366412,33.8,19.979989989987484,0.000131,0.0002217025033688163,0,0,0.0,6,1,benign,0
1e-06,2,0.0,2000000.0,0.0,0.0,0.0,1e-06,0.0,0,1,0.0,6,0,udp_flood,1
2e-06,2,2944.0,1000000.0,1472000000.0,1472.0,0.0,2e-06,0.0,0,0,0.0,17,3,dns_amplification,1
0.000211,3,0.0,14218.009478672986,0.0,0.0,0.0,0.0001055,0.00014495689014324225,0,0,2.0,6,1,benign,0
0.215274,6,2088.0,27.87145684104908,9699.26698068508,344.1428571428572,33.61759743263722,0.043054800000000004,0.058974994177193436,0,0,0.0,17,8,pulsed_mixed_flood,1
0.040154,4,0.0,99.61647656522386,0.0,0.0,0.0,0.013384666666666668,0.023181190658232664,0,0,3.0,6,1,benign,0
0.020582,4,264.0,194.34457292780095,12826.741813234865,60.4,30.672463220289305,0.006860666666666666,0.011879559180934845,0,0,1.0,17,1,benign,0
1e-06,2,2896.0,2000000.0,2896000000.0,1448.0,0.0,1e-06,0.0,0,0,0.0,17,3,dns_amplification,1
2e-06,2,2944.0,1000000.0,1472000000.0,1472.0,0.0,2e-06,0.0,0,0,0.0,17,3,dns_amplification,1
1e-06,2,31.0,2000000.0,31000000.0,20.666666666666664,17.8978583448784,1e-06,0.0,0,0,0.0,6,1,benign,0
1e-06,2,2944.0,2000000.0,2944000000.0,1472.0,0.0,1e-06,0.0,0,0,0.0,17,6,slowloris_low_rate,1
118.233862,68,23798.0,0.5751313443520943,201.279054895458,344.8985507246377,689.551498416512,1.7646845074626862,10.030219947444913,0,1,1.0,6,1,benign,0
1e-06,2,2944.0,2000000.0,2944000000.0,1472.0,0.0,1e-06,0.0,0,0,0.0,17,6,slowloris_low_rate,1
5.599669,21,6332.0,3.7502216648876927,1130.7811229556603,287.8181818181818,426.7156560078984,0.27998344999999997,1.11945826947424,0,1,0.0,6,1,http_get_flood,1
0.012174,200,88000.0,16428.45408247084,7228519.796287169,440.0,0.0,6.117587939698496e-05,0.00014787308310908857,0,0,0.0,17,4,icmp_flood,1
0.051474,13,1308.0,252.55468780355133,25410.8870497727,93.42857142857144,162.46832320165075,0.0042895,0.009642172826608213,0,1,1.0,6,1,benign,0
0.002021,20,8800.0,9896.091044037606,4354280.059376547,440.0,0.0,0.00010636842105263157,0.00014775137168993496,0,0,0.0,17,4,icmp_flood,1
0.001227,4,123.0,3259.9837000815,100244.49877750612,33.8,19.979989989987484,0.000409,0.0007032126278729643,0,0,0.0,6,1,benign,0
1e-06,2,750.0,2000000.0,750000000.0,375.0,0.0,1e-06,0.0,0,0,0.0,17,8,pulsed_mixed_flood,1
0.028022,2,0.0,71.37249304118194,0.0,0.0,0.0,0.028022,0.0,0,0,1.0,6,1,benign,0
2e-06,2,0.0,1000000.0,0.0,0.0,0.0,2e-06,0.0,0,0,0.0,6,1,benign,0
0.580766,29,14828.0,49.93405261327282,25531.79766033136,494.2666666666667,815.7215098360441,0.020741642857142847,0.039713513164510196,0,1,0.0,6,1,benign,0
110.343181,159,18918.0,1.4409590022604115,171.44693336328595,118.23749999999994,286.4609138934652,0.6983745632911393,5.329302718178291,0,1,1.0,6,1,benign,0
116.960702,40,2630.0,0.3419952113488512,22.48618514618697,64.14634146341463,132.74610370470575,2.998992358974358,13.028710132101281,0,1,0.0,6,1,benign,0
0.054157,3,0.0,55.39450117251696,0.0,0.0,0.0,0.0270785,0.03829195352159511,0,0,2.0,6,1,benign,0
0.020838,4,62.0,191.95700163163448,2975.333525290336,12.4,16.97939928266015,0.006946,0.01202822684355429,0,0,3.0,6,1,benign,0
37.929536,8,0.0,0.2109174232977698,0.0,0.0,0.0,5.418505142857143,6.760153941521388,0,1,0.0,6,0,udp_flood,1
0.021042,4,264.0,190.095998479232,12546.335899629312,64.4,8.763560920082657,0.007014,0.012145140303841695,0,0,1.0,17,1,benign,0
1e-06,2,0.0,2000000.0,0.0,0.0,0.0,1e-06,0.0,0,1,0.0,6,0,udp_flood,1
110.808933,116,48728.0,1.0468470082642165,439.7479398163685,416.4786324786323,829.0897022960097,0.9635559391304345,2.846299041378545,0,1,1.0,6,1,benign,0
0.623614,9,958.0,14.432004412986238,1536.206691960091,95.8,201.9641332294205,0.07795175,0.19860020542411327,0,1,0.0,6,1,benign,0
0.65538,29,14378.0,44.24913790472703,21938.41740669536,479.2666666666669,789.7464863129677,0.023406428571428568,0.047074448778605185,0,1,0.0,6,1,benign,0
0.005603,120,52800.0,21417.09798322328,9423523.11261824,440.0,0.0,4.7084033613445386e-05,7.228047768781363e-05,0,0,0.0,17,4,icmp_flood,1
6.1e-05,4,0.0,65573.77049180327,0.0,0.0,0.0,2.0333333333333334e-05,3.435597958628648e-05,0,1,1.0,6,0,udp_flood,1
5.062614,7,0.0,1.382684913366889,0.0,0.0,0.0,0.843769,2.0400117550981904,0,1,0.0,6,1,benign,0
0.044905,4,294.0,89.07694020710389,6547.1551052221375,69.4,22.456624857711805,0.014968333333333332,0.02592071768553744,0,0,1.0,17,1,benign,0
0.020768,4,204.0,192.60400616332825,9822.804314329738,49.4,8.763560920082657,0.006922666666666666,0.011984348223133927,0,0,1.0,17,1,benign,0
0.020656,4,160.0,193.64833462432225,7745.933384972889,38.4,8.763560920082657,0.006885333333333334,0.011921417043847315,0,0,1.0,17,1,benign,0
2e-06,2,2944.0,1000000.0,1472000000.0,1472.0,0.0,2e-06,0.0,0,0,0.0,17,6,slowloris_low_rate,1
1e-06,2,2944.0,2000000.0,2944000000.0,1472.0,0.0,1e-06,0.0,0,0,0.0,17,3,dns_amplification,1
2.1e-05,14,5440.0,666666.6666666667,259047619.04761907,392.0,126.67167909881942,1.6153846153846154e-06,2.873396989002784e-06,0,0,0.0,17,4,icmp_flood,1
1e-06,2,1774.0,2000000.0,1774000000.0,887.0,0.0,1e-06,0.0,0,0,0.0,17,3,dns_amplification,1
0.000132,2,0.0,15151.515151515148,0.0,0.0,0.0,0.000132,0.0,0,0,1.0,6,1,http_get_flood,1
0.020634,4,132.0,193.85480275273815,6397.20849084036,31.4,8.763560920082657,0.006878,0.011909581394826604,0,0,1.0,17,1,benign,0
1e-06,2,2944.0,2000000.0,2944000000.0,1472.0,0.0,1e-06,0.0,0,0,0.0,17,6,slowloris_low_rate,1
0.000215,3,0.0,13953.488372093025,0.0,0.0,0.0,0.0001075,0.00014778531726798843,0,0,2.0,6,1,benign,0
0.020624,4,308.0,193.9487975174554,14934.057408844064,69.4,41.62691437039263,0.006874666666666666,0.011902941835249523,0,0,1.0,17,1,benign,0
3e-06,2,0.0,666666.6666666665,0.0,0.0,0.0,3e-06,0.0,0,0,0.0,6,1,benign,0
0.020686,4,232.0,193.36749492410328,11215.31470559799,55.2,15.336231610144653,0.006895333333333334,0.011937871516033892,0,0,1.0,17,1,benign,0
119.842965,59,6720.0,0.4923109170404788,56.0733790256274,112.01666666666668,457.2031589250817,2.066258017241379,4.067620669708183,0,0,1.0,6,1,benign,0
0.000253,58,24944.0,229249.0118577075,98592885.37549406,430.2372881355933,52.56599759220615,4.438596491228072e-06,1.1337386861712463e-05,0,0,0.0,17,4,icmp_flood,1
0.0003,3,0.0,10000.0,0.0,0.0,0.0,0.00015,0.00020788939366884497,0,0,2.0,6,1,benign,0
1e-06,2,2928.0,2000000.0,2928000000.0,1464.0,0.0,1e-06,0.0,0,0,0.0,17,3,dns_amplification,1
1.68897,76,10072.0,44.9978389195782,5963.3978104998905,130.80519480519482,373.6088243830295,0.022519599999999997,0.08246897389944309,0,1,1.0,6,1,benign,0
0.061308,2,0.0,32.622170026750176,0.0,0.0,0.0,0.061308,0.0,0,0,1.0,6,1,benign,0
0.146722,2,0.0,13.631220948460356,0.0,0.0,0.0,0.146722,0.0,0,0,1.0,6,1,benign,0
0.055335,4,536.0,72.28697930785215,9686.45522725219,117.6,89.82649943084725,0.018445,0.031943347022502205,0,0,1.0,17,1,benign,0
0.020587,4,218.0,194.297372128042,10589.20678097829,49.8,25.74296020274281,0.006862333333333334,0.011880713839384117,0,0,1.0,17,1,benign,0
0.000203,42,17760.0,206896.551724138,87487684.72906403,423.2558139534883,76.70974763392068,4.951219512195123e-06,1.1747236312239987e-05,0,0,0.0,17,4,icmp_flood,1
5.755736,28,10033.0,4.864712349558771,1743.1306786829691,345.9655172413793,720.7258981034637,0.21317540740740748,1.0494954121348858,0,1,0.0,6,1,benign,0
0.05738,4,350.0,69.71070059254096,6099.686301847333,77.6,54.22453319301145,0.019126666666666663,0.03312316229367802,0,0,1.0,17,1,benign,0
0.000112,3,0.0,26785.714285714286,0.0,0.0,0.0,5.6e-05,7.636753236814713e-05,0,0,2.0,6,1,http_get_flood,1
0.989283,20,7242.0,20.21666196629276,7320.453297994608,360.1428571428572,30.703885282298888,0.05206752631578947,0.05639019679023063,0,0,0.0,17,8,pulsed_mixed_flood,1
7.222607,10,0.0,1.3845416204979726,0.0,0.0,0.0,0.8025118888888889,1.4292881617622146,0,1,4.0,6,1,benign,0
0.020591,4,262.0,194.25962799281243,12724.005633529208,61.6,21.36117974270148,0.006863666666666666,0.011883889276383104,0,0,1.0,17,1,benign,0
0.020566,4,288.0,194.49576971700864,14003.695419624622,66.0,32.863353450309965,0.006855333333333334,0.011868589483731136,0,0,1.0,17,1,benign,0
42.999467,6,0.0,0.1395366133259279,0.0,0.0,0.0,8.599893400000001,13.18595028610958,0,1,0.0,6,0,udp_flood,1
2e-06,2,802.0,1000000.0,401000000.0,401.0,0.0,2e-06,0.0,0,0,0.0,17,8,pulsed_mixed_flood,1
0.000299,26,10864.0,86956.52173913043,36334448.16053512,418.66666666666674,76.86151382644181,1.196e-05,3.809033123160434e-05,0,0,0.0,17,4,icmp_flood,1
0.213657,6,2088.0,28.082393743242672,9772.67302264845,344.1428571428572,33.61759743263722,0.0427314,0.058518104209723004,0,0,0.0,17,8,pulsed_mixed_flood,1
1e-06,2,2944.0,2000000.0,2944000000.0,1472.0,0.0,1e-06,0.0,0,0,0.0,17,3,dns_amplification,1
1e-06,2,31.0,2000000.0,31000000.0,20.666666666666664,17.8978583448784,1e-06,0.0,0,0,0.0,6,1,benign,0
1e-06,2,0.0,2000000.0,0.0,0.0,0.0,1e-06,0.0,0,1,0.0,6,0,udp_flood,1
1e-06,2,806.0,2000000.0,806000000.0,403.0,0.0,1e-06,0.0,0,0,0.0,17,3,dns_amplification,1
0.46054,9,810.0,19.54227645807096,1758.8048812263864,81.0,170.7629936490925,0.057567499999999994,0.13661067939011418,0,1,0.0,6,1,benign,0
112.966061,14,0.0,0.1239310273906071,0.0,0.0,0.0,8.689697,10.88056579014733,0,1,0.0,6,1,syn_flood,1
0.054835,4,192.0,72.94611106045409,3501.413330901796,46.4,8.763560920082657,0.018278333333333337,0.03165467188794306,0,0,1.0,17,1,benign,0
0.000246,58,25520.0,235772.3577235772,103739837.39837398,440.0,0.0,4.315789473684209e-06,1.1427032321174777e-05,0,0,0.0,17,4,icmp_flood,1
1e-06,2,2944.0,2000000.0,2944000000.0,1472.0,0.0,1e-06,0.0,0,0,0.0,17,6,slowloris_low_rate,1
0.021092,2,0.0,94.82268158543523,0.0,0.0,0.0,0.021092,0.0,0,0,1.0,6,1,benign,0
0.020674,4,132.0,193.47973299796843,6384.831188932959,31.4,8.763560920082657,0.0068913333333333335,0.011930943312803616,0,0,1.0,17,1,benign,0
2e-06,2,0.0,1000000.0,0.0,0.0,0.0,2e-06,0.0,0,0,0.0,6,1,benign,0
2e-06,2,766.0,1000000.0,383000000.0,383.0,0.0,2e-06,0.0,0,0,0.0,17,8,pulsed_mixed_flood,1
0.054833,2,0.0,36.47438586252804,0.0,0.0,0.0,0.054833,0.0,0,0,1.0,6,1,benign,0
0.06006,13,3048.0,216.4502164502165,50749.25074925075,217.7142857142857,434.849121238342,0.005005,0.011013551289207309,0,1,0.0,6,1,benign,0
2e-06,2,2944.0,1000000.0,1472000000.0,1472.0,0.0,2e-06,0.0,0,0,0.0,17,6,slowloris_low_rate,1
2e-06,2,2944.0,1000000.0,1472000000.0,1472.0,0.0,2e-06,0.0,0,0,0.0,17,6,slowloris_low_rate,1
0.000667,4,1328.0,5997.001499250376,1991004.497751125,353.6,118.30807242111588,0.00022233333333333328,0.0003400769520760461,0,0,0.0,17,4,icmp_flood,1
0.046506,4,256.0,86.01040725927838,5504.666064593816,58.8,28.48157299026864,0.015502,0.026845055466510028,0,0,1.0,17,1,benign,0
41.080447,6,0.0,0.1460548859168937,0.0,0.0,0.0,8.2160894,11.501886174108717,0,1,0.0,6,0,udp_flood,1
1e-06,2,31.0,2000000.0,31000000.0,20.666666666666664,17.8978583448784,1e-06,0.0,0,0,0.0,6,1,benign,0
0.193558,4,410.0,20.665640273199767,2118.228128002976,91.4,60.79720388307344,0.06451933333333332,0.11174729930666484,0,0,1.0,17,1,benign,0
1e-06,2,2944.0,2000000.0,2944000000.0,1472.0,0.0,1e-06,0.0,0,0,0.0,17,6,slowloris_low_rate,1
0.020646,4,172.0,193.74212922600012,8330.911556718007,41.4,8.763560920082657,0.006882,0.01191477750526631,0,0,1.0,17,1,benign,0
0.020688,4,262.0,193.34880123743235,12664.346481051816,61.4,22.456624857711805,0.006896,0.011939892252445159,0,0,1.0,17,1,benign,0
0.000151,3,0.0,19867.54966887417,0.0,0.0,0.0,7.55e-05,0.00010394469683442249,0,0,2.0,6,1,benign,0
0.146473,31,8285.0,211.643101458972,56563.325664115575,258.90625,593.9631985653656,0.004882433333333333,0.01231945419100894,0,1,0.0,6,1,benign,0
0.000197,3,0.0,15228.426395939086,0.0,0.0,0.0,9.85e-05,0.0001364716087690037,0,0,2.0,6,1,benign,0
0.020757,4,218.0,192.70607505901623,10502.481090716385,49.8,25.74296020274281,0.006919,0.011978863385146357,0,0,1.0,17,1,benign,0
2e-06,2,2928.0,1000000.0,1464000000.0,1464.0,0.0,2e-06,0.0,0,0,0.0,17,6,slowloris_low_rate,1
22.985076,97,15358.0,4.22012961801823,668.1726873559173,156.7142857142858,356.2557867137182,0.239427875,2.0714691422812344,0,1,1.0,6,1,benign,0
0.108848,4,1398.0,36.74849331177422,12843.59841246509,345.6,21.36117974270148,0.03628266666666667,0.06284169004994482,0,0,0.0,17,8,pulsed_mixed_flood,1
0.060948,8,290.0,131.25943427183827,4758.154492354138,32.22222222222221,63.93899001739428,0.008706857142857143,0.021488657034418348,0,0,1.0,6,1,benign,0
0.000643,4,123.0,6220.839813374805,191290.82426127527,33.8,19.979989989987484,0.00021433333333333328,0.00036864119863809757,0,0,0.0,6,1,benign,0
1e-06,2,2848.0,2000000.0,2848000000.0,1424.0,0.0,1e-06,0.0,0,0,0.0,17,6,slowloris_low_rate,1
116.265677,40,2622.0,0.3440396257272041,22.55179746641823,63.95121951219512,131.9361495609737,2.9811712051282044,12.951290366176055,0,1,0.0,6,1,benign,0
0.198473,4,410.0,20.15387483436034,2065.772170521934,91.4,60.79720388307344,0.06615766666666666,0.11458324382444987,0,0,1.0,17,1,benign,0
116.63633,414,318540.0,3.549494398529172,2731.053008955272,768.3397590361453,942.523564325646,0.28241242130750605,4.029279470211772,0,0,1.0,6,1,benign,0
0.501866,44,43948.0,87.67280509139891,87569.19177629089,976.6222222222224,1137.6871931664473,0.011671302325581397,0.048585373387145324,0,1,1.0,6,1,benign,0
8.9e-05,3,0.0,33707.865168539334,0.0,0.0,0.0,4.45e-05,5.868986283848344e-05,0,0,2.0,6,1,benign,0
0.000164,2,0.0,12195.121951219511,0.0,0.0,0.0,0.000164,0.0,0,0,1.0,6,1,http_get_flood,1
0.001536,84,36960.0,54687.5,24062500.0,440.0,0.0,1.8506024096385533e-05,2.452891449278859e-05,0,0,0.0,17,4,icmp_flood,1
5e-06,2,2944.0,400000.0,588800000.0,1472.0,0.0,5e-06,0.0,0,0,0.0,17,6,slowloris_low_rate,1
0.063294,4,172.0,63.19714348911428,2717.4771700319143,41.4,8.763560920082657,0.021098,0.036538477814490294,0,0,1.0,17,1,benign,0
0.499382,4,0.0,8.009900236692552,0.0,0.0,0.0,0.16646066666666662,0.2883166000776461,0,0,0.0,6,1,benign,0
0.000604,70,30800.0,115894.03973509932,50993377.48344371,440.0,0.0,8.753623188405798e-06,1.8984053522629e-05,0,0,0.0,17,4,icmp_flood,1
0.020576,4,196.0,194.4012441679626,9525.66096423017,47.4,8.763560920082657,0.006858666666666666,0.011874362986423031,0,0,1.0,17,1,benign,0
6e-06,2,2928.0,333333.33333333326,488000000.0,1464.0,0.0,6e-06,0.0,0,0,0.0,17,3,dns_amplification,1
1e-06,2,0.0,2000000.0,0.0,0.0,0.0,1e-06,0.0,0,1,0.0,6,1,syn_flood,1
2e-06,2,2944.0,1000000.0,1472000000.0,1472.0,0.0,2e-06,0.0,0,0,0.0,17,3,dns_amplification,1
7.24686,10,0.0,1.379907987735378,0.0,0.0,0.0,0.8052066666666665,1.4392075273392644,0,1,4.0,6,1,benign,0
58.979479,41,7666.0,0.6951570392814084,129.9774112958848,182.52380952380943,469.03976835373845,1.474486975,9.227799278850162,0,1,0.0,6,1,benign,0
0.020669,4,200.0,193.52653732643088,9676.326866321544,48.4,8.763560920082657,0.006889666666666666,0.011928922597340186,0,0,1.0,17,1,benign,0
0.020598,4,316.0,194.1936110301971,15341.295271385568,69.4,52.58136552049595,0.006866,0.011887064692345206,0,0,1.0,17,1,benign,0
0.028576,2,0.0,69.98880179171333,0.0,0.0,0.0,0.028576,0.0,0,0,1.0,6,1,benign,0
1e-06,2,31.0,2000000.0,31000000.0,20.666666666666664,17.8978583448784,1e-06,0.0,0,0,0.0,6,1,benign,0
0.215854,6,2088.0,27.7965661975224,9673.205036737796,344.1428571428572,33.61759743263722,0.0431708,0.05913638021302961,0,0,0.0,17,8,pulsed_mixed_flood,1
0.055229,4,0.0,72.42571837259409,0.0,0.0,0.0,0.018409666666666668,0.024289001509599634,0,0,3.0,6,1,benign,0
5e-05,2,0.0,40000.0,0.0,0.0,0.0,5e-05,0.0,0,1,0.0,6,1,syn_flood,1
0.212007,6,2088.0,28.30095232704581,9848.73140981194,344.1428571428572,33.61759743263722,0.0424014,0.05810580419200823,0,0,0.0,17,8,pulsed_mixed_flood,1
1e-06,2,2944.0,2000000.0,2944000000.0,1472.0,0.0,1e-06,0.0,0,0,0.0,17,6,slowloris_low_rate,1
2e-06,2,2944.0,1000000.0,1472000000.0,1472.0,0.0,2e-06,0.0,0,0,0.0,17,3,dns_amplification,1
0.054656,4,84.0,73.18501170960188,1536.885245901639,16.8,23.004347415216976,0.018218666666666664,0.03155305827227106,0,0,3.0,6,1,benign,0
0.020667,4,300.0,193.5452653989452,14515.89490492089,68.6,35.05424368033063,0.006889,0.011928633911726858,0,0,1.0,17,1,benign,0
1e-06,2,0.0,2000000.0,0.0,0.0,0.0,1e-06,0.0,0,1,0.0,6,0,udp_flood,1
1e-06,2,2944.0,2000000.0,2944000000.0,1472.0,0.0,1e-06,0.0,0,0,0.0,17,6,slowloris_low_rate,1
0.054862,4,282.0,72.91021107506107,5140.169880791805,63.0,41.07919181288746,0.018287333333333336,0.03166766232820688,0,0,1.0,17,1,benign,0
0.020672,4,220.0,193.49845201238392,10642.414860681114,51.8,17.527121840165314,0.0068906666666666665,0.011929788612265237,0,0,1.0,17,1,benign,0
0.000153,40,17024.0,261437.908496732,111267973.85620914,425.9512195121951,62.80841950706618,3.923076923076924e-06,1.0790796798501894e-05,0,0,0.0,17,4,icmp_flood,1
1e-06,2,802.0,2000000.0,802000000.0,401.0,0.0,1e-06,0.0,0,0,0.0,17,8,pulsed_mixed_flood,1
1e-06,2,0.0,2000000.0,0.0,0.0,0.0,1e-06,0.0,0,1,0.0,6,0,udp_flood,1
4.8e-05,2,0.0,41666.66666666666,0.0,0.0,0.0,4.8e-05,0.0,0,1,0.0,6,1,syn_flood,1
2e-06,3,0.0,1500000.0,0.0,0.0,0.0,1e-06,0.0,0,0,2.0,6,1,benign,0
0.054628,4,84.0,73.22252324815112,1537.672988211173,16.8,23.004347415216976,0.018209333333333334,0.03153602641953062,0,0,3.0,6,1,benign,0
0.020553,4,200.0,194.6187904442174,9730.93952221087,48.4,8.763560920082657,0.006851,0.011861083930231671,0,0,1.0,17,1,benign,0
0.000116,2,0.0,17241.379310344826,0.0,0.0,0.0,0.000116,0.0,0,0,1.0,6,1,http_get_flood,1
0.055561,4,0.0,71.99294469142025,0.0,0.0,0.0,0.01852033333333333,0.026752176216774094,0,0,3.0,6,1,benign,0
1e-06,2,0.0,2000000.0,0.0,0.0,0.0,1e-06,0.0,0,1,0.0,6,1,syn_flood,1
4.725462,21,6582.0,4.4440099190301385,1392.8796803360178,299.18181818181813,433.5920439838128,0.23627310000000004,0.9766561389119565,0,1,0.0,6,1,http_get_flood,1
14.341338,12,0.0,0.8367420111010563,0.0,0.0,0.0,1.303758,2.557220760196624,0,1,5.0,6,1,benign,0
4e-06,3,0.0,750000.0,0.0,0.0,0.0,2e-06,1.4142135623730952e-06,0,0,0.0,6,1,benign,0
0.000941,4,123.0,4250.797024442083,130712.00850159404,33.8,19.979989989987484,0.00031366666666666663,0.0005398225016923,0,0,0.0,6,1,benign,0
0.020569,4,282.0,194.4674024016724,13709.951869317903,64.4,33.411076007815126,0.006856333333333334,0.01187291962127822,0,0,1.0,17,1,benign,0
0.024928,2,0.0,80.23106546854943,0.0,0.0,0.0,0.024928,0.0,0,0,1.0,6,1,benign,0
0.111592,4,240.0,35.84486343107033,2150.6918058642195,54.2,31.767908335299637,0.037197333333333325,0.06442247508698601,0,0,1.0,17,1,benign,0
116.871003,40,2594.0,0.3422576941519018,22.19541146575084,63.26829268292683,129.1077116965218,2.9966923846153843,12.960417932109067,0,1,0.0,6,1,benign,0
0.499973,4,0.0,8.00043202332926,0.0,0.0,0.0,0.16665766666666662,0.28865781408673724,0,0,0.0,6,1,benign,0
0.020608,4,244.0,194.0993788819876,11840.062111801242,55.8,28.48157299026864,0.006869333333333334,0.011895436281756683,0,0,1.0,17,1,benign,0
0.020721,4,200.0,193.04087640557887,9652.043820278945,48.4,8.763560920082657,0.006907,0.01195807877545553,0,0,1.0,17,1,benign,0
0.07456,26,14695.0,348.7124463519313,197089.59227467809,544.2592592592594,827.6755027737248,0.0029824000000000005,0.007007453317718214,0,1,1.0,6,1,benign,0
0.020488,4,204.0,195.23623584537293,9957.04802811402,49.4,8.763560920082657,0.006829333333333334,0.011822690147903452,0,0,1.0,17,1,benign,0
1e-06,2,0.0,2000000.0,0.0,0.0,0.0,1e-06,0.0,0,1,0.0,6,1,syn_flood,1
1e-06,2,766.0,2000000.0,766000000.0,383.0,0.0,1e-06,0.0,0,0,0.0,17,8,pulsed_mixed_flood,1
0.020575,4,156.0,194.4106925880924,7582.0170109356,37.4,8.763560920082657,0.006858333333333334,0.011874651672084255,0,0,1.0,17,1,benign,0
3e-06,4,1760.0,1333333.333333333,586666666.6666666,440.0,0.0,1e-06,0.0,0,0,0.0,17,4,icmp_flood,1
0.020581,4,240.0,194.3540158398523,11661.24095039114,58.4,8.763560920082657,0.006860333333333334,0.011878981830667702,0,0,1.0,17,1,benign,0
0.134306,4,196.0,29.782734948550324,1459.3540124789658,46.2,15.336231610144653,0.04476866666666667,0.07753554307756755,0,0,1.0,17,1,benign,0
1e-06,2,2944.0,2000000.0,2944000000.0,1472.0,0.0,1e-06,0.0,0,0,0.0,17,6,slowloris_low_rate,1
0.000128,3,0.0,23437.5,0.0,0.0,0.0,6.4e-05,8.62670273047588e-05,0,0,2.0,6,1,benign,0
1e-06,2,2944.0,2000000.0,2944000000.0,1472.0,0.0,1e-06,0.0,0,0,0.0,17,6,slowloris_low_rate,1
2e-06,2,802.0,1000000.0,401000000.0,401.0,0.0,2e-06,0.0,0,0,0.0,17,8,pulsed_mixed_flood,1
60.704168,50,9070.0,0.8236666714549156,149.41313420192168,177.84313725490182,516.8067481196049,1.2388605714285716,3.2972925451699444,0,1,0.0,6,1,benign,0
30.024361,15,2426.0,0.4995943127648912,80.80105351784174,151.625,285.97526116781506,2.1445972142857146,7.909938559866979,0,1,0.0,6,1,benign,0
1e-06,2,750.0,2000000.0,750000000.0,375.0,0.0,1e-06,0.0,0,0,0.0,17,8,pulsed_mixed_flood,1
6.4e-05,4,0.0,62500.0,0.0,0.0,0.0,2.1333333333333335e-05,3.435597958628648e-05,0,1,1.0,6,0,udp_flood,1
1e-06,2,750.0,2000000.0,750000000.0,375.0,0.0,1e-06,0.0,0,0,0.0,17,8,pulsed_mixed_flood,1
0.000163,3,0.0,18404.907975460126,0.0,0.0,0.0,8.15e-05,0.00011101576464628796,0,0,2.0,6,1,benign,0
1e-06,2,0.0,2000000.0,0.0,0.0,0.0,1e-06,0.0,0,1,0.0,6,1,syn_flood,1
5.1e-05,2,2944.0,39215.68627450981,57725490.19607844,1472.0,0.0,5.1e-05,0.0,0,0,0.0,17,6,slowloris_low_rate,1
1e-06,2,2944.0,2000000.0,2944000000.0,1472.0,0.0,1e-06,0.0,0,0,0.0,17,3,dns_amplification,1
2e-06,2,750.0,1000000.0,375000000.0,375.0,0.0,2e-06,0.0,0,0,0.0,17,8,pulsed_mixed_flood,1
0.000165,2,0.0,12121.212121212122,0.0,0.0,0.0,0.000165,0.0,0,0,1.0,6,1,http_get_flood,1
2e-06,2,2944.0,1000000.0,1472000000.0,1472.0,0.0,2e-06,0.0,0,0,0.0,17,3,dns_amplification,1
0.091132,2,0.0,21.94618794715358,0.0,0.0,0.0,0.091132,0.0,0,0,1.0,6,1,benign,0
0.05497,4,172.0,72.76696379843551,3128.979443332727,41.4,8.763560920082657,0.018323333333333337,0.03173174814493102,0,0,1.0,17,1,benign,0
0.020709,4,156.0,193.1527355256169,7532.956685499058,37.4,8.763560920082657,0.006903,0.011951150614062229,0,0,1.0,17,1,benign,0
116.38309,56,11930.0,0.4811695582236217,102.50630052871084,209.29824561403512,485.3428451293949,2.116056181818182,10.959325469237777,0,1,0.0,6,1,benign,0
1e-06,2,2944.0,2000000.0,2944000000.0,1472.0,0.0,1e-06,0.0,0,0,0.0,17,3,dns_amplification,1
1e-06,2,2944.0,2000000.0,2944000000.0,1472.0,0.0,1e-06,0.0,0,0,0.0,17,3,dns_amplification,1
1e-06,2,2944.0,2000000.0,2944000000.0,1472.0,0.0,1e-06,0.0,0,0,0.0,17,6,slowloris_low_rate,1
0.000181,3,0.0,16574.585635359115,0.0,0.0,0.0,9.05e-05,0.000126572113832392,0,0,2.0,6,1,benign,0
1e-06,2,750.0,2000000.0,750000000.0,375.0,0.0,1e-06,0.0,0,0,0.0,17,8,pulsed_mixed_flood,1
3e-06,3,0.0,1000000.0,0.0,0.0,0.0,1.5e-06,7.071067811865476e-07,0,0,0.0,6,1,benign,0
0.000105,4,0.0,38095.23809523808,0.0,0.0,0.0,3.5e-05,5.8025856305616036e-05,0,1,1.0,6,0,udp_flood,1
5.255732,21,5982.0,3.995637524896627,1138.1858892348394,271.90909090909093,419.3587972915328,0.26278660000000004,1.1175206211422917,0,1,0.0,6,1,http_get_flood,1
0.00012,2,0.0,16666.666666666668,0.0,0.0,0.0,0.00012,0.0,0,0,1.0,6,1,http_get_flood,1
0.49949,4,0.0,8.008168331698332,0.0,0.0,0.0,0.16649666666666663,0.2883789539067186,0,0,0.0,6,1,benign,0
0.003408,46,19808.0,13497.652582159624,5812206.572769953,430.80851063829766,44.070417119933005,7.573333333333334e-05,0.00033475149534597094,0,0,0.0,17,4,icmp_flood,1
1e-06,2,766.0,2000000.0,766000000.0,383.0,0.0,1e-06,0.0,0,0,0.0,17,8,pulsed_mixed_flood,1
0.020603,4,588.0,194.1464835218172,28539.53307770713,134.2,70.10848736066126,0.006867666666666666,0.011892549530413294,0,0,1.0,17,1,benign,0
0.021618,106,46640.0,4903.32130631881,2157461.374780276,440.0,0.0,0.00020588571428571426,0.0009558290532939868,0,0,0.0,17,4,icmp_flood,1
0.020832,4,62.0,192.0122887864824,2976.190476190476,12.4,16.97939928266015,0.006944,0.012024762741942146,0,0,3.0,6,1,benign,0
1e-06,2,0.0,2000000.0,0.0,0.0,0.0,1e-06,0.0,0,1,0.0,6,1,syn_flood,1
0.054775,3,0.0,54.76951163852122,0.0,0.0,0.0,0.0273875,0.03872753129880602,0,0,2.0,6,1,benign,0
0.000296,4,0.0,13513.513513513511,0.0,0.0,0.0,9.866666666666669e-05,9.902693236354104e-05,0,0,3.0,6,1,benign,0
0.108941,4,1498.0,36.71712211196886,13750.56223093234,368.6,32.3156308928048,0.036313666666666675,0.06285468445814785,0,0,0.0,17,8,pulsed_mixed_flood,1
0.03349,170,74800.0,5076.142131979696,2233502.538071066,440.0,0.0,0.00019816568047337278,0.0002423197828252834,0,0,0.0,17,4,icmp_flood,1
0.000196,2,0.0,10204.081632653062,0.0,0.0,0.0,0.000196,0.0,0,0,1.0,6,1,http_get_flood,1
0.000221,4,123.0,18099.547511312216,556561.0859728507,33.8,19.979989989987484,7.366666666666666e-05,0.00012326529654908282,0,0,0.0,6,1,benign,0
15.221342,19,1302.0,1.2482473621576862,85.53779292259513,65.10000000000002,153.54851796230747,0.8456301111111109,2.514431903652777,0,1,0.0,6,1,benign,0
15.151121,19,1020.0,1.2540326224046392,67.32175130803853,50.99999999999999,106.83583077246185,0.8417289444444445,2.554217416173482,0,1,0.0,6,1,benign,0
0.020627,4,184.0,193.92058951859207,8920.347117855239,43.2,15.336231610144653,0.006875666666666666,0.011904673886055568,0,0,1.0,17,1,benign,0
0.000107,3,0.0,28037.383177570093,0.0,0.0,0.0,5.35e-05,7.14177848998413e-05,0,0,2.0,6,1,http_get_flood,1
0.020584,4,196.0,194.32568985619892,9521.95880295375,46.2,15.336231610144653,0.006861333333333334,0.01187898178857655,0,0,1.0,17,1,benign,0
0.000127,3,0.0,23622.04724409449,0.0,0.0,0.0,6.35e-05,8.697413408594533e-05,0,0,2.0,6,1,benign,0
0.020504,4,184.0,195.0838860710105,8973.858759266484,43.2,15.336231610144653,0.006834666666666666,0.011833659803008252,0,0,1.0,17,1,benign,0
2e-06,2,31.0,1000000.0,15500000.0,20.666666666666664,17.8978583448784,2e-06,0.0,0,0,0.0,6,1,benign,0
2e-06,2,2944.0,1000000.0,1472000000.0,1472.0,0.0,2e-06,0.0,0,0,0.0,17,6,slowloris_low_rate,1
0.000128,3,0.0,23437.5,0.0,0.0,0.0,6.4e-05,8.62670273047588e-05,0,0,2.0,6,1,benign,0
0.00116,198,87120.0,170689.6551724138,75103448.27586207,440.0,0.0,5.888324873096449e-06,1.4666625856561834e-05,0,0,0.0,17,4,icmp_flood,1
0.020843,4,438.0,191.91095331766056,21014.249388283835,98.0,62.9880941130941,0.006947666666666666,0.012028515508296665,0,0,1.0,17,1,benign,0
0.054848,2,0.0,36.46441073512252,0.0,0.0,0.0,0.054848,0.0,0,0,1.0,6,1,benign,0
30.040986,1011,3112455.0,33.654021875313944,103606.95218192904,3075.548418972336,5094.140631948505,0.029743550495049502,0.9189461300816536,0,1,3.0,6,1,benign,0
5.1e-05,2,750.0,39215.68627450981,14705882.352941176,375.0,0.0,5.1e-05,0.0,0,0,0.0,17,8,pulsed_mixed_flood,1
0.020684,4,284.0,193.38619222587505,13730.419648037128,65.4,30.672463220289305,0.006894666666666666,0.01193844890818457,0,0,1.0,17,1,benign,0
0.000143,3,0.0,20979.020979020977,0.0,0.0,0.0,7.15e-05,9.6873629022557e-05,0,0,2.0,6,1,benign,0
0.020586,4,496.0,194.3068104537064,24094.044496259598,111.2,70.10848736066126,0.006862,0.011881868582003421,0,0,1.0,17,1,benign,0
1e-06,2,2944.0,2000000.0,2944000000.0,1472.0,0.0,1e-06,0.0,0,0,0.0,17,6,slowloris_low_rate,1
1e-06,2,802.0,2000000.0,802000000.0,401.0,0.0,1e-06,0.0,0,0,0.0,17,8,pulsed_mixed_flood,1
1e-06,2,0.0,2000000.0,0.0,0.0,0.0,1e-06,0.0,0,1,0.0,6,0,udp_flood,1
1e-06,2,31.0,2000000.0,31000000.0,20.666666666666664,17.8978583448784,1e-06,0.0,0,0,0.0,6,1,benign,0
0.105365,4,1398.0,37.963270535756656,13268.163052246951,345.6,21.36117974270148,0.03512166666666667,0.06082991303900848,0,0,0.0,17,0,udp_flood,1
0.10834,6,400.0,55.38120731031936,3692.080487354624,67.71428571428571,51.77423518094139,0.021668,0.029666511852592316,0,0,0.0,6,1,benign,0
5e-05,2,0.0,40000.0,0.0,0.0,0.0,5e-05,0.0,0,1,0.0,6,1,syn_flood,1
0.020784,4,236.0,192.4557351809084,11354.888375673594,56.2,15.336231610144653,0.006928,0.011995317878238992,0,0,1.0,17,1,benign,0
2e-06,2,2944.0,1000000.0,1472000000.0,1472.0,0.0,2e-06,0.0,0,0,0.0,17,6,slowloris_low_rate,1
1e-06,2,0.0,2000000.0,0.0,0.0,0.0,1e-06,0.0,0,1,0.0,6,0,udp_flood,1
0.109852,4,1498.0,36.41262789935549,13636.529148308631,368.6,32.3156308928048,0.03661733333333333,0.06342134972021121,0,0,0.0,17,8,pulsed_mixed_flood,1
1e-06,2,2944.0,2000000.0,2944000000.0,1472.0,0.0,1e-06,0.0,0,0,0.0,17,6,slowloris_low_rate,1
1e-06,2,2944.0,2000000.0,2944000000.0,1472.0,0.0,1e-06,0.0,0,0,0.0,17,6,slowloris_low_rate,1
0.215403,6,2088.0,27.854765253965823,9693.458308380106,344.1428571428572,33.61759743263722,0.0430806,0.059013213285670184,0,0,0.0,17,8,pulsed_mixed_flood,1
0.020684,4,356.0,193.38619222587505,17211.37110810288,78.2,59.15403621055794,0.006894666666666666,0.011939314902176477,0,0,1.0,17,1,benign,0
7.31559,10,0.0,1.3669437461640142,0.0,0.0,0.0,0.8128433333333335,1.4571814671284937,0,1,4.0,6,1,benign,0
0.000185,3,0.0,16216.216216216217,0.0,0.0,0.0,9.25e-05,0.000126572113832392,0,0,2.0,6,1,benign,0
1e-06,2,2944.0,2000000.0,2944000000.0,1472.0,0.0,1e-06,0.0,0,0,0.0,17,3,dns_amplification,1
0.00102,4,123.0,3921.56862745098,120588.23529411764,33.8,19.979989989987484,0.00034,0.0005854331729582807,0,0,0.0,6,1,benign,0
0.109065,4,1438.0,36.67537706872049,13184.798056205018,353.6,32.3156308928048,0.036355,0.06296351096468494,0,0,0.0,17,0,udp_flood,1
100.861621,16,0.0,0.1586331831807462,0.0,0.0,0.0,6.724108066666667,8.628915703700002,0,1,0.0,6,1,syn_flood,1
7.119318,10,0.0,1.4046289265348173,0.0,0.0,0.0,0.7910353333333335,1.402014641354451,0,1,4.0,6,1,benign,0
0.215947,6,2088.0,27.784595294215716,9669.039162387067,344.1428571428572,33.61759743263722,0.0431894,0.05915322878592513,0,0,0.0,17,8,pulsed_mixed_flood,1
1e-06,2,431.0,2000000.0,431000000.0,277.0,213.0422493309719,1e-06,0.0,0,0,0.0,6,1,benign,0
0.056021,14,3342.0,249.90628514307133,59656.200353438886,222.8,530.0116171233554,0.004309307692307693,0.010094090815790983,0,1,0.0,6,1,benign,0
1e-06,2,0.0,2000000.0,0.0,0.0,0.0,1e-06,0.0,0,1,0.0,6,0,udp_flood,1
0.055221,4,0.0,72.43621086180983,0.0,0.0,0.0,0.018407,0.02982404526552359,0,0,3.0,6,1,benign,0
1e-06,2,0.0,2000000.0,0.0,0.0,0.0,1e-06,0.0,0,1,0.0,6,1,syn_flood,1
1e-06,2,0.0,2000000.0,0.0,0.0,0.0,1e-06,0.0,0,1,0.0,6,1,syn_flood,1
1e-06,2,2896.0,2000000.0,2896000000.0,1448.0,0.0,1e-06,0.0,0,0,0.0,17,3,dns_amplification,1
0.020618,4,300.0,194.00523814142983,14550.392860607237,70.2,26.290682760247968,0.006872666666666666,0.011897745682831406,0,0,1.0,17,1,benign,0
1e-06,2,676.0,2000000.0,676000000.0,338.0,0.0,1e-06,0.0,0,0,0.0,17,3,dns_amplification,1
0.020594,4,228.0,194.2313295134505,11071.18578226668,54.2,15.336231610144653,0.0068646666666666665,0.011884755291268444,0,0,1.0,17,1,benign,0
1e-06,2,2656.0,2000000.0,2656000000.0,1328.0,0.0,1e-06,0.0,0,0,0.0,17,3,dns_amplification,1
4.9e-05,2,2944.0,40816.32653061225,60081632.65306122,1472.0,0.0,4.9e-05,0.0,0,0,0.0,17,3,dns_amplification,1
0.083264,19,5547.0,228.18985395849344,66619.42736356649,277.35,497.4849667128276,0.004625777777777777,0.009692236720881035,0,1,0.0,6,1,benign,0
0.000115,3,0.0,26086.95652173913,0.0,0.0,0.0,5.75e-05,7.848885271170676e-05,0,0,2.0,6,1,benign,0
0.0207,4,220.0,193.23671497584544,10628.0193236715,52.2,15.336231610144653,0.0069,0.011946820455669364,0,0,1.0,17,1,benign,0
0.020491,4,216.0,195.20765213996395,10541.213215558051,50.8,17.527121840165314,0.006830333333333334,0.01182702030662556,0,0,1.0,17,1,benign,0
0.00012,3,0.0,25000.0,0.0,0.0,0.0,6e-05,8.485281374238571e-05,0,0,2.0,6,1,benign,0
1e-06,2,31.0,2000000.0,31000000.0,20.666666666666664,17.8978583448784,1e-06,0.0,0,0,0.0,6,1,benign,0
1e-06,2,31.0,2000000.0,31000000.0,20.666666666666664,17.8978583448784,1e-06,0.0,0,0,0.0,6,1,benign,0
0.12002,2,0.0,16.663889351774703,0.0,0.0,0.0,0.12002,0.0,0,0,1.0,6,1,benign,0
1e-06,2,2944.0,2000000.0,2944000000.0,1472.0,0.0,1e-06,0.0,0,0,0.0,17,6,slowloris_low_rate,1
0.020639,4,268.0,193.80783952710885,12985.125248316292,60.0,38.34057902536164,0.006879666666666666,0.011911602089279737,0,0,1.0,17,1,benign,0
0.007833,200,88000.0,25533.00140431508,11234520.617898634,440.0,0.0,3.9361809045226136e-05,0.00020577876162545242,0,0,0.0,17,4,icmp_flood,1
1e-06,2,2896.0,2000000.0,2896000000.0,1448.0,0.0,1e-06,0.0,0,0,0.0,17,3,dns_amplification,1
0.047954,4,208.0,83.41327105142429,4337.490094674063,50.4,8.763560920082657,0.015984666666666668,0.027681924686215966,0,0,1.0,17,1,benign,0
0.020649,4,260.0,193.7139813066008,12591.408784929054,59.4,30.672463220289305,0.006883,0.011916509556073875,0,0,1.0,17,1,benign,0
2e-06,2,2944.0,1000000.0,1472000000.0,1472.0,0.0,2e-06,0.0,0,0,0.0,17,6,slowloris_low_rate,1
0.020599,4,192.0,194.18418369823775,9320.840817515416,46.4,8.763560920082657,0.006866333333333334,0.011891106144229528,0,0,1.0,17,1,benign,0
0.0207,4,204.0,193.23671497584544,9855.072463768116,49.4,8.763560920082657,0.0069,0.011945954419802549,0,0,1.0,17,1,benign,0
0.020632,4,320.0,193.87359441644043,15509.887553315237,70.4,52.58136552049595,0.006877333333333334,0.011908426694292297,0,0,1.0,17,1,benign,0
4.9e-05,2,0.0,40816.32653061225,0.0,0.0,0.0,4.9e-05,0.0,0,1,0.0,6,1,syn_flood,1
0.000209,3,0.0,14354.066985645932,0.0,0.0,0.0,0.0001045,0.0001435426765808691,0,0,2.0,6,1,benign,0
0.020604,4,256.0,194.1370607649,12424.7718889536,61.2,15.336231610144653,0.006868,0.011892260844767912,0,0,1.0,17,1,benign,0
1e-06,2,2928.0,2000000.0,2928000000.0,1464.0,0.0,1e-06,0.0,0,0,0.0,17,6,slowloris_low_rate,1
0.020705,4,196.0,193.1900507123883,9466.312484907026,46.2,15.336231610144653,0.006901666666666666,0.01194970720701279,0,0,1.0,17,1,benign,0
0.020574,4,206.0,194.4201419267036,10012.637309225236,48.0,19.17028951268081,0.006858,0.011874074321815576,0,0,1.0,17,1,benign,0
0.020825,4,156.0,192.0768307322929,7490.996398559424,37.4,8.763560920082657,0.006941666666666666,0.012018123203451251,0,0,1.0,17,1,benign,0
1e-06,2,802.0,2000000.0,802000000.0,401.0,0.0,1e-06,0.0,0,0,0.0,17,8,pulsed_mixed_flood,1
1e-06,2,0.0,2000000.0,0.0,0.0,0.0,1e-06,0.0,0,0,0.0,6,1,benign,0
5.316071,8,532.0,1.504870796496134,100.07390796699292,64.0,30.797727188868983,0.7594387142857142,1.9910871679713669,0,0,1.0,17,1,benign,0
4e-06,3,0.0,750000.0,0.0,0.0,0.0,2e-06,1.4142135623730952e-06,0,0,0.0,6,1,benign,0
0.020575,4,228.0,194.4106925880924,11081.409477521263,54.2,15.336231610144653,0.006858333333333334,0.011873785636153843,0,0,1.0,17,1,benign,0
0.227336,4,410.0,17.595101523735792,1803.4979061829183,91.4,60.79720388307344,0.07577866666666666,0.13124903669487767,0,0,1.0,17,1,benign,0
0.020822,4,236.0,192.10450485063876,11334.165786187688,56.2,15.336231610144653,0.006940666666666666,0.012016391152643682,0,0,1.0,17,1,benign,0
0.047164,4,256.0,84.81044864727335,5427.868713425494,58.8,28.48157299026864,0.015721333333333334,0.02722668401280871,0,0,1.0,17,1,benign,0
1e-06,2,2944.0,2000000.0,2944000000.0,1472.0,0.0,1e-06,0.0,0,0,0.0,17,6,slowloris_low_rate,1
2e-06,2,2944.0,1000000.0,1472000000.0,1472.0,0.0,2e-06,0.0,0,0,0.0,17,3,dns_amplification,1
2e-06,2,0.0,1000000.0,0.0,0.0,0.0,2e-06,0.0,0,0,0.0,6,1,benign,0
1e-06,2,2944.0,2000000.0,2944000000.0,1472.0,0.0,1e-06,0.0,0,0,0.0,17,3,dns_amplification,1
1e-06,2,766.0,2000000.0,766000000.0,383.0,0.0,1e-06,0.0,0,0,0.0,17,8,pulsed_mixed_flood,1
1e-06,2,750.0,2000000.0,750000000.0,375.0,0.0,1e-06,0.0,0,0,0.0,17,0,udp_flood,1
1e-06,2,31.0,2000000.0,31000000.0,20.666666666666664,17.8978583448784,1e-06,0.0,0,0,0.0,6,1,benign,0
102.482247,22,0.0,0.2146713274153717,0.0,0.0,0.0,4.880107000000001,7.554169163833836,0,1,0.0,6,1,syn_flood,1
0.000449,5,154.0,11135.857461024498,342984.40979955456,33.333333333333336,17.90716802475106,0.00011225,0.0002198353550576734,0,0,0.0,6,1,benign,0
0.000119,3,0.0,25210.08403361344,0.0,0.0,0.0,5.95e-05,7.990306627407988e-05,0,0,2.0,6,1,benign,0
0.021231,3,0.0,141.30281192595731,0.0,0.0,0.0,0.0106155,0.015009755644246845,0,0,2.0,6,1,benign,0
4.7e-05,2,2896.0,42553.191489361714,61617021.27659575,1448.0,0.0,4.7e-05,0.0,0,0,0.0,17,3,dns_amplification,1
0.05367,17,3940.0,316.7505123905347,73411.58934227687,218.88888888888889,425.4446654956352,0.0033543750000000006,0.008366304575498074,0,1,0.0,6,1,benign,0
2e-06,2,760.0,1000000.0,380000000.0,380.0,0.0,2e-06,0.0,0,0,0.0,17,8,pulsed_mixed_flood,1
6.2e-05,3,0.0,48387.096774193546,0.0,0.0,0.0,3.1e-05,4.1012193308819764e-05,0,0,2.0,6,1,benign,0
2e-06,2,0.0,1000000.0,0.0,0.0,0.0,2e-06,0.0,0,1,0.0,6,1,syn_flood,1
9.5e-05,3,0.0,31578.94736842105,0.0,0.0,0.0,4.75e-05,6.434671708797581e-05,0,0,2.0,6,1,http_get_flood,1
117.259685,63,12822.0,0.5372690537246454,109.34704455329212,200.34375000000009,439.5867185606506,1.8912852419354842,10.39152016555053,0,1,0.0,6,1,benign,0
0.000204,3,0.0,14705.882352941177,0.0,0.0,0.0,0.000102,0.0001428355697996826,0,0,2.0,6,1,benign,0
0.145084,27,9023.0,186.0990874252157,62191.557993989685,322.25,627.1500278301893,0.005580153846153847,0.01353112964594548,0,1,0.0,6,1,benign,0
0.020606,4,320.0,194.1182179947588,15529.457439580705,70.4,52.58136552049595,0.006868666666666666,0.011892549530413294,0,0,1.0,17,1,benign,0
4.9e-05,2,0.0,40816.32653061225,0.0,0.0,0.0,4.9e-05,0.0,0,1,0.0,6,1,syn_flood,1
2e-06,2,2944.0,1000000.0,1472000000.0,1472.0,0.0,2e-06,0.0,0,0,0.0,17,6,slowloris_low_rate,1
1e-06,2,2896.0,2000000.0,2896000000.0,1448.0,0.0,1e-06,0.0,0,0,0.0,17,3,dns_amplification,1
0.097167,21,29200.0,216.12275772638856,300513.5488385975,1327.2727272727273,1184.3188993726546,0.004858350000000001,0.014211376633472952,0,0,6.0,6,1,benign,0
1.364386,398,266652.0,291.70630598672216,195437.36156776745,668.3007518796986,833.7147360337559,0.0034367405541561704,0.020714406163531953,0,1,1.0,6,1,benign,0
0.021194,3,0.0,141.54949514013398,0.0,0.0,0.0,0.010597,0.014983592693342943,0,0,2.0,6,1,benign,0
0.244533,53,21918.0,216.739662949377,89632.07419857444,405.8888888888888,848.700908862717,0.0047025576923076925,0.01499891799419566,0,1,0.0,6,1,benign,0
4.7e-05,2,0.0,42553.191489361714,0.0,0.0,0.0,4.7e-05,0.0,0,1,0.0,6,1,syn_flood,1
1e-06,2,2944.0,2000000.0,2944000000.0,1472.0,0.0,1e-06,0.0,0,0,0.0,17,6,slowloris_low_rate,1
4.864051,2,62.0,0.4111798992239185,12.746576875941471,31.0,0.0,4.864051,0.0,0,0,0.0,6,1,benign,0
0.02062,4,288.0,193.98642095053347,13967.022308438409,66.0,32.863353450309965,0.006873333333333334,0.011900632434174803,0,0,1.0,17,1,benign,0
0.020672,4,424.0,193.49845201238392,20510.83591331269,92.0,76.68115805072324,0.0068906666666666665,0.011930654648146233,0,0,1.0,17,1,benign,0
0.459129,28,15096.0,60.98503906309556,32879.648203446086,520.5517241379309,786.3365140323148,0.017004777777777782,0.03741522523224318,0,1,0.0,6,1,benign,0
0.002948,134,58960.0,45454.545454545456,20000000.0,440.0,0.0,2.2165413533834595e-05,5.223275131433892e-05,0,0,0.0,17,4,icmp_flood,1
4.7e-05,2,2944.0,42553.191489361714,62638297.87234042,1472.0,0.0,4.7e-05,0.0,0,0,0.0,17,3,dns_amplification,1
0.001049,12,5280.0,11439.466158245948,5033365.109628217,440.0,0.0,9.536363636363636e-05,0.0003070368944368975,0,0,0.0,17,4,icmp_flood,1
3e-06,3,0.0,1000000.0,0.0,0.0,0.0,1.5e-06,7.071067811865476e-07,0,0,0.0,6,1,benign,0
0.00205,200,88000.0,97560.97560975607,42926829.26829268,440.0,0.0,1.0301507537688445e-05,1.7838771409282078e-05,0,0,0.0,17,4,icmp_flood,1
1e-06,2,750.0,2000000.0,750000000.0,375.0,0.0,1e-06,0.0,0,0,0.0,17,0,udp_flood,1
0.020552,4,354.0,194.62826002335535,17224.601012066953,78.6,54.22453319301145,0.006850666666666666,0.011861372615904676,0,0,1.0,17,1,benign,0
1e-06,2,0.0,2000000.0,0.0,0.0,0.0,1e-06,0.0,0,1,0.0,6,0,udp_flood,1
29.000687,6,0.0,0.2068916505322788,0.0,0.0,0.0,5.8001374000000006,8.24147778185037,0,1,0.0,6,0,udp_flood,1
0.001317,22,9680.0,16704.631738800304,7350037.965072134,440.0,0.0,6.271428571428571e-05,9.075634570493836e-05,0,0,0.0,17,4,icmp_flood,1
7e-06,6,2208.0,857142.8571428572,315428571.42857146,378.28571428571433,105.3972078784416,1.4e-06,1.1401754250991378e-06,0,0,0.0,17,4,icmp_flood,1
0.020603,4,300.0,194.1464835218172,14560.98626413629,69.4,30.672463220289305,0.006867666666666666,0.011889085428801214,0,0,1.0,17,1,benign,0
0.245613,53,21902.0,215.7866236721997,89172.80437110414,405.5925925925925,848.3948555286571,0.004723326923076922,0.014996658308451167,0,1,0.0,6,1,benign,0
1e-06,2,2896.0,2000000.0,2896000000.0,1448.0,0.0,1e-06,0.0,0,0,0.0,17,3,dns_amplification,1
1e-06,2,31.0,2000000.0,31000000.0,20.666666666666664,17.8978583448784,1e-06,0.0,0,0,0.0,6,1,benign,0
1e-06,2,2944.0,2000000.0,2944000000.0,1472.0,0.0,1e-06,0.0,0,0,0.0,17,6,slowloris_low_rate,1
0.020769,4,172.0,192.5947325340652,8281.573498964803,41.4,8.763560920082657,0.006923,0.011989255689991768,0,0,1.0,17,1,benign,0
0.0002,3,0.0,15000.0,0.0,0.0,0.0,0.0001,0.0001371787155501902,0,0,2.0,6,1,benign,0
0.000173,3,0.0,17341.040462427743,0.0,0.0,0.0,8.65e-05,0.00011808683245815344,0,0,2.0,6,1,benign,0
0.020657,4,496.0,193.638960158784,24011.231059689213,115.8,44.913249715423625,0.006885666666666666,0.011922860409034963,0,0,1.0,17,1,benign,0
0.000262,64,27584.0,244274.8091603053,105282442.7480916,431.1384615384615,50.12231193636377,4.158730158730159e-06,1.1061713028988261e-05,0,0,0.0,17,4,icmp_flood,1
0.214814,6,2088.0,27.93114042846369,9720.036869105365,344.1428571428572,33.61759743263722,0.0429628,0.05883652236238984,0,0,0.0,17,8,pulsed_mixed_flood,1
0.020883,4,196.0,191.54336062826223,9385.62467078485,46.2,15.336231610144653,0.006961,0.012054207605645424,0,0,1.0,17,1,benign,0
5.515424,21,6224.0,3.807504191880805,1128.4717185841016,282.9090909090908,424.1694303314486,0.2757712,1.1176551973870918,0,1,0.0,6,1,http_get_flood,1
1e-06,2,1158.0,2000000.0,1158000000.0,579.0,0.0,1e-06,0.0,0,0,0.0,17,3,dns_amplification,1
0.020467,4,152.0,195.43655640787608,7426.589143499292,36.4,8.763560920082657,0.006822333333333334,0.011814029893873357,0,0,1.0,17,1,benign,0
0.020827,4,156.0,192.05838574926776,7490.277044221444,37.4,8.763560920082657,0.006942333333333334,0.012019277903989628,0,0,1.0,17,1,benign,0
0.020835,4,228.0,191.9846412287017,10943.124550035998,54.2,15.336231610144653,0.006945,0.012027360807758285,0,0,1.0,17,1,benign,0
0.020862,4,398.0,191.73617102866456,19077.749017352133,89.6,54.22453319301145,0.006954,0.01204035119919681,0,0,1.0,17,1,benign,0
9.7e-05,4,0.0,41237.113402061856,0.0,0.0,0.0,3.233333333333334e-05,5.427092530382482e-05,0,1,1.0,6,0,udp_flood,1
1e-06,2,2944.0,2000000.0,2944000000.0,1472.0,0.0,1e-06,0.0,0,0,0.0,17,3,dns_amplification,1
16.14878,38,34398.0,2.353118935300376,2130.068029906904,881.9999999999999,1194.9981942289812,0.4364535135135136,1.810493659610513,0,1,1.0,6,1,benign,0
1e-06,2,1012.0,2000000.0,1012000000.0,506.0,0.0,1e-06,0.0,0,0,0.0,17,8,pulsed_mixed_flood,1
0.020689,4,164.0,193.3394557494321,7926.917685726715,38.2,15.336231610144653,0.006896333333333334,0.011939603566841461,0,0,1.0,17,1,benign,0
0.7712,21,9240.0,27.230290456431536,11981.327800829877,440.0,0.0,0.03856,0.04267110934874592,0,0,0.0,17,4,icmp_flood,1
1e-06,2,31.0,2000000.0,31000000.0,20.666666666666664,17.8978583448784,1e-06,0.0,0,0,0.0,6,1,benign,0
0.221249,6,2088.0,27.11876663849328,9437.33079019566,344.1428571428572,33.61759743263722,0.044249800000000006,0.06059086952421133,0,0,0.0,17,8,pulsed_mixed_flood,1
4.3e-05,2,880.0,46511.62790697674,20465116.279069766,440.0,0.0,4.3e-05,0.0,0,0,0.0,17,4,icmp_flood,1
114.060252,52,0.0,0.4558993960490285,0.0,0.0,0.0,2.2364755294117646,4.073887087716882,0,0,0.0,17,1,benign,0
1e-06,2,0.0,2000000.0,0.0,0.0,0.0,1e-06,0.0,0,1,0.0,6,0,udp_flood,1
0.055037,3,0.0,54.50878499918237,0.0,0.0,0.0,0.0275185,0.03891420748903927,0,0,2.0,6,1,benign,0
4.9e-05,2,0.0,40816.32653061225,0.0,0.0,0.0,4.9e-05,0.0,0,1,0.0,6,1,syn_flood,1
0.000189,3,0.0,15873.015873015873,0.0,0.0,0.0,9.45e-05,0.0001294005409571382,0,0,2.0,6,1,benign,0
0.040721,5,76.0,122.78676849782669,1866.3588811669651,12.666666666666664,19.623115620784247,0.01018025,0.01864452755055309,1,0,1.0,6,1,benign,0
0.020624,4,444.0,193.9487975174554,21528.31652443755,97.8,72.29937759068193,0.006874666666666666,0.011902075799344136,0,0,1.0,17,1,benign,0
9.028507,6,0.0,0.664561704388112,0.0,0.0,0.0,1.8057014,2.6908029319896873,0,1,0.0,6,1,benign,0
0.000939,50,22000.0,53248.13631522896,23429179.978700746,440.0,0.0,1.9163265306122448e-05,3.469110533141957e-05,0,0,0.0,17,4,icmp_flood,1
0.040853,200,88000.0,4895.601302229947,2154064.5729811764,440.0,0.0,0.00020529145728643192,0.0022969851662598003,0,0,0.0,17,4,icmp_flood,1
5.2e-05,2,2944.0,38461.53846153846,56615384.61538462,1472.0,0.0,5.2e-05,0.0,0,0,0.0,17,3,dns_amplification,1
0.020806,4,204.0,192.25223493223103,9804.863981543784,49.4,8.763560920082657,0.006935333333333334,0.012008019584150141,0,0,1.0,17,1,benign,0
5e-05,2,0.0,40000.0,0.0,0.0,0.0,5e-05,0.0,0,1,0.0,6,0,udp_flood,1
0.020661,4,316.0,193.60147137118244,15294.516238323413,69.4,52.58136552049595,0.006887,0.011924303879053067,0,0,1.0,17,1,benign,0
1e-06,2,0.0,2000000.0,0.0,0.0,0.0,1e-06,0.0,0,1,0.0,6,1,syn_flood,1
1e-06,2,2944.0,2000000.0,2944000000.0,1472.0,0.0,1e-06,0.0,0,0,0.0,17,6,slowloris_low_rate,1
1e-06,2,0.0,2000000.0,0.0,0.0,0.0,1e-06,0.0,0,1,0.0,6,0,udp_flood,1
0.0206,4,244.0,194.17475728155335,11844.660194174758,59.4,8.763560920082657,0.006866666666666666,0.011889951485743469,0,0,1.0,17,1,benign,0
2e-06,2,2944.0,1000000.0,1472000000.0,1472.0,0.0,2e-06,0.0,0,0,0.0,17,6,slowloris_low_rate,1
2e-06,2,766.0,1000000.0,383000000.0,383.0,0.0,2e-06,0.0,0,0,0.0,17,8,pulsed_mixed_flood,1
1e-06,2,750.0,2000000.0,750000000.0,375.0,0.0,1e-06,0.0,0,0,0.0,17,8,pulsed_mixed_flood,1
0.488616,31,9658.0,63.44450447795406,19766.033040260656,301.81250000000006,631.3303126808322,0.0162872,0.03056858508157772,0,1,0.0,6,1,benign,0
1e-06,2,0.0,2000000.0,0.0,0.0,0.0,1e-06,0.0,0,1,0.0,6,1,syn_flood,1
0.000222,2,2944.0,9009.009009009009,13261261.261261262,1472.0,0.0,0.000222,0.0,0,0,0.0,17,3,dns_amplification,1
1e-06,2,1193.0,2000000.0,1193000000.0,785.0,652.9831544534667,1e-06,0.0,0,0,0.0,6,1,benign,0
0.020678,4,364.0,193.4423058322856,17603.249830737983,89.4,8.763560920082657,0.006892666666666666,0.011934984764687944,0,0,1.0,17,1,benign,0
5.138275,7,0.0,1.3623249047588928,0.0,0.0,0.0,0.8563791666666665,2.077576861474965,0,1,0.0,6,1,benign,0
0.020631,4,156.0,193.88299161456055,7561.436672967864,37.4,8.763560920082657,0.006877,0.011906117251228464,0,0,1.0,17,1,benign,0
0.054927,2,0.0,36.4119649716897,0.0,0.0,0.0,0.054927,0.0,0,0,1.0,6,1,benign,0
1e-06,2,2896.0,2000000.0,2896000000.0,1448.0,0.0,1e-06,0.0,0,0,0.0,17,3,dns_amplification,1
0.020625,4,230.0,193.939393939394,11151.515151515148,53.6,21.36117974270148,0.006875,0.011902653149613324,0,0,1.0,17,1,benign,0
0.020646,4,160.0,193.74212922600012,7749.685169040007,38.4,8.763560920082657,0.006882,0.01191477750526631,0,0,1.0,17,1,benign,0
0.041575,4,0.0,96.2116656644618,0.0,0.0,0.0,0.013858333333333332,0.024000739370555507,0,0,3.0,6,1,benign,0
26.143857,6,0.0,0.2294994193090943,0.0,0.0,0.0,5.2287714,7.301435157673407,0,1,0.0,6,0,udp_flood,1
0.000171,8,62.0,46783.62573099415,362573.0994152047,6.888888888888888,13.669715107167056,2.442857142857143e-05,3.992850753892153e-05,0,0,0.0,6,1,benign,0
1e-06,2,0.0,2000000.0,0.0,0.0,0.0,1e-06,0.0,0,1,0.0,6,0,udp_flood,1
0.000262,40,17312.0,152671.75572519086,66076335.87786259,432.9756097560976,31.40420975353309,6.717948717948718e-06,1.3469163061461848e-05,0,0,0.0,17,4,icmp_flood,1
1e-06,2,0.0,2000000.0,0.0,0.0,0.0,1e-06,0.0,0,1,0.0,6,0,udp_flood,1
0.000196,3,0.0,15306.122448979591,0.0,0.0,0.0,9.8e-05,0.0001357645019878171,0,0,2.0,6,1,benign,0
1e-06,2,0.0,2000000.0,0.0,0.0,0.0,1e-06,0.0,0,1,0.0,6,0,udp_flood,1
1e-06,2,2944.0,2000000.0,2944000000.0,1472.0,0.0,1e-06,0.0,0,0,0.0,17,3,dns_amplification,1
1e-06,2,0.0,2000000.0,0.0,0.0,0.0,1e-06,0.0,0,1,0.0,6,1,syn_flood,1
1e-06,2,0.0,2000000.0,0.0,0.0,0.0,1e-06,0.0,0,1,0.0,6,1,syn_flood,1
1e-06,2,0.0,2000000.0,0.0,0.0,0.0,1e-06,0.0,0,1,0.0,6,0,udp_flood,1
1e-06,2,2944.0,2000000.0,2944000000.0,1472.0,0.0,1e-06,0.0,0,0,0.0,17,6,slowloris_low_rate,1
3.3e-05,2,2944.0,60606.06060606059,89212121.2121212,1472.0,0.0,3.3e-05,0.0,0,0,0.0,17,6,slowloris_low_rate,1
0.020535,4,236.0,194.7893839785732,11492.573654735816,56.2,15.336231610144653,0.006845,0.011850691625386257,0,0,1.0,17,1,benign,0
1e-06,2,2944.0,2000000.0,2944000000.0,1472.0,0.0,1e-06,0.0,0,0,0.0,17,6,slowloris_low_rate,1
0.216715,6,2178.0,27.68613155526844,10050.065754562444,359.1428571428572,33.61759743263722,0.043343,0.05936504137958637,0,0,0.0,17,8,pulsed_mixed_flood,1
0.000488,4,123.0,8196.721311475409,252049.18032786887,33.8,19.979989989987484,0.00016266666666666667,0.00027741725493078706,0,0,0.0,6,1,benign,0
0.218669,6,2088.0,27.438731598900624,9548.678596417416,344.1428571428572,33.61759743263722,0.0437338,0.059884508315590286,0,0,0.0,17,8,pulsed_mixed_flood,1
113.326216,39,0.0,0.344139259004289,0.0,0.0,0.0,2.9822688421052637,4.453000504120647,0,0,0.0,17,1,benign,0
1e-06,2,0.0,2000000.0,0.0,0.0,0.0,1e-06,0.0,0,1,0.0,6,0,udp_flood,1
1e-06,2,2944.0,2000000.0,2944000000.0,1472.0,0.0,1e-06,0.0,0,0,0.0,17,3,dns_amplification,1
1e-06,2,0.0,2000000.0,0.0,0.0,0.0,1e-06,0.0,0,1,0.0,6,1,syn_flood,1
1e-06,2,2944.0,2000000.0,2944000000.0,1472.0,0.0,1e-06,0.0,0,0,0.0,17,3,dns_amplification,1
2e-06,3,0.0,1500000.0,0.0,0.0,0.0,1e-06,0.0,0,0,0.0,6,1,benign,0
0.020667,4,320.0,193.5452653989452,15483.621231915611,70.4,52.58136552049595,0.006889,0.011905251236324245,0,0,1.0,17,1,benign,0
1e-06,2,0.0,2000000.0,0.0,0.0,0.0,1e-06,0.0,0,1,0.0,6,1,syn_flood,1
0.032354,2,0.0,61.816158743895656,0.0,0.0,0.0,0.032354,0.0,0,0,1.0,6,1,benign,0
114.516851,42,0.0,0.3667582511503045,0.0,0.0,0.0,2.7930939268292687,4.275659294232022,0,0,0.0,17,1,benign,0
0.832781,46,27292.0,55.23661082565525,32772.121362038764,580.6808510638298,1023.4442935581064,0.018506244444444445,0.06664084868537518,0,1,1.0,6,1,benign,0
0.107527,4,1438.0,37.19995908004501,13373.385289276182,353.6,32.3156308928048,0.03584233333333333,0.06207814432095513,0,0,0.0,17,8,pulsed_mixed_flood,1
0.020569,4,290.0,194.4674024016724,14098.88667412125,66.6,32.3156308928048,0.006856333333333334,0.01187291962127822,0,0,1.0,17,1,benign,0
0.02111,3,0.0,142.11274277593554,0.0,0.0,0.0,0.010555,0.0149227815101609,0,0,2.0,6,1,benign,0
4.394673,15,3316.0,3.41322323640462,754.5498834611811,207.25,391.566682273488,0.3139052142857143,1.1741835540964805,0,1,0.0,6,1,http_get_flood,1
1e-06,2,766.0,2000000.0,766000000.0,383.0,0.0,1e-06,0.0,0,0,0.0,17,8,pulsed_mixed_flood,1
0.020596,4,152.0,194.21246844047383,7380.073800738008,36.4,8.763560920082657,0.0068653333333333335,0.011886776027726495,0,0,1.0,17,1,benign,0
1e-06,2,0.0,2000000.0,0.0,0.0,0.0,1e-06,0.0,0,1,0.0,6,1,syn_flood,1
0.020665,4,220.0,193.56399709654,10646.019840309702,52.2,15.336231610144653,0.006888333333333334,0.011925747160380909,0,0,1.0,17,1,benign,0
0.000252,46,19952.0,182539.68253968252,79174603.17460318,433.872340425532,29.38027807995534,5.599999999999999e-06,1.2925309913639838e-05,0,0,0.0,17,4,icmp_flood,1
1e-06,2,2944.0,2000000.0,2944000000.0,1472.0,0.0,1e-06,0.0,0,0,0.0,17,6,slowloris_low_rate,1
0.020785,4,260.0,192.44647582391147,12509.020928554242,59.4,30.672463220289305,0.006928333333333334,0.011997627279313743,0,0,1.0,17,1,benign,0
95.864543,43,82.0,0.4485495747890855,0.8553736077373258,1.8863636363636365,6.445535354354077,2.282489119047619,4.169498249328605,0,0,0.0,6,1,benign,0
0.020547,4,204.0,194.67562174526697,9928.456709008617,49.4,8.763560920082657,0.006849,0.011859351879424105,0,0,1.0,17,1,benign,0
0.061053,3,0.0,49.13763451427448,0.0,0.0,0.0,0.0305265,0.04316816188465754,0,0,2.0,6,1,benign,0
1e-06,2,0.0,2000000.0,0.0,0.0,0.0,1e-06,0.0,0,1,0.0,6,0,udp_flood,1
1e-06,2,0.0,2000000.0,0.0,0.0,0.0,1e-06,0.0,0,1,0.0,6,1,syn_flood,1
1e-06,2,2944.0,2000000.0,2944000000.0,1472.0,0.0,1e-06,0.0,0,0,0.0,17,6,slowloris_low_rate,1
1e-06,2,776.0,2000000.0,776000000.0,388.0,0.0,1e-06,0.0,0,0,0.0,17,3,dns_amplification,1
4.8e-05,2,2944.0,41666.66666666666,61333333.33333333,1472.0,0.0,4.8e-05,0.0,0,0,0.0,17,3,dns_amplification,1
2e-06,2,2944.0,1000000.0,1472000000.0,1472.0,0.0,2e-06,0.0,0,0,0.0,17,6,slowloris_low_rate,1
0.020685,4,256.0,193.376843123036,12376.117959874307,58.8,28.48157299026864,0.006895,0.01193902621657227,0,0,1.0,17,1,benign,0
1e-06,2,0.0,2000000.0,0.0,0.0,0.0,1e-06,0.0,0,1,0.0,6,1,syn_flood,1
0.020569,4,132.0,194.4674024016724,6417.42427925519,31.4,8.763560920082657,0.006856333333333334,0.01187291962127822,0,0,1.0,17,1,benign,0
0.023012,4,270.0,173.82235355466713,11733.008864940031,62.2,29.02929554777381,0.007670666666666666,0.013280788242168958,0,0,1.0,17,1,benign,0
1e-06,2,2944.0,2000000.0,2944000000.0,1472.0,0.0,1e-06,0.0,0,0,0.0,17,6,slowloris_low_rate,1
1e-06,2,2944.0,2000000.0,2944000000.0,1472.0,0.0,1e-06,0.0,0,0,0.0,17,6,slowloris_low_rate,1
0.157672,24,7694.0,152.21472423765792,48797.5036785225,307.7600000000001,627.3521924193248,0.006855304347826088,0.013930662727936732,0,1,0.0,6,1,benign,0
0.020682,4,204.0,193.40489314379656,9863.649550333625,49.4,8.763560920082657,0.006894,0.011936428150833062,0,0,1.0,17,1,benign,0
0.02062,4,132.0,193.98642095053347,6401.551891367604,31.4,8.763560920082657,0.006873333333333334,0.011899766398267377,0,0,1.0,17,1,benign,0
0.0576,4,200.0,69.44444444444444,3472.222222222222,48.4,8.763560920082657,0.0192,0.033250179352899735,0,0,1.0,17,1,benign,0
0.141249,23,7625.0,162.83301120715896,53982.68306324292,317.70833333333337,638.8276272351101,0.0064204090909090895,0.014396688546689811,0,1,0.0,6,1,benign,0
1e-06,2,766.0,2000000.0,766000000.0,383.0,0.0,1e-06,0.0,0,0,0.0,17,8,pulsed_mixed_flood,1
0.020756,4,264.0,192.71535941414533,12719.213721333592,64.4,8.763560920082657,0.006918666666666666,0.011978286034877165,0,0,1.0,17,1,benign,0
1e-06,2,0.0,2000000.0,0.0,0.0,0.0,1e-06,0.0,0,1,0.0,6,0,udp_flood,1
0.00017,3,0.0,17647.05882352941,0.0,0.0,0.0,8.5e-05,0.00011737972567696688,0,0,2.0,6,1,benign,0
0.000127,6,74.0,47244.09448818898,582677.1653543307,10.571428571428571,18.054151349547865,2.5399999999999997e-05,4.6144338764359816e-05,0,0,5.0,6,1,benign,0
0.10603,4,1438.0,37.72517212109781,13562.199377534658,353.6,32.3156308928048,0.03534333333333333,0.061174018311153405,0,0,0.0,17,8,pulsed_mixed_flood,1
110.968023,62,2748.0,0.558719515080484,24.763890765180165,43.61904761904761,115.36721575060255,1.8191479180327863,3.8153151389087516,0,1,0.0,6,1,benign,0
0.000327,5,53.0,15290.519877675844,162079.51070336392,8.833333333333332,21.63715939458473,8.175e-05,9.219680037832111e-05,0,0,4.0,6,1,benign,0
0.020646,4,200.0,193.74212922600012,9687.106461300007,48.4,8.763560920082657,0.006882,0.01191391149035446,0,0,1.0,17,1,benign,0
0.020847,4,402.0,191.87413057034584,19283.35012231976,89.6,59.70175876806311,0.006949,0.012031690945166436,0,0,1.0,17,1,benign,0
1e-06,2,31.0,2000000.0,31000000.0,20.666666666666664,17.8978583448784,1e-06,0.0,0,0,0.0,6,1,benign,0
2e-06,2,802.0,1000000.0,401000000.0,401.0,0.0,2e-06,0.0,0,0,0.0,17,8,pulsed_mixed_flood,1
0.000118,4,0.0,33898.30508474576,0.0,0.0,0.0,3.933333333333334e-05,3.481857741685225e-05,0,1,1.0,6,1,syn_flood,1
0.020922,4,132.0,191.1863110601281,6309.148264984227,31.4,8.763560920082657,0.006974,0.012074126179562644,0,0,1.0,17,1,benign,0
1e-06,2,2944.0,2000000.0,2944000000.0,1472.0,0.0,1e-06,0.0,0,0,0.0,17,6,slowloris_low_rate,1
0.000109,5,76.0,45871.55963302752,697247.7064220185,19.0,20.81345718519632,2.725e-05,5.1835476911731685e-05,0,0,0.0,6,1,benign,0
1e-06,2,0.0,2000000.0,0.0,0.0,0.0,1e-06,0.0,0,1,0.0,6,1,syn_flood,1
0.033182,2,0.0,60.27364233620637,0.0,0.0,0.0,0.033182,0.0,0,0,1.0,6,1,benign,0
1e-06,2,31.0,2000000.0,31000000.0,10.333333333333334,17.8978583448784,1e-06,0.0,0,0,1.0,6,1,benign,0
1e-06,2,2944.0,2000000.0,2944000000.0,1472.0,0.0,1e-06,0.0,0,0,0.0,17,6,slowloris_low_rate,1
1e-06,2,2944.0,2000000.0,2944000000.0,1472.0,0.0,1e-06,0.0,0,0,0.0,17,6,slowloris_low_rate,1
1e-06,2,0.0,2000000.0,0.0,0.0,0.0,1e-06,0.0,0,0,0.0,6,1,benign,0
0.00076,4,123.0,5263.157894736842,161842.1052631579,33.8,19.979989989987484,0.0002533333333333333,0.00043532210296897767,0,0,0.0,6,1,benign,0
0.040859,4,0.0,97.8976480090066,0.0,0.0,0.0,0.013619666666666667,0.023587356577907007,0,0,3.0,6,1,benign,0
1e-06,2,2944.0,2000000.0,2944000000.0,1472.0,0.0,1e-06,0.0,0,0,0.0,17,6,slowloris_low_rate,1
96.83273,124,10322.0,1.2805587532232128,106.59618911911294,82.94399999999997,158.98038548117168,0.7872579674796747,4.653420151976929,0,0,1.0,6,1,benign,0
61.06825,55,13016.0,0.9006316703033082,213.13857855759744,232.42857142857147,580.6733663959099,1.130893518518519,3.168115874448049,0,1,1.0,6,1,benign,0
1e-06,2,31.0,2000000.0,31000000.0,20.666666666666664,17.8978583448784,1e-06,0.0,0,0,0.0,6,1,benign,0
0.025473,3,0.0,117.77175833235192,0.0,0.0,0.0,0.0127365,0.01800788839647781,0,0,2.0,6,1,benign,0
7.210575,10,0.0,1.3868519500871983,0.0,0.0,0.0,0.801175,1.429797937871467,0,1,4.0,6,1,benign,0
0.108727,4,1438.0,36.78938993994132,13225.785683408903,353.6,32.3156308928048,0.03624233333333333,0.06277096464396047,0,0,0.0,17,0,udp_flood,1
0.000171,3,0.0,17543.859649122805,0.0,0.0,0.0,8.55e-05,0.00011808683245815344,0,0,2.0,6,1,benign,0
0.000173,2,0.0,11560.693641618496,0.0,0.0,0.0,0.000173,0.0,0,0,1.0,6,1,http_get_flood,1
0.103839,6,0.0,57.78175829890503,0.0,0.0,0.0,0.0207678,0.02765305940036292,0,0,5.0,6,1,benign,0
1e-06,2,2944.0,2000000.0,2944000000.0,1472.0,0.0,1e-06,0.0,0,0,0.0,17,3,dns_amplification,1
0.15789,4,624.0,25.334093356134016,3952.118563556907,135.2,113.92629196107455,0.05263,0.09115350387670239,0,0,1.0,17,1,benign,0
1e-06,2,0.0,2000000.0,0.0,0.0,0.0,1e-06,0.0,0,1,0.0,6,0,udp_flood,1
0.020582,4,260.0,194.34457292780095,12632.397240307064,59.4,30.672463220289305,0.006860666666666666,0.011877827130133412,0,0,1.0,17,1,benign,0
2e-06,2,2944.0,1000000.0,1472000000.0,1472.0,0.0,2e-06,0.0,0,0,0.0,17,0,udp_flood,1
0.055701,2,0.0,35.9059980969821,0.0,0.0,0.0,0.055701,0.0,0,0,1.0,6,1,benign,0
0.020619,4,320.0,193.9958290896746,15519.666327173967,70.4,52.58136552049595,0.006873,0.011899189047998188,0,0,1.0,17,1,benign,0
0.0448,4,200.0,89.2857142857143,4464.285714285715,48.4,8.763560920082657,0.014933333333333331,0.02586096193750985,0,0,1.0,17,1,benign,0
0.000203,3,0.0,14778.32512315271,0.0,0.0,0.0,0.0001015,0.0001435426765808691,0,0,2.0,6,1,benign,0
1e-06,2,0.0,2000000.0,0.0,0.0,0.0,1e-06,0.0,0,1,0.0,6,1,syn_flood,1
0.000115,4,0.0,34782.608695652176,0.0,0.0,0.0,3.833333333333333e-05,6.553116307020143e-05,0,1,1.0,6,0,udp_flood,1
0.024904,2,0.0,80.30838419531,0.0,0.0,0.0,0.024904,0.0,0,0,1.0,6,1,benign,0
111.914949,18,0.0,0.1608364223085157,0.0,0.0,0.0,6.583232294117646,8.41239771806919,0,1,0.0,6,1,syn_flood,1
0.091794,4,0.0,43.57583284310521,0.0,0.0,0.0,0.030598,0.03896210514076467,0,0,3.0,6,1,benign,0
1e-06,2,2944.0,2000000.0,2944000000.0,1472.0,0.0,1e-06,0.0,0,0,0.0,17,6,slowloris_low_rate,1
5.405855,21,6016.0,3.884676891999508,1112.8674372509067,273.45454545454544,419.9490589597887,0.27029275,1.1178369232525014,0,1,0.0,6,1,http_get_flood,1
0.04601,4,464.0,86.9376222560313,10084.76418169963,108.2,42.72235948540296,0.015336666666666669,0.02655955576310216,0,0,1.0,17,1,benign,0
116.528781,56,7346.0,0.4805679723020529,63.04022008090861,128.87719298245614,254.94460674088725,2.118705109090909,10.975299488655695,0,1,0.0,6,1,benign,0
30.06836,1058,3066550.0,35.186488388458834,101985.94136826885,2895.7034938621337,4422.546678310009,0.02844688741721854,0.8680904153393401,0,1,4.0,6,1,benign,0
117.976703,49,9974.0,0.4153362380367589,84.54211506487005,199.48000000000008,497.8508193900527,2.457847979166667,11.823277861278083,0,1,0.0,6,1,benign,0
1e-06,2,0.0,2000000.0,0.0,0.0,0.0,1e-06,0.0,0,1,0.0,6,1,syn_flood,1
1e-06,2,0.0,2000000.0,0.0,0.0,0.0,1e-06,0.0,0,1,0.0,6,1,syn_flood,1
1e-06,2,2944.0,2000000.0,2944000000.0,1472.0,0.0,1e-06,0.0,0,0,0.0,17,6,slowloris_low_rate,1
113.87158,52,0.0,0.4566547684681288,0.0,0.0,0.0,2.2327760784313737,4.066474834693832,0,0,0.0,17,1,benign,0
0.020662,4,230.0,193.5921014422612,11131.545832930016,53.6,21.36117974270148,0.006887333333333334,0.011924015151505525,0,0,1.0,17,1,benign,0
0.168529,31,21693.0,183.9446030060108,128719.68622610944,677.90625,974.1646664599532,0.005617633333333333,0.012362445432349385,0,1,0.0,6,1,benign,0
1e-06,2,2944.0,2000000.0,2944000000.0,1472.0,0.0,1e-06,0.0,0,0,0.0,17,3,dns_amplification,1
0.020756,4,286.0,192.71535941414533,13779.148198111392,65.4,33.411076007815126,0.006918666666666666,0.011978286034877165,0,0,1.0,17,1,benign,0
1e-06,2,0.0,2000000.0,0.0,0.0,0.0,1e-06,0.0,0,1,0.0,6,1,syn_flood,1
0.000284,4,0.0,14084.50704225352,0.0,0.0,0.0,9.466666666666669e-05,0.00010390540569832415,0,0,3.0,6,1,benign,0
0.12399,6,400.0,48.390999274135005,3226.066618275667,67.71428571428571,51.77423518094139,0.024798,0.036062092313120166,0,0,0.0,6,1,benign,0
0.00014,4,0.0,28571.42857142857,0.0,0.0,0.0,4.666666666666666e-05,4.045161719058131e-05,0,0,3.0,6,1,benign,0
116.064414,69,6868.0,0.5944974658640848,59.174037616732384,98.1142857142857,223.5711178137661,1.7068296176470588,3.708989871089379,0,1,0.0,6,1,benign,0
1e-06,2,31.0,2000000.0,31000000.0,20.666666666666664,17.8978583448784,1e-06,0.0,0,0,0.0,6,1,benign,0
60.976894,54,13230.0,0.8855813482398759,216.9674303187696,240.54545454545448,633.8390617727473,1.150507433962264,3.196585023002549,0,1,1.0,6,1,benign,0
4.9e-05,2,0.0,40816.32653061225,0.0,0.0,0.0,4.9e-05,0.0,0,1,0.0,6,1,syn_flood,1
1e-06,2,2944.0,2000000.0,2944000000.0,1472.0,0.0,1e-06,0.0,0,0,0.0,17,6,slowloris_low_rate,1
0.000544,104,45760.0,191176.4705882353,84117647.05882353,440.0,0.0,5.281553398058256e-06,1.209554891047323e-05,0,0,0.0,17,4,icmp_flood,1
1e-06,2,1492.0,2000000.0,1492000000.0,746.0,0.0,1e-06,0.0,0,0,0.0,17,3,dns_amplification,1
1e-06,2,768.0,2000000.0,768000000.0,384.0,0.0,1e-06,0.0,0,0,0.0,17,8,pulsed_mixed_flood,1
0.133346,32,17732.0,239.9772021657943,132977.36715012073,537.3333333333334,847.2876823527338,0.0043014838709677415,0.009399739843460096,0,1,1.0,6,1,benign,0
0.000195,3,0.0,15384.615384615385,0.0,0.0,0.0,9.75e-05,0.00013505739520663058,0,0,2.0,6,1,benign,0
1e-06,2,2944.0,2000000.0,2944000000.0,1472.0,0.0,1e-06,0.0,0,0,0.0,17,3,dns_amplification,1
1e-06,2,0.0,2000000.0,0.0,0.0,0.0,1e-06,0.0,0,1,0.0,6,0,udp_flood,1
1e-06,2,2944.0,2000000.0,2944000000.0,1472.0,0.0,1e-06,0.0,0,0,0.0,17,6,slowloris_low_rate,1
0.218621,6,2088.0,27.44475599324859,9550.775085650508,344.1428571428572,33.61759743263722,0.0437242,0.05987012227062844,0,0,0.0,17,8,pulsed_mixed_flood,1
0.020795,4,236.0,192.3539312334696,11348.881942774708,56.2,15.336231610144653,0.006931666666666666,0.011963586683488082,0,0,1.0,17,1,benign,0
0.04615,4,392.0,86.6738894907909,8494.04117009751,96.4,8.763560920082657,0.015383333333333332,0.02663951877067852,0,0,1.0,17,1,benign,0
0.045908,4,438.0,87.13078330574194,9540.82077197874,98.0,62.9880941130941,0.015302666666666668,0.026501532056342203,0,0,1.0,17,1,benign,0
1e-06,2,0.0,2000000.0,0.0,0.0,0.0,1e-06,0.0,0,1,0.0,6,0,udp_flood,1
1e-06,2,766.0,2000000.0,766000000.0,383.0,0.0,1e-06,0.0,0,0,0.0,17,8,pulsed_mixed_flood,1
0.000138,3,0.0,21739.130434782608,0.0,0.0,0.0,6.9e-05,9.475230867899736e-05,0,0,2.0,6,1,http_get_flood,1
0.020552,4,256.0,194.62826002335535,12456.208641494744,61.2,15.336231610144653,0.006850666666666666,0.011860506579962484,0,0,1.0,17,1,benign,0
1e-05,4,60.0,400000.0,5999999.999999999,15.0,0.0,3.333333333333333e-06,3.2145502536643186e-06,0,0,0.0,17,1,benign,0
0.020817,4,256.0,192.15064610654755,12297.641350819044,61.2,15.336231610144653,0.006939,0.01201696850291287,0,0,1.0,17,1,benign,0
0.544807,30,15848.0,55.06537177385753,29089.20039573647,511.225806451613,818.3358198065723,0.018786448275862073,0.04243436667589996,0,1,0.0,6,1,benign,0
0.000247,2,2944.0,8097.165991902834,11919028.340080973,1472.0,0.0,0.000247,0.0,0,0,0.0,17,3,dns_amplification,1
0.037906,200,88000.0,5276.209571044162,2321532.2112594307,440.0,0.0,0.0001904824120603016,0.0010885587907185895,0,0,0.0,17,4,icmp_flood,1
113.994816,39,0.0,0.3421208206520549,0.0,0.0,0.0,2.999863578947368,4.477429294162412,0,0,0.0,17,1,benign,0
2e-06,2,2944.0,1000000.0,1472000000.0,1472.0,0.0,2e-06,0.0,0,0,0.0,17,3,dns_amplification,1
0.000121,3,0.0,24793.38842975207,0.0,0.0,0.0,6.05e-05,8.273149339882606e-05,0,0,2.0,6,1,benign,0
0.091554,2,0.0,21.845031347619987,0.0,0.0,0.0,0.091554,0.0,0,0,1.0,6,1,benign,0
0.044995,4,610.0,88.8987665296144,13557.061895766195,131.2,116.6649047486004,0.014998333333333332,0.02597441127982179,0,0,1.0,17,1,benign,0
0.020593,4,456.0,194.2407614237848,22143.446802311464,105.8,44.913249715423625,0.006864333333333334,0.011884177940999255,0,0,1.0,17,1,benign,0
2e-06,2,2944.0,1000000.0,1472000000.0,1472.0,0.0,2e-06,0.0,0,0,0.0,17,6,slowloris_low_rate,1
103.11973,171,93838.0,1.6582665606281164,909.9907457088956,545.5697674418602,994.7241827674655,0.6065866470588237,5.644044981291839,0,1,1.0,6,1,benign,0
1e-06,2,750.0,2000000.0,750000000.0,375.0,0.0,1e-06,0.0,0,0,0.0,17,8,pulsed_mixed_flood,1
0.055521,4,196.0,72.044811872985,3530.195781776265,47.4,8.763560920082657,0.018507,0.0320498681432545,0,0,1.0,17,1,benign,0
1e-06,2,766.0,2000000.0,766000000.0,383.0,0.0,1e-06,0.0,0,0,0.0,17,8,pulsed_mixed_flood,1
0.02081,4,62.0,192.21528111484864,2979.3368572801537,12.4,16.97939928266015,0.006936666666666666,0.012012061036030967,0,0,3.0,6,1,benign,0
115.334295,59,2480.0,0.5115564282072388,21.50271088057546,41.333333333333336,160.94874083117656,1.9885223275862058,3.9626104890297347,0,1,0.0,6,1,benign,0
0.040881,4,0.0,97.84496465350652,0.0,0.0,0.0,0.013627,0.023547248586618347,0,0,3.0,6,1,benign,0
1e-06,2,0.0,2000000.0,0.0,0.0,0.0,1e-06,0.0,0,1,0.0,6,1,syn_flood,1
2e-06,2,2944.0,1000000.0,1472000000.0,1472.0,0.0,2e-06,0.0,0,0,0.0,17,6,slowloris_low_rate,1
0.085691,32,15374.0,373.4347831160799,179412.07361333165,465.8787878787878,660.4607651847948,0.0027642258064516133,0.006761841843312996,0,1,1.0,6,1,benign,0
5.724718,21,6142.0,3.6683029626961536,1072.891276041894,279.1818181818182,422.5865520096372,0.28623590000000004,1.1220276786582173,0,1,0.0,6,1,http_get_flood,1
4.9e-05,2,0.0,40816.32653061225,0.0,0.0,0.0,4.9e-05,0.0,0,1,0.0,6,1,syn_flood,1
63.800612,67,16048.0,1.0501466663047057,251.5336373262376,236.00000000000003,541.4883303823809,0.9666759393939393,7.2199835685541744,0,1,0.0,6,1,benign,0
110.447093,114,44746.0,1.0321684066415402,405.1351537156347,389.095652173913,753.4243925781856,0.9774079026548671,2.8890878221615615,0,1,1.0,6,1,benign,0
1e-06,2,0.0,2000000.0,0.0,0.0,0.0,1e-06,0.0,0,1,0.0,6,0,udp_flood,1
0.001405,4,123.0,2846.975088967972,87544.48398576512,33.8,19.979989989987484,0.00046833333333333335,0.0008077136456277889,0,0,0.0,6,1,benign,0
1e-06,2,566.0,2000000.0,566000000.0,283.0,0.0,1e-06,0.0,0,0,0.0,17,3,dns_amplification,1
0.000272,4,0.0,14705.882352941177,0.0,0.0,0.0,9.066666666666668e-05,7.639589866827494e-05,0,0,3.0,6,1,benign,0
0.032214,2,0.0,62.08480784751971,0.0,0.0,0.0,0.032214,0.0,0,0,1.0,6,1,benign,0
0.027499,192,84480.0,6982.072075348195,3072111.7131532063,440.0,0.0,0.00014397382198952876,0.0007858859260635661,0,0,0.0,17,4,icmp_flood,1
0.000128,3,0.0,23437.5,0.0,0.0,0.0,6.4e-05,8.62670273047588e-05,0,0,2.0,6,1,benign,0
1e-06,2,0.0,2000000.0,0.0,0.0,0.0,1e-06,0.0,0,1,0.0,6,1,syn_flood,1
2e-06,2,750.0,1000000.0,375000000.0,375.0,0.0,2e-06,0.0,0,0,0.0,17,8,pulsed_mixed_flood,1
1e-06,2,2944.0,2000000.0,2944000000.0,1472.0,0.0,1e-06,0.0,0,0,0.0,17,3,dns_amplification,1
1e-06,2,2928.0,2000000.0,2928000000.0,1464.0,0.0,1e-06,0.0,0,0,0.0,17,6,slowloris_low_rate,1
0.000744,8,3376.0,10752.688172043012,4537634.408602151,424.0,31.74901573277509,0.00010628571428571428,0.00012026736088913773,0,0,0.0,17,4,icmp_flood,1
0.020677,4,256.0,193.45166126614112,12380.906321033031,61.2,15.336231610144653,0.006892333333333334,0.011932675363611185,0,0,1.0,17,1,benign,0
0.054819,2,0.0,36.483700906619966,0.0,0.0,0.0,0.054819,0.0,0,0,1.0,6,1,benign,0
0.000144,3,0.0,20833.33333333333,0.0,0.0,0.0,7.2e-05,9.899494936611665e-05,0,0,2.0,6,1,benign,0
0.225303,4,410.0,17.75386923387616,1819.7715964723056,91.4,60.79720388307344,0.075101,0.1300744175731723,0,0,1.0,17,1,benign,0
0.020745,4,344.0,192.8175463967221,16582.3089901181,78.0,43.81780460041328,0.006915,0.011971935181916079,0,0,1.0,17,1,benign,0
0.000203,2,0.0,9852.216748768473,0.0,0.0,0.0,0.000203,0.0,0,0,1.0,6,1,http_get_flood,1
1e-06,2,802.0,2000000.0,802000000.0,401.0,0.0,1e-06,0.0,0,0,0.0,17,8,pulsed_mixed_flood,1
1e-06,2,2944.0,2000000.0,2944000000.0,1472.0,0.0,1e-06,0.0,0,0,0.0,17,6,slowloris_low_rate,1
0.044478,4,132.0,89.93210126354603,2967.759341697019,31.4,8.763560920082657,0.014826,0.02567505515086579,0,0,1.0,17,1,benign,0
60.791245,54,12656.0,0.8882858049707649,208.1878731057408,230.10909090909087,614.7575153616283,1.1470046226415092,3.1971755463724683,0,1,1.0,6,1,benign,0
0.020851,4,504.0,191.8373219509856,24171.50256582418,107.4,101.87639569596092,0.0069503333333333335,0.012033134310450179,0,0,1.0,17,1,benign,0
0.000422,46,19808.0,109004.73933649289,46938388.62559242,430.80851063829766,44.070417119933005,9.377777777777776e-06,2.6648630264039746e-05,0,0,0.0,17,4,icmp_flood,1
0.02056,4,276.0,194.5525291828794,13424.12451361868,64.6,24.099792530227308,0.006853333333333334,0.011865125382116001,0,0,1.0,17,1,benign,0
1e-06,2,2896.0,2000000.0,2896000000.0,1448.0,0.0,1e-06,0.0,0,0,0.0,17,3,dns_amplification,1
0.000231,3,0.0,12987.012987012988,0.0,0.0,0.0,0.0001155,0.0001590990257669732,0,0,2.0,6,1,benign,0
29.440708,6,0.0,0.2037994466709156,0.0,0.0,0.0,5.8881416,8.390992817681726,0,1,0.0,6,0,udp_flood,1
1e-06,2,2944.0,2000000.0,2944000000.0,1472.0,0.0,1e-06,0.0,0,0,0.0,17,6,slowloris_low_rate,1
0.000238,5,0.0,21008.40336134453,0.0,0.0,0.0,5.95e-05,7.272551134230681e-05,0,0,0.0,6,1,benign,0
0.020617,4,280.0,194.014648105932,13581.02536741524,64.6,29.57701810527897,0.006872333333333334,0.011899766398267377,0,0,1.0,17,1,benign,0
0.00073,4,123.0,5479.452054794521,168493.15068493152,33.8,19.979989989987484,0.00024333333333333328,0.0004180015948932891,0,0,0.0,6,1,benign,0
0.23149,4,410.0,17.2793641194004,1771.1348222385416,91.4,60.79720388307344,0.07716333333333335,0.13364561766228375,0,0,1.0,17,1,benign,0
1e-06,2,0.0,2000000.0,0.0,0.0,0.0,1e-06,0.0,0,1,0.0,6,1,syn_flood,1
1e-06,2,2944.0,2000000.0,2944000000.0,1472.0,0.0,1e-06,0.0,0,0,0.0,17,3,dns_amplification,1
0.000165,3,0.0,18181.81818181818,0.0,0.0,0.0,8.25e-05,0.00011242997820866104,0,0,0.0,6,1,benign,0
0.0001,3,0.0,30000.0,0.0,0.0,0.0,5e-05,6.788225099390856e-05,0,0,2.0,6,1,http_get_flood,1
5.024365,15,3048.0,2.9854518929257723,606.643824642517,190.5,376.72412541097856,0.3588832142857143,1.3372231852712937,0,1,0.0,6,1,http_get_flood,1
3e-06,3,0.0,1000000.0,0.0,0.0,0.0,1.5e-06,7.071067811865476e-07,0,0,0.0,6,1,benign,0
1e-06,2,0.0,2000000.0,0.0,0.0,0.0,1e-06,0.0,0,1,0.0,6,0,udp_flood,1
2e-06,2,2944.0,1000000.0,1472000000.0,1472.0,0.0,2e-06,0.0,0,0,0.0,17,3,dns_amplification,1
63.748153,86,38090.0,1.3490586935122653,597.5075073939789,437.8160919540232,736.8412079848341,0.7499782705882351,2.455327525841126,0,1,0.0,6,1,benign,0
1e-06,2,0.0,2000000.0,0.0,0.0,0.0,1e-06,0.0,0,1,0.0,6,1,syn_flood,1
2e-06,2,766.0,1000000.0,383000000.0,383.0,0.0,2e-06,0.0,0,0,0.0,17,8,pulsed_mixed_flood,1
0.000813,122,53680.0,150061.50061500614,66027060.270602696,440.0,0.0,6.7190082644628085e-06,1.840888514662411e-05,0,0,0.0,17,4,icmp_flood,1
1e-06,2,0.0,2000000.0,0.0,0.0,0.0,1e-06,0.0,0,1,0.0,6,0,udp_flood,1
0.048678,4,212.0,82.17264472657051,4355.150170508238,51.4,8.763560920082657,0.016226,0.028099060251189894,0,0,1.0,17,1,benign,0
2e-06,2,2944.0,1000000.0,1472000000.0,1472.0,0.0,2e-06,0.0,0,0,0.0,17,6,slowloris_low_rate,1
0.000834,4,123.0,4796.1630695443655,147482.01438848922,33.8,19.979989989987484,0.000278,0.00047804602288901017,0,0,0.0,6,1,benign,0
0.040834,2,0.0,48.97879218298476,0.0,0.0,0.0,0.040834,0.0,0,0,1.0,6,1,benign,0
1e-06,2,0.0,2000000.0,0.0,0.0,0.0,1e-06,0.0,0,1,0.0,6,1,syn_flood,1
0.000117,3,0.0,25641.02564102564,0.0,0.0,0.0,5.85e-05,7.848885271170676e-05,0,0,2.0,6,1,http_get_flood,1
0.10845,4,1438.0,36.88335638543107,13259.566620562471,353.6,32.3156308928048,0.03615,0.06261190464280736,0,0,0.0,17,8,pulsed_mixed_flood,1
7.315126,10,0.0,1.3670304516969358,0.0,0.0,0.0,0.812791777777778,1.4580038540593587,0,1,4.0,6,1,benign,0
5.2e-05,4,0.0,76923.07692307692,0.0,0.0,0.0,1.7333333333333336e-05,2.7465129406819355e-05,0,1,1.0,6,0,udp_flood,1
1e-06,2,2944.0,2000000.0,2944000000.0,1472.0,0.0,1e-06,0.0,0,0,0.0,17,3,dns_amplification,1
0.020605,4,330.0,194.1276389225916,16015.530211113808,75.0,41.07919181288746,0.006868333333333334,0.011891972180144608,0,0,1.0,17,1,benign,0
1e-06,2,0.0,2000000.0,0.0,0.0,0.0,1e-06,0.0,0,1,0.0,6,1,syn_flood,1
5.2e-05,6,2640.0,115384.6153846154,50769230.76923078,440.0,0.0,1.04e-05,1.9919839356781972e-05,0,0,0.0,17,4,icmp_flood,1
0.000169,3,0.0,17751.47928994083,0.0,0.0,0.0,8.45e-05,0.00011667261889578037,0,0,2.0,6,1,benign,0
0.202257,24,9364.0,118.66091161245346,46297.53234745894,390.92,30.226809292414565,0.00879378260869565,0.04188357575899752,0,0,0.0,17,8,pulsed_mixed_flood,1
2e-06,2,2944.0,1000000.0,1472000000.0,1472.0,0.0,2e-06,0.0,0,0,0.0,17,6,slowloris_low_rate,1
1e-06,2,750.0,2000000.0,750000000.0,375.0,0.0,1e-06,0.0,0,0,0.0,17,8,pulsed_mixed_flood,1
0.000159,3,0.0,18867.924528301886,0.0,0.0,0.0,7.95e-05,0.00011101576464628796,0,0,2.0,6,1,benign,0
0.065675,4,204.0,60.90597639893414,3106.2047963456416,49.4,8.763560920082657,0.021891666666666663,0.03791401484060128,0,0,1.0,17,1,benign,0
2.4e-05,2,2944.0,83333.33333333331,122666666.66666666,1472.0,0.0,2.4e-05,0.0,0,0,0.0,17,6,slowloris_low_rate,1
0.028062,2,0.0,71.27075760815337,0.0,0.0,0.0,0.028062,0.0,0,0,1.0,6,1,benign,0
1e-06,2,2944.0,2000000.0,2944000000.0,1472.0,0.0,1e-06,0.0,0,0,0.0,17,6,slowloris_low_rate,1
5.069051,7,0.0,1.3809290930393086,0.0,0.0,0.0,0.8448418333333333,2.0425793015307305,0,1,0.0,6,1,benign,0
1e-06,2,0.0,2000000.0,0.0,0.0,0.0,1e-06,0.0,0,1,0.0,6,0,udp_flood,1
0.055446,4,316.0,72.14226454568409,5699.238899109043,69.4,52.58136552049595,0.018482,0.03200656687306528,0,0,1.0,17,1,benign,0
7.9e-05,3,0.0,37974.6835443038,0.0,0.0,0.0,3.95e-05,5.444722215136415e-05,0,0,2.0,6,1,benign,0
0.000157,3,0.0,19108.280254777063,0.0,0.0,0.0,7.85e-05,0.0001081873375215418,0,0,2.0,6,1,benign,0
2e-06,2,0.0,1000000.0,0.0,0.0,0.0,2e-06,0.0,0,1,0.0,6,1,syn_flood,1
1e-06,2,968.0,2000000.0,968000000.0,484.0,0.0,1e-06,0.0,0,0,0.0,17,8,pulsed_mixed_flood,1
1e-06,2,2896.0,2000000.0,2896000000.0,1448.0,0.0,1e-06,0.0,0,0,0.0,17,3,dns_amplification,1
2e-06,2,802.0,1000000.0,401000000.0,401.0,0.0,2e-06,0.0,0,0,0.0,17,8,pulsed_mixed_flood,1
1e-06,2,0.0,2000000.0,0.0,0.0,0.0,1e-06,0.0,0,1,0.0,6,1,syn_flood,1
0.106219,4,456.0,37.65804611227747,4293.017256799632,97.6,89.82649943084725,0.03540633333333333,0.06132123811807238,0,0,1.0,17,1,benign,0
0.020832,4,330.0,192.0122887864824,15841.013824884792,74.4,44.36552715791847,0.006944,0.012023030691136076,0,0,1.0,17,1,benign,0
1e-06,2,0.0,2000000.0,0.0,0.0,0.0,1e-06,0.0,0,1,0.0,6,0,udp_flood,1
115.718106,76,13215.0,0.6567684403683551,114.19993341405016,171.62337662337669,524.298705514555,1.5429080800000003,3.573879213750272,0,1,0.0,6,1,benign,0
1e-06,2,31.0,2000000.0,31000000.0,20.666666666666664,17.8978583448784,1e-06,0.0,0,0,0.0,6,1,benign,0
1e-06,2,2848.0,2000000.0,2848000000.0,1424.0,0.0,1e-06,0.0,0,0,0.0,17,6,slowloris_low_rate,1
0.222801,27,10544.0,121.18437529454536,47324.74270761801,376.57142857142856,727.0145664938083,0.008569269230769231,0.021597991329857857,0,1,1.0,6,1,benign,0
117.814751,67,12936.0,0.5686893995133088,109.79949361349496,190.2352941176471,485.11122336454,1.7850719848484846,10.099253118354456,0,1,0.0,6,1,benign,0
0.000113,4,0.0,35398.230088495584,0.0,0.0,0.0,3.766666666666667e-05,6.524058041842771e-05,0,1,1.0,6,0,udp_flood,1
0.000308,50,22000.0,162337.66233766233,71428571.42857143,440.0,0.0,6.2857142857142875e-06,1.4520101009749669e-05,0,0,0.0,17,4,icmp_flood,1
1e-06,2,2928.0,2000000.0,2928000000.0,1464.0,0.0,1e-06,0.0,0,0,0.0,17,6,slowloris_low_rate,1
0.020639,4,232.0,193.80783952710885,11240.854692572311,56.4,8.763560920082657,0.006879666666666666,0.011911602089279737,0,0,1.0,17,1,benign,0
0.021016,4,0.0,190.3311762466692,0.0,0.0,0.0,0.007005333333333334,0.012130995191382004,0,0,3.0,6,1,benign,0
1e-06,2,31.0,2000000.0,31000000.0,20.666666666666664,17.8978583448784,1e-06,0.0,0,0,0.0,6,1,benign,0
4.6e-05,2,766.0,43478.260869565216,16652173.91304348,383.0,0.0,4.6e-05,0.0,0,0,0.0,17,8,pulsed_mixed_flood,1
115.269164,39,0.0,0.3383385343195514,0.0,0.0,0.0,3.0333990526315797,4.528603412189177,0,0,0.0,17,1,benign,0
0.000103,20,8800.0,194174.7572815534,85436893.2038835,440.0,0.0,5.421052631578947e-06,1.4322925637955724e-05,0,0,0.0,17,4,icmp_flood,1
0.044768,4,496.0,89.34953538241602,11079.342387419583,115.8,44.913249715423625,0.014922666666666667,0.025844218779706482,0,0,1.0,17,1,benign,0
0.000948,6,2640.0,6329.113924050634,2784810.1265822784,440.0,0.0,0.0001896,0.00042004737828011735,0,0,0.0,17,4,icmp_flood,1
5.570487,7,0.0,1.2566226256339883,0.0,0.0,0.0,0.9284145,2.2473037499429185,0,1,0.0,6,1,benign,0
30.072519,1367,1583760.0,45.45678398274518,52664.69363607351,1157.719298245613,1082.494337127267,0.02201502122986823,0.7507649306897289,0,1,1.0,6,1,benign,0
14.483098,4,0.0,0.2761840042786426,0.0,0.0,0.0,4.827699333333334,8.361778093790837,0,1,0.0,6,0,udp_flood,1
0.020626,4,160.0,193.9299912731504,7757.199650926015,38.4,8.763560920082657,0.006875333333333334,0.011904096535786885,0,0,1.0,17,1,benign,0
1e-06,2,2944.0,2000000.0,2944000000.0,1472.0,0.0,1e-06,0.0,0,0,0.0,17,6,slowloris_low_rate,1
2e-06,2,2944.0,1000000.0,1472000000.0,1472.0,0.0,2e-06,0.0,0,0,0.0,17,6,slowloris_low_rate,1
0.020557,4,204.0,194.58092134066257,9923.626988373791,49.4,8.763560920082657,0.0068523333333333335,0.01186425936724806,0,0,1.0,17,1,benign,0
0.000163,3,0.0,18404.907975460126,0.0,0.0,0.0,8.15e-05,0.00011384419177103415,0,0,2.0,6,1,benign,0
0.108479,4,1438.0,36.87349625273094,13256.021902856775,353.6,32.3156308928048,0.03615966666666667,0.06262778177720597,0,0,0.0,17,8,pulsed_mixed_flood,1
1e-06,2,0.0,2000000.0,0.0,0.0,0.0,1e-06,0.0,0,1,0.0,6,0,udp_flood,1
0.121712,2,0.0,16.43223346917313,0.0,0.0,0.0,0.121712,0.0,0,0,1.0,6,1,benign,0
5.665713,21,6098.0,3.706506136120909,1076.2987818126333,277.18181818181813,421.48779978543314,0.28328565,1.120427708067033,0,1,0.0,6,1,http_get_flood,1
0.108284,6,400.0,55.409848177016,3693.989878467733,67.71428571428571,51.77423518094139,0.0216568,0.02965140143736886,0,0,0.0,6,1,benign,0
1e-06,2,802.0,2000000.0,802000000.0,401.0,0.0,1e-06,0.0,0,0,0.0,17,8,pulsed_mixed_flood,1
1e-06,2,2944.0,2000000.0,2944000000.0,1472.0,0.0,1e-06,0.0,0,0,0.0,17,6,slowloris_low_rate,1
1e-06,2,0.0,2000000.0,0.0,0.0,0.0,1e-06,0.0,0,1,0.0,6,1,syn_flood,1
0.032165,2,0.0,62.1793875330328,0.0,0.0,0.0,0.032165,0.0,0,0,1.0,6,1,benign,0
0.020595,4,260.0,194.22189851905804,12624.423403738772,59.4,30.672463220289305,0.006865,0.011887064692345206,0,0,1.0,17,1,benign,0
0.021733,4,298.0,184.0519026365435,13711.866746422493,68.2,34.50652112282547,0.0072443333333333335,0.012544955334050945,0,0,1.0,17,1,benign,0
0.020705,4,464.0,193.1900507123883,22410.04588263704,108.2,42.72235948540296,0.006901666666666666,0.011948841171148496,0,0,1.0,17,1,benign,0
0.000167,3,0.0,17964.071856287424,0.0,0.0,0.0,8.35e-05,0.00011525840533340723,0,0,2.0,6,1,benign,0
1e-06,2,2944.0,2000000.0,2944000000.0,1472.0,0.0,1e-06,0.0,0,0,0.0,17,3,dns_amplification,1
0.054715,2,0.0,36.55304761034451,0.0,0.0,0.0,0.054715,0.0,0,0,1.0,6,1,benign,0
0.001851,66,29040.0,35656.40194489465,15688816.855753647,440.0,0.0,2.847692307692307e-05,5.1697771860928535e-05,0,0,0.0,17,4,icmp_flood,1
4.8e-05,2,768.0,41666.66666666666,16000000.0,384.0,0.0,4.8e-05,0.0,0,0,0.0,17,8,pulsed_mixed_flood,1
7.199803,10,0.0,1.3889268914718915,0.0,0.0,0.0,0.7999781111111112,1.429598156209503,0,1,4.0,6,1,benign,0
0.212427,6,2088.0,28.2449971048878,9829.258992500952,344.1428571428572,33.61759743263722,0.0424854,0.05822165809043918,0,0,0.0,17,8,pulsed_mixed_flood,1
115.865964,63,4050.0,0.5437317209046826,34.954182058158175,63.28125000000001,203.478049106664,1.8688058709677415,3.862300931484229,0,1,0.0,6,1,benign,0
0.001795,62,27280.0,34540.38997214485,15197771.587743731,440.0,0.0,2.942622950819673e-05,4.086704418656245e-05,0,0,0.0,17,4,icmp_flood,1
1e-06,2,0.0,2000000.0,0.0,0.0,0.0,1e-06,0.0,0,1,0.0,6,0,udp_flood,1
0.001301,104,45760.0,79938.50883935434,35172943.88931591,440.0,0.0,1.2631067961165051e-05,3.325333251507406e-05,0,0,0.0,17,4,icmp_flood,1
1e-06,2,0.0,2000000.0,0.0,0.0,0.0,1e-06,0.0,0,1,0.0,6,1,syn_flood,1
0.000144,3,0.0,20833.33333333333,0.0,0.0,0.0,7.2e-05,9.899494936611665e-05,0,0,2.0,6,1,benign,0
2e-06,2,2796.0,1000000.0,1398000000.0,1398.0,0.0,2e-06,0.0,0,0,0.0,17,3,dns_amplification,1
4.9e-05,2,0.0,40816.32653061225,0.0,0.0,0.0,4.9e-05,0.0,0,1,0.0,6,1,syn_flood,1
0.015663,8,62.0,510.7578369405605,3958.373236289344,6.888888888888888,13.669715107167056,0.0022375714285714295,0.005846274564687696,0,0,0.0,6,1,benign,0
0.000227,3,0.0,13215.859030837008,0.0,0.0,0.0,0.0001135,0.0001576848122046001,0,0,2.0,6,1,benign,0
1e-06,2,0.0,2000000.0,0.0,0.0,0.0,1e-06,0.0,0,1,0.0,6,0,udp_flood,1
7.109528,10,0.0,1.4065631361181783,0.0,0.0,0.0,0.7899475555555555,1.4018572596142869,0,1,4.0,6,1,benign,0
0.215546,6,2088.0,27.83628552605941,9687.027363068672,344.1428571428572,33.61759743263722,0.0431092,0.059047610177720145,0,0,0.0,17,8,pulsed_mixed_flood,1
0.000115,3,0.0,26086.95652173913,0.0,0.0,0.0,5.75e-05,7.848885271170676e-05,0,0,2.0,6,1,http_get_flood,1
115.995251,71,13556.0,0.6120940244355348,116.86685345419876,208.5555555555556,599.0644087944082,1.6570750142857147,3.6906663422532007,0,0,1.0,6,1,benign,0
0.024081,12,5280.0,498.3181761554752,219259.9975084091,440.0,0.0,0.002189181818181818,0.002789459869515309,0,0,0.0,17,4,icmp_flood,1
0.021592,4,264.0,185.2537977028529,12226.750648388292,60.4,30.672463220289305,0.007197333333333334,0.01246441496153483,0,0,1.0,17,1,benign,0
0.000355,20,8224.0,56338.02816901408,23166197.18309859,412.5714285714286,86.6282698826263,1.8684210526315787e-05,3.472279531690793e-05,0,0,0.0,17,4,icmp_flood,1
0.000103,4,0.0,38834.951456310686,0.0,0.0,0.0,3.4333333333333325e-05,5.6871199506721614e-05,0,1,1.0,6,0,udp_flood,1
0.042764,14,1676.0,327.3781685529885,39191.84360677205,111.73333333333336,191.91793881264783,0.003289538461538462,0.0076992857094601574,0,1,0.0,6,1,benign,0
0.021001,4,62.0,190.46712061330413,2952.240369506214,12.4,16.97939928266015,0.007000333333333334,0.012121468942885318,0,0,3.0,6,1,benign,0
1e-06,2,2944.0,2000000.0,2944000000.0,1472.0,0.0,1e-06,0.0,0,0,0.0,17,6,slowloris_low_rate,1
1e-06,2,2944.0,2000000.0,2944000000.0,1472.0,0.0,1e-06,0.0,0,0,0.0,17,6,slowloris_low_rate,1
0.107803,4,1398.0,37.10471879261245,12968.099218018053,345.6,21.36117974270148,0.035934333333333325,0.06223922504605383,0,0,0.0,17,8,pulsed_mixed_flood,1
4.6e-05,2,2944.0,43478.260869565216,64000000.0,1472.0,0.0,4.6e-05,0.0,0,0,0.0,17,3,dns_amplification,1
1e-06,2,2944.0,2000000.0,2944000000.0,1472.0,0.0,1e-06,0.0,0,0,0.0,17,6,slowloris_low_rate,1
0.040695,5,76.0,122.86521685710774,1867.5512962280372,12.666666666666664,19.623115620784247,0.01017375,0.01943113857317682,1,0,1.0,6,1,benign,0
1e-06,2,0.0,2000000.0,0.0,0.0,0.0,1e-06,0.0,0,1,0.0,6,0,udp_flood,1
1e-06,2,0.0,2000000.0,0.0,0.0,0.0,1e-06,0.0,0,1,0.0,6,0,udp_flood,1
0.000188,3,0.0,15957.44680851064,0.0,0.0,0.0,9.4e-05,0.00013010764773832475,0,0,2.0,6,1,benign,0
0.107688,2,0.0,18.572171458286903,0.0,0.0,0.0,0.107688,0.0,0,0,1.0,6,1,benign,0
4.8e-05,2,660.0,41666.66666666666,13750000.0,330.0,0.0,4.8e-05,0.0,0,0,0.0,17,8,pulsed_mixed_flood,1
0.019177,200,88000.0,10429.159931167544,4588830.36971372,440.0,0.0,9.636683417085428e-05,0.0004996628167170576,0,0,0.0,17,4,icmp_flood,1
0.091264,2,0.0,21.91444600280505,0.0,0.0,0.0,0.091264,0.0,0,0,1.0,6,1,benign,0
2e-06,2,2944.0,1000000.0,1472000000.0,1472.0,0.0,2e-06,0.0,0,0,0.0,17,6,slowloris_low_rate,1
0.02075,4,392.0,192.77108433734932,18891.566265060243,96.4,8.763560920082657,0.0069166666666666664,0.011974821933262028,0,0,1.0,17,1,benign,0
5.1e-05,4,0.0,78431.37254901961,0.0,0.0,0.0,1.7e-05,2.7712812921102038e-05,0,1,1.0,6,1,syn_flood,1
1e-06,2,2944.0,2000000.0,2944000000.0,1472.0,0.0,1e-06,0.0,0,0,0.0,17,3,dns_amplification,1
0.000875,4,1760.0,4571.428571428572,2011428.571428572,440.0,0.0,0.00029166666666666664,0.0005034494347333537,0,0,0.0,17,4,icmp_flood,1
2e-06,2,2944.0,1000000.0,1472000000.0,1472.0,0.0,2e-06,0.0,0,0,0.0,17,6,slowloris_low_rate,1
5.043289,7,0.0,1.3879831197458643,0.0,0.0,0.0,0.8405481666666665,2.038808184270253,0,1,0.0,6,1,benign,0
1e-06,2,0.0,2000000.0,0.0,0.0,0.0,1e-06,0.0,0,1,0.0,6,1,syn_flood,1
0.020878,4,230.0,191.5892326851231,11016.380879394575,53.6,21.36117974270148,0.006959333333333334,0.012050454860018081,0,0,1.0,17,1,benign,0
0.02058,4,156.0,194.3634596695821,7580.174927113702,37.4,8.763560920082657,0.00686,0.011876672429599127,0,0,1.0,17,1,benign,0
0.520134,28,16278.0,53.83228168125906,31295.78147169768,561.3103448275863,858.5272315944104,0.019264222222222217,0.04404101232796306,0,1,0.0,6,1,benign,0
1e-06,2,2944.0,2000000.0,2944000000.0,1472.0,0.0,1e-06,0.0,0,0,0.0,17,6,slowloris_low_rate,1
0.141193,4,536.0,28.330016360584445,3796.222192318316,117.6,89.82649943084725,0.047064333333333326,0.08151435246220959,0,0,1.0,17,1,benign,0
6.035324,23,8737.0,3.8108973105669217,1447.6439044531824,364.04166666666674,821.8683634768149,0.2743329090909091,1.2149521764420315,0,1,0.0,6,1,benign,0
0.106702,4,1438.0,37.48758223838353,13476.78581469888,353.6,32.3156308928048,0.035567333333333326,0.061602696372263885,0,0,0.0,17,8,pulsed_mixed_flood,1
5e-05,2,2944.0,40000.0,58880000.0,1472.0,0.0,5e-05,0.0,0,0,0.0,17,6,slowloris_low_rate,1
3e-06,3,0.0,1000000.0,0.0,0.0,0.0,1.5e-06,7.071067811865476e-07,0,0,0.0,6,1,benign,0
0.020804,4,300.0,192.27071716977505,14420.303787733128,69.4,30.672463220289305,0.006934666666666666,0.012009462949413406,0,0,1.0,17,1,benign,0
0.000106,3,0.0,28301.88679245283,0.0,0.0,0.0,5.3e-05,7.212489168102785e-05,0,0,2.0,6,1,http_get_flood,1
0.054605,2,0.0,36.62668253822911,0.0,0.0,0.0,0.054605,0.0,0,0,1.0,6,1,benign,0
0.000119,3,0.0,25210.08403361344,0.0,0.0,0.0,5.95e-05,7.990306627407988e-05,0,0,2.0,6,1,http_get_flood,1
0.020652,4,212.0,193.6858415649816,10265.349602944025,51.4,8.763560920082657,0.006884,0.011918241648833943,0,0,1.0,17,1,benign,0
9.7e-05,3,0.0,30927.8350515464,0.0,0.0,0.0,4.85e-05,6.576093065034892e-05,0,0,2.0,6,1,benign,0
29.982553,7,0.0,0.2334691111860954,0.0,0.0,0.0,4.997092166666667,12.240178057068327,0,1,0.0,6,1,http_get_flood,1
1e-06,2,802.0,2000000.0,802000000.0,401.0,0.0,1e-06,0.0,0,0,0.0,17,8,pulsed_mixed_flood,1
0.020627,4,212.0,193.92058951859207,10277.791244485385,51.4,8.763560920082657,0.006875666666666666,0.011904673886055568,0,0,1.0,17,1,benign,0
2e-06,2,2896.0,1000000.0,1448000000.0,1448.0,0.0,2e-06,0.0,0,0,0.0,17,3,dns_amplification,1
1e-06,2,2944.0,2000000.0,2944000000.0,1472.0,0.0,1e-06,0.0,0,0,0.0,17,6,slowloris_low_rate,1
0.020622,4,262.0,193.96760740956265,12704.87828532635,61.4,22.456624857711805,0.006874,0.011901787134712164,0,0,1.0,17,1,benign,0
0.041128,4,0.0,97.25734292939116,0.0,0.0,0.0,0.013709333333333332,0.023741797790675697,0,0,3.0,6,1,benign,0
0.02061,4,338.0,194.0805434255216,16399.805919456576,76.0,46.55641738793912,0.00687,0.011893992895575481,0,0,1.0,17,1,benign,0
1e-06,2,2944.0,2000000.0,2944000000.0,1472.0,0.0,1e-06,0.0,0,0,0.0,17,3,dns_amplification,1
1e-06,2,0.0,2000000.0,0.0,0.0,0.0,1e-06,0.0,0,1,0.0,6,1,syn_flood,1
1e-06,2,2944.0,2000000.0,2944000000.0,1472.0,0.0,1e-06,0.0,0,0,0.0,17,6,slowloris_low_rate,1
0.17147,2,0.0,11.663847903423338,0.0,0.0,0.0,0.17147,0.0,0,0,1.0,6,1,benign,0
0.000269,56,24640.0,208178.43866171004,91598513.01115242,440.0,0.0,4.890909090909092e-06,1.2251489293101876e-05,0,0,0.0,17,4,icmp_flood,1
0.13036,36,16532.0,276.15833077631174,126818.0423442774,446.8108108108108,840.2914123431572,0.003724571428571429,0.010901340368979228,0,1,0.0,6,1,benign,0
4.7e-05,2,0.0,42553.191489361714,0.0,0.0,0.0,4.7e-05,0.0,0,1,0.0,6,1,syn_flood,1
0.000164,3,0.0,18292.682926829268,0.0,0.0,0.0,8.2e-05,0.00011172287142747452,0,0,2.0,6,1,benign,0
0.000342,4,123.0,11695.906432748538,359649.1228070175,33.8,19.979989989987484,0.000114,0.0001957217412552831,0,0,0.0,6,1,benign,0
1e-06,2,2896.0,2000000.0,2896000000.0,1448.0,0.0,1e-06,0.0,0,0,0.0,17,3,dns_amplification,1
116.274512,61,11964.0,0.5246205634473013,102.8944331325166,192.9677419354839,445.73626576092016,1.9379085333333328,10.49342411794331,0,1,0.0,6,1,benign,0
1e-06,2,0.0,2000000.0,0.0,0.0,0.0,1e-06,0.0,0,1,0.0,6,0,udp_flood,1
0.047002,4,200.0,85.10276158461342,4255.138079230671,48.4,8.763560920082657,0.01566733333333333,0.02713142120002809,0,0,1.0,17,1,benign,0
0.000817,4,123.0,4895.960832313343,150550.79559363527,33.8,19.979989989987484,0.00027233333333333336,0.0004682321361604022,0,0,0.0,6,1,benign,0
7.198922,10,0.0,1.3890968675587818,0.0,0.0,0.0,0.799880222222222,1.4295769525997697,0,1,4.0,6,1,benign,0
0.627299,713,1806802.0,1136.6190604480478,2880288.3473431333,2530.5350140056,2825.3637364970964,0.0008810379213483149,0.01283202787606316,0,1,4.0,6,1,benign,0
0.108783,4,1398.0,36.77045126536315,12851.27271724442,345.6,21.36117974270148,0.036261,0.06280416228244749,0,0,0.0,17,8,pulsed_mixed_flood,1
2e-06,2,2944.0,1000000.0,1472000000.0,1472.0,0.0,2e-06,0.0,0,0,0.0,17,0,udp_flood,1
5.055352,7,0.0,1.384671136648843,0.0,0.0,0.0,0.8425586666666668,2.0441176499826685,0,1,0.0,6,1,benign,0
1e-06,2,0.0,2000000.0,0.0,0.0,0.0,1e-06,0.0,0,1,0.0,6,0,udp_flood,1
114.455175,52,0.0,0.4543263334314066,0.0,0.0,0.0,2.2442191176470603,4.089250740069064,0,0,0.0,17,1,benign,0
0.00016,3,0.0,18750.0,0.0,0.0,0.0,8e-05,0.0001103086578651014,0,0,2.0,6,1,benign,0
1e-06,2,2944.0,2000000.0,2944000000.0,1472.0,0.0,1e-06,0.0,0,0,0.0,17,6,slowloris_low_rate,1
53.755703,10,307.0,0.1860267737545912,5.7110219542659495,32.09090909090909,21.082953044839545,5.97285588888889,17.894831834140906,0,0,0.0,6,1,benign,0
1e-06,3,0.0,3000000.0,0.0,0.0,0.0,5e-07,7.071067811865476e-07,0,0,2.0,6,1,benign,0
0.020558,4,226.0,194.5714563673509,10993.287284755326,52.0,24.647515087732486,0.006852666666666666,0.011860506622119196,0,0,1.0,17,1,benign,0
0.020959,4,300.0,190.8488000381697,14313.660002862733,69.4,30.672463220289305,0.006986333333333334,0.012098952241137797,0,0,1.0,17,1,benign,0
1e-06,2,750.0,2000000.0,750000000.0,375.0,0.0,1e-06,0.0,0,0,0.0,17,8,pulsed_mixed_flood,1
0.025506,2,0.0,78.4129224496197,0.0,0.0,0.0,0.025506,0.0,0,0,1.0,6,1,benign,0
0.288576,37,34302.0,128.21579064094036,118866.43379906852,902.684210526316,1166.5663198733596,0.008016,0.01988809018483173,0,1,0.0,6,1,benign,0
1e-06,2,2944.0,2000000.0,2944000000.0,1472.0,0.0,1e-06,0.0,0,0,0.0,17,6,slowloris_low_rate,1
0.001568,8,3232.0,5102.040816326531,2061224.4897959183,408.0,63.49803146555018,0.000224,0.0003434215097126756,0,0,0.0,17,4,icmp_flood,1
0.124327,6,400.0,48.259830929725645,3217.3220619817102,67.71428571428571,51.77423518094139,0.024865400000000003,0.036608138580102645,0,0,0.0,6,1,benign,0
0.003843,28,12032.0,7285.974499089253,3130887.327608639,430.0689655172413,37.13482292796917,0.00014233333333333334,0.0004532789088748442,0,0,0.0,17,4,icmp_flood,1
0.020594,4,280.0,194.2313295134505,13596.193065941536,63.6,35.05424368033063,0.0068646666666666665,0.01188562132718914,0,0,1.0,17,1,benign,0
0.000101,3,0.0,29702.970297029704,0.0,0.0,0.0,5.05e-05,6.85893577750951e-05,0,0,2.0,6,1,benign,0
0.000338,5,76.0,14792.899408284024,224852.0710059172,19.0,20.81345718519632,8.45e-05,9.470832416776609e-05,0,0,0.0,6,1,benign,0
4.9e-05,2,0.0,40816.32653061225,0.0,0.0,0.0,4.9e-05,0.0,0,1,0.0,6,1,syn_flood,1
0.175687,62,39934.0,352.90032842498306,227301.96315037532,633.8730158730159,1008.5587367875186,0.00288011475409836,0.009912965784093682,0,1,1.0,6,1,benign,0
0.02066,4,278.0,193.6108422071636,13455.953533397873,63.6,32.3156308928048,0.006886666666666666,0.011909873816851853,0,0,1.0,17,1,benign,0
0.020629,4,280.0,193.90178874400115,13573.12521208008,63.6,35.05424368033063,0.006876333333333334,0.011904962550690085,0,0,1.0,17,1,benign,0
2e-06,2,2944.0,1000000.0,1472000000.0,1472.0,0.0,2e-06,0.0,0,0,0.0,17,6,slowloris_low_rate,1
0.107857,4,1398.0,37.086141835949455,12961.606571664332,345.6,21.36117974270148,0.03595233333333333,0.062268669909781534,0,0,0.0,17,8,pulsed_mixed_flood,1
2e-06,2,2944.0,1000000.0,1472000000.0,1472.0,0.0,2e-06,0.0,0,0,0.0,17,6,slowloris_low_rate,1
0.054881,2,0.0,36.44248464860335,0.0,0.0,0.0,0.054881,0.0,0,0,1.0,6,1,benign,0
1e-06,2,31.0,2000000.0,31000000.0,20.666666666666664,17.8978583448784,1e-06,0.0,0,0,0.0,6,1,benign,0
117.257292,54,10776.0,0.4605257300330626,91.90046790437565,195.9272727272728,361.632300187249,2.212401735849056,11.241798969376937,0,1,0.0,6,1,benign,0
0.020643,4,132.0,193.7702853267451,6394.419415782591,31.4,8.763560920082657,0.006881,0.011913045454458735,0,0,1.0,17,1,benign,0
0.125918,32,16425.0,254.1336425292651,130442.03370447436,497.72727272727246,797.7249789529311,0.0040618709677419365,0.0113429466240536,0,1,1.0,6,1,benign,0
0.020536,4,160.0,194.7798987144527,7791.195948578106,38.4,8.763560920082657,0.006845333333333334,0.011851268975655447,0,0,1.0,17,1,benign,0
0.000951,40,16880.0,42060.98843322819,17749737.11882229,422.4390243902439,78.5105243838327,2.4384615384615396e-05,5.247335934829736e-05,0,0,0.0,17,4,icmp_flood,1
1e-06,2,0.0,2000000.0,0.0,0.0,0.0,1e-06,0.0,0,1,0.0,6,0,udp_flood,1
14.340164,12,0.0,0.8368105134641417,0.0,0.0,0.0,1.3036512727272727,2.5572830784258156,0,1,5.0,6,1,benign,0
0.107766,4,1438.0,37.11745819646272,13343.726221628343,353.6,32.3156308928048,0.035922,0.06221699705868164,0,0,0.0,17,8,pulsed_mixed_flood,1
1e-06,2,0.0,2000000.0,0.0,0.0,0.0,1e-06,0.0,0,1,0.0,6,1,syn_flood,1
0.000215,3,0.0,13953.488372093025,0.0,0.0,0.0,0.0001075,0.00014919953083036155,0,0,2.0,6,1,benign,0
1e-06,2,0.0,2000000.0,0.0,0.0,0.0,1e-06,0.0,0,1,0.0,6,1,syn_flood,1
0.000353,54,23760.0,152974.5042492918,67308781.86968838,440.0,0.0,6.6603773584905685e-06,1.4262569889569766e-05,0,0,0.0,17,4,icmp_flood,1
0.020643,4,224.0,193.7702853267451,10851.135978297729,53.2,15.336231610144653,0.006881,0.011915643541160504,0,0,1.0,17,1,benign,0
0.000196,3,0.0,15306.122448979591,0.0,0.0,0.0,9.8e-05,0.0001357645019878171,0,0,2.0,6,1,benign,0
1e-06,2,0.0,2000000.0,0.0,0.0,0.0,1e-06,0.0,0,1,0.0,6,0,udp_flood,1
0.107837,4,1398.0,37.093020020957546,12964.010497324663,345.6,21.36117974270148,0.035945666666666674,0.062257122904398124,0,0,0.0,17,8,pulsed_mixed_flood,1
0.046618,4,230.0,85.80376678536187,4933.7165901583085,53.6,21.36117974270148,0.015539333333333332,0.026911450747466835,0,0,1.0,17,1,benign,0
1e-06,2,802.0,2000000.0,802000000.0,401.0,0.0,1e-06,0.0,0,0,0.0,17,8,pulsed_mixed_flood,1
0.020811,4,282.0,192.20604488011148,13550.526164047858,63.0,41.07919181288746,0.006937,0.012010906335493591,0,0,1.0,17,1,benign,0
0.001832,4,123.0,2183.406113537118,67139.73799126637,33.8,19.979989989987484,0.0006106666666666667,0.0010542415915402567,0,0,0.0,6,1,benign,0
0.000125,3,0.0,24000.0,0.0,0.0,0.0,6.25e-05,8.838834764831844e-05,0,0,2.0,6,1,benign,0
0.107647,4,1398.0,37.15849025054112,12986.89234256412,345.6,21.36117974270148,0.03588233333333333,0.06214829237664808,0,0,0.0,17,8,pulsed_mixed_flood,1
1e-06,2,2896.0,2000000.0,2896000000.0,1448.0,0.0,1e-06,0.0,0,0,0.0,17,3,dns_amplification,1
0.000382,6,106.0,15706.806282722511,277486.9109947644,15.142857142857142,25.86135193313613,7.64e-05,0.00010229271723832543,0,0,5.0,6,1,benign,0
1e-06,2,2944.0,2000000.0,2944000000.0,1472.0,0.0,1e-06,0.0,0,0,0.0,17,6,slowloris_low_rate,1
115.177605,60,0.0,0.5209346035629062,0.0,0.0,0.0,1.95216279661017,3.7960645220378,0,0,0.0,17,1,benign,0
0.02059,4,314.0,194.26906265177269,15250.121418164155,70.8,42.17463692789779,0.006863333333333334,0.011885909991806824,0,0,1.0,17,1,benign,0
9.9e-05,4,0.0,40404.04040404041,0.0,0.0,0.0,3.3e-05,5.5425625842204075e-05,0,1,1.0,6,1,syn_flood,1
0.020592,4,262.0,194.25019425019423,12723.387723387725,61.6,21.36117974270148,0.006864,0.011884466626651784,0,0,1.0,17,1,benign,0
0.020618,4,276.0,194.00523814142983,13386.361431758654,65.8,17.527121840165314,0.006872666666666666,0.011898611697728998,0,0,1.0,17,1,benign,0
1e-06,2,880.0,2000000.0,880000000.0,440.0,0.0,1e-06,0.0,0,0,0.0,17,4,icmp_flood,1
1e-06,2,766.0,2000000.0,766000000.0,383.0,0.0,1e-06,0.0,0,0,0.0,17,0,udp_flood,1
4.8e-05,2,2944.0,41666.66666666666,61333333.33333333,1472.0,0.0,4.8e-05,0.0,0,0,0.0,17,6,slowloris_low_rate,1
0.00032,3,0.0,9375.0,0.0,0.0,0.0,0.00016,0.00022203152929257594,0,0,0.0,6,1,benign,0
0.020693,4,320.0,193.3020828299425,15464.1666263954,70.4,52.58136552049595,0.006897666666666666,0.011942779003788581,0,0,1.0,17,1,benign,0
0.003638,200,88000.0,54975.26113249038,24189114.89829577,440.0,0.0,1.8281407035175872e-05,4.4472795066653455e-05,0,0,0.0,17,4,icmp_flood,1
0.020642,4,644.0,193.77967251235344,31198.527274488908,137.0,131.45341380123986,0.006880666666666666,0.011912468104189554,0,0,1.0,17,1,benign,0
6.3e-05,3,0.0,47619.04761904762,0.0,0.0,0.0,3.15e-05,4.0305086527633204e-05,0,0,0.0,6,1,benign,0
0.00111,200,88000.0,180180.18018018012,79279279.27927928,440.0,0.0,5.577889447236181e-06,1.3845566462755684e-05,0,0,0.0,17,4,icmp_flood,1
1e-06,2,0.0,2000000.0,0.0,0.0,0.0,1e-06,0.0,0,1,0.0,6,0,udp_flood,1
1e-06,2,31.0,2000000.0,31000000.0,20.666666666666664,17.8978583448784,1e-06,0.0,0,0,0.0,6,1,benign,0
0.020944,4,62.0,190.98548510313216,2960.2750190985485,12.4,16.97939928266015,0.006981333333333334,0.01208942597203578,0,0,3.0,6,1,benign,0
0.020713,4,258.0,193.1154347511225,12455.9455414474,57.8,36.69741135284613,0.006904333333333334,0.011953459973302012,0,0,1.0,17,1,benign,0
6.054586,7,0.0,1.1561484137808928,0.0,0.0,0.0,1.0090976666666667,2.4448248264259482,0,1,0.0,6,1,benign,0
0.026467,4,0.0,151.13159783881815,0.0,0.0,0.0,0.008822333333333331,0.015279863557418744,0,0,3.0,6,1,benign,0
23.144889,28,13518.0,1.2097703298555462,584.0598328209741,466.1379310344828,917.3497823364376,0.8572181111111112,2.6940781281070665,0,1,1.0,6,1,benign,0
0.020607,4,176.0,194.1087979812685,8540.787111175814,42.4,8.763560920082657,0.006869,0.011892260844767912,0,0,1.0,17,1,benign,0
1e-06,2,0.0,2000000.0,0.0,0.0,0.0,1e-06,0.0,0,1,0.0,6,1,syn_flood,1
0.020653,4,486.0,193.6764634677771,23531.69031133492,103.4,99.13778290843506,0.006884333333333334,0.011919684993041272,0,0,1.0,17,1,benign,0
2e-06,2,2896.0,1000000.0,1448000000.0,1448.0,0.0,2e-06,0.0,0,0,0.0,17,6,slowloris_low_rate,1
0.090571,6,132.0,66.24637025096334,1457.4201455211933,23.28571428571429,16.007438746973087,0.0181142,0.040286912654111384,0,0,1.0,6,1,benign,0
0.02079,4,424.0,192.4001924001924,20394.420394420395,92.0,76.68115805072324,0.00693,0.011999647994837184,0,0,1.0,17,1,benign,0
0.000137,3,0.0,21897.810218978106,0.0,0.0,0.0,6.85e-05,9.404520189781085e-05,0,0,2.0,6,1,benign,0
4.9e-05,2,0.0,40816.32653061225,0.0,0.0,0.0,4.9e-05,0.0,0,1,0.0,6,1,syn_flood,1
0.020588,4,160.0,194.287934719254,7771.517388770158,38.4,8.763560920082657,0.006862666666666666,0.01188129118965331,0,0,1.0,17,1,benign,0
1e-06,2,2944.0,2000000.0,2944000000.0,1472.0,0.0,1e-06,0.0,0,0,0.0,17,3,dns_amplification,1
0.021286,3,0.0,140.9377055341539,0.0,0.0,0.0,0.010643,0.015048646517212104,0,0,2.0,6,1,benign,0
2e-06,2,2928.0,1000000.0,1464000000.0,1464.0,0.0,2e-06,0.0,0,0,0.0,17,6,slowloris_low_rate,1
0.020643,4,224.0,193.7702853267451,10851.135978297729,53.2,15.336231610144653,0.006881,0.01191391149035446,0,0,1.0,17,1,benign,0
1e-06,2,766.0,2000000.0,766000000.0,383.0,0.0,1e-06,0.0,0,0,0.0,17,8,pulsed_mixed_flood,1
1e-06,2,802.0,2000000.0,802000000.0,401.0,0.0,1e-06,0.0,0,0,0.0,17,8,pulsed_mixed_flood,1
0.000145,3,0.0,20689.6551724138,0.0,0.0,0.0,7.25e-05,9.97020561473032e-05,0,0,2.0,6,1,benign,0
0.039796,4,446.0,100.5126143330988,11207.156498140515,105.8,31.22018577779447,0.013265333333333332,0.02297103516024764,0,0,1.0,17,1,benign,0
104.502292,16,0.0,0.1531066897556658,0.0,0.0,0.0,6.966819466666668,9.955521620639903,0,1,0.0,6,1,syn_flood,1
0.020769,4,326.0,192.5947325340652,15696.470701526314,72.2,50.93819784798045,0.006923,0.011989255689991768,0,0,1.0,17,1,benign,0
0.046429,4,392.0,86.15305089491481,8442.998987701652,96.4,8.763560920082657,0.015476333333333332,0.02680059949578244,0,0,1.0,17,1,benign,0
1e-06,2,31.0,2000000.0,31000000.0,20.666666666666664,17.8978583448784,1e-06,0.0,0,0,0.0,6,1,benign,0
4.8e-05,2,0.0,41666.66666666666,0.0,0.0,0.0,4.8e-05,0.0,0,1,0.0,6,1,syn_flood,1
0.02085,4,132.0,191.84652278177452,6330.935251798561,31.4,8.763560920082657,0.00695,0.012032556960180992,0,0,1.0,17,1,benign,0
0.020812,4,200.0,192.1968095329617,9609.840476648087,48.4,8.763560920082657,0.0069373333333333335,0.012010617691581616,0,0,1.0,17,1,benign,0
0.045418,4,298.0,88.07080893038004,6561.275265313312,68.2,34.50652112282547,0.015139333333333333,0.026219496454610518,0,0,1.0,17,1,benign,0
1e-06,2,750.0,2000000.0,750000000.0,375.0,0.0,1e-06,0.0,0,0,0.0,17,8,pulsed_mixed_flood,1
1e-06,2,0.0,2000000.0,0.0,0.0,0.0,1e-06,0.0,0,1,0.0,6,1,syn_flood,1
0.054777,2,0.0,36.5116746079559,0.0,0.0,0.0,0.054777,0.0,0,0,1.0,6,1,benign,0
36.252357,12,0.0,0.3310129600676723,0.0,0.0,0.0,3.2956688181818183,5.90495195437109,0,1,0.0,6,0,udp_flood,1
7.199795,10,0.0,1.3889284347679345,0.0,0.0,0.0,0.799977222222222,1.4295574959537982,0,1,4.0,6,1,benign,0
1e-06,2,2944.0,2000000.0,2944000000.0,1472.0,0.0,1e-06,0.0,0,0,0.0,17,3,dns_amplification,1
6.9e-05,3,0.0,43478.260869565216,0.0,0.0,0.0,3.45e-05,4.59619407771256e-05,0,0,2.0,6,1,benign,0
1e-06,2,772.0,2000000.0,772000000.0,386.0,0.0,1e-06,0.0,0,0,0.0,17,8,pulsed_mixed_flood,1
0.020611,4,236.0,194.07112706807044,11450.196497016155,54.2,26.290682760247968,0.006870333333333334,0.011894570245844668,0,0,1.0,17,1,benign,0
4.8e-05,2,2944.0,41666.66666666666,61333333.33333333,1472.0,0.0,4.8e-05,0.0,0,0,0.0,17,3,dns_amplification,1
1e-06,2,750.0,2000000.0,750000000.0,375.0,0.0,1e-06,0.0,0,0,0.0,17,8,pulsed_mixed_flood,1
1e-06,2,0.0,2000000.0,0.0,0.0,0.0,1e-06,0.0,0,1,0.0,6,0,udp_flood,1
0.00135,4,123.0,2962.9629629629626,91111.11111111114,33.8,19.979989989987484,0.00045,0.0007742267109832882,0,0,0.0,6,1,benign,0
0.001864,4,123.0,2145.922746781116,65987.12446351931,33.8,19.979989989987484,0.0006213333333333332,0.001070984749346756,0,0,0.0,6,1,benign,0
5e-05,2,750.0,40000.0,15000000.0,375.0,0.0,5e-05,0.0,0,0,0.0,17,8,pulsed_mixed_flood,1
2e-06,2,2714.0,1000000.0,1357000000.0,1357.0,0.0,2e-06,0.0,0,0,0.0,17,3,dns_amplification,1
1e-06,2,2944.0,2000000.0,2944000000.0,1472.0,0.0,1e-06,0.0,0,0,0.0,17,3,dns_amplification,1
1e-06,2,0.0,2000000.0,0.0,0.0,0.0,1e-06,0.0,0,0,0.0,6,1,benign,0
117.70767,82,16734.0,0.696641093991581,142.16575691286732,201.6144578313253,483.2835059315548,1.453181111111111,9.119538257981565,0,1,1.0,6,1,benign,0
7.222989,10,0.0,1.3844683966706857,0.0,0.0,0.0,0.8025543333333335,1.4310413811163885,0,1,4.0,6,1,benign,0
0.020626,4,204.0,193.9299912731504,9890.42955493067,49.4,8.763560920082657,0.006875333333333334,0.011903230499882511,0,0,1.0,17,1,benign,0
0.000168,3,0.0,17857.14285714286,0.0,0.0,0.0,8.4e-05,0.0001159655121145938,0,0,2.0,6,1,benign,0
2e-06,2,0.0,1000000.0,0.0,0.0,0.0,2e-06,0.0,0,1,0.0,6,0,udp_flood,1
0.020868,4,218.0,191.6810427448725,10446.616829595552,49.8,25.74296020274281,0.006956,0.012045547351615036,0,0,1.0,17,1,benign,0
0.001056,52,22880.0,49242.42424242424,21666666.666666664,440.0,0.0,2.070588235294118e-05,2.8924241817304092e-05,0,0,0.0,17,4,icmp_flood,1
1e-06,2,1984.0,2000000.0,1984000000.0,992.0,0.0,1e-06,0.0,0,0,0.0,17,6,slowloris_low_rate,1
5.20635,7,0.0,1.344511990165855,0.0,0.0,0.0,0.867725,2.09868140400805,0,1,0.0,6,1,benign,0
0.020814,4,262.0,192.1783415009129,12587.681368309792,61.4,22.456624857711805,0.006938,0.012014370437105725,0,0,1.0,17,1,benign,0
0.000167,3,0.0,17964.071856287424,0.0,0.0,0.0,8.35e-05,0.00011384419177103415,0,0,2.0,6,1,benign,0
1e-06,2,766.0,2000000.0,766000000.0,383.0,0.0,1e-06,0.0,0,0,0.0,17,8,pulsed_mixed_flood,1
0.020804,9,62.0,432.6091136319938,2980.196116131513,6.2,13.070747662029303,0.0026005000000000004,0.007258794409935734,0,0,2.0,6,1,benign,0
2e-06,2,2944.0,1000000.0,1472000000.0,1472.0,0.0,2e-06,0.0,0,0,0.0,17,6,slowloris_low_rate,1
1e-06,2,2944.0,2000000.0,2944000000.0,1472.0,0.0,1e-06,0.0,0,0,0.0,17,6,slowloris_low_rate,1
0.032612,2,0.0,61.32711885195633,0.0,0.0,0.0,0.032612,0.0,0,0,1.0,6,1,benign,0
0.054863,30,46542.0,546.8166159342362,848331.297960374,1501.354838709677,1027.5690584542106,0.001891827586206896,0.0061883742503236645,0,0,9.0,6,1,benign,0
3e-06,2,766.0,666666.6666666665,255333333.3333333,383.0,0.0,3e-06,0.0,0,0,0.0,17,0,udp_flood,1
0.120936,33,16425.0,272.87160150823576,135815.63802341736,483.0882352941177,880.7753253791748,0.00377925,0.010641678081350555,0,1,0.0,6,1,benign,0
0.00013,3,0.0,23076.92307692308,0.0,0.0,0.0,6.5e-05,8.909545442950498e-05,0,0,2.0,6,1,benign,0
1e-06,2,0.0,2000000.0,0.0,0.0,0.0,1e-06,0.0,0,1,0.0,6,0,udp_flood,1
0.108403,4,1398.0,36.89934780402756,12896.322057507634,345.6,21.36117974270148,0.03613433333333333,0.06258303712934789,0,0,0.0,17,8,pulsed_mixed_flood,1
0.020533,4,280.0,194.8083572785273,13636.58500949691,63.2,37.24513391035129,0.006844333333333334,0.011850402960799828,0,0,1.0,17,1,benign,0
0.000193,3,0.0,15544.041450777202,0.0,0.0,0.0,9.65e-05,0.00013222896808188435,0,0,2.0,6,1,benign,0
2e-06,2,972.0,1000000.0,486000000.0,486.0,0.0,2e-06,0.0,0,0,0.0,17,8,pulsed_mixed_flood,1
0.000283,5,154.0,17667.844522968197,544169.6113074204,33.333333333333336,17.90716802475106,7.075e-05,0.00013816747084607144,0,0,0.0,6,1,benign,0
36.000291,8,0.0,0.2222204259404459,0.0,0.0,0.0,5.142898714285714,10.710712245307212,0,1,0.0,6,0,udp_flood,1
1e-06,2,0.0,2000000.0,0.0,0.0,0.0,1e-06,0.0,0,1,0.0,6,1,syn_flood,1
4.5e-05,3,62.0,66666.66666666666,1377777.7777777778,23.25,15.5,2.25e-05,3.040559159102155e-05,0,0,0.0,6,1,benign,0
0.01328,15,2956.0,1129.5180722891564,222590.3614457832,184.75000000000003,372.7901107415092,0.0009485714285714288,0.0025401604344936633,0,1,0.0,6,1,http_get_flood,1
2e-06,2,2944.0,1000000.0,1472000000.0,1472.0,0.0,2e-06,0.0,0,0,0.0,17,3,dns_amplification,1
0.000458,3,0.0,6550.218340611354,0.0,0.0,0.0,0.000229,0.0003210264786586925,0,0,2.0,6,1,benign,0
23.754753,6,0.0,0.2525810308362288,0.0,0.0,0.0,4.7509505999999995,6.507890906000448,0,1,0.0,6,0,udp_flood,1
111.647435,39,0.0,0.3493138915372306,0.0,0.0,0.0,2.9380903947368426,4.385983885874107,0,0,0.0,17,1,benign,0
1e-06,2,0.0,2000000.0,0.0,0.0,0.0,1e-06,0.0,0,1,0.0,6,0,udp_flood,1
0.000171,3,0.0,17543.859649122805,0.0,0.0,0.0,8.55e-05,0.00011808683245815344,0,0,2.0,6,1,benign,0
0.220318,6,2088.0,27.233362684846448,9477.210214326564,344.1428571428572,33.61759743263722,0.0440636,0.06033431948982272,0,0,0.0,17,8,pulsed_mixed_flood,1
7.3e-05,6,62.0,82191.78082191781,849315.0684931506,13.285714285714288,16.570196998570314,1.4599999999999999e-05,2.819219750214588e-05,0,0,0.0,6,1,benign,0
0.000148,3,0.0,20270.27027027027,0.0,0.0,0.0,7.4e-05,0.00010040916292848976,0,0,2.0,6,1,benign,0
0.020629,4,496.0,193.90178874400115,24043.821804256146,115.8,44.913249715423625,0.006876333333333334,0.011905828586592929,0,0,1.0,17,1,benign,0
0.499664,4,0.0,8.005379615101349,0.0,0.0,0.0,0.16655466666666663,0.2884413085747833,0,0,0.0,6,1,benign,0
7.158475,10,0.0,1.396945578492626,0.0,0.0,0.0,0.7953861111111111,1.4121761608716212,0,1,4.0,6,1,benign,0
2e-06,2,2864.0,1000000.0,1432000000.0,1432.0,0.0,2e-06,0.0,0,0,0.0,17,3,dns_amplification,1
1e-06,2,0.0,2000000.0,0.0,0.0,0.0,1e-06,0.0,0,0,0.0,6,1,benign,0
0.02058,4,160.0,194.3634596695821,7774.538386783283,38.4,8.763560920082657,0.00686,0.011877538423427644,0,0,1.0,17,1,benign,0
1e-06,2,0.0,2000000.0,0.0,0.0,0.0,1e-06,0.0,0,1,0.0,6,0,udp_flood,1
1e-06,2,2944.0,2000000.0,2944000000.0,1472.0,0.0,1e-06,0.0,0,0,0.0,17,3,dns_amplification,1
1e-06,2,2944.0,2000000.0,2944000000.0,1472.0,0.0,1e-06,0.0,0,0,0.0,17,3,dns_amplification,1
2e-06,3,0.0,1500000.0,0.0,0.0,0.0,1e-06,0.0,0,0,0.0,6,1,benign,0
4.8e-05,2,2944.0,41666.66666666666,61333333.33333333,1472.0,0.0,4.8e-05,0.0,0,0,0.0,17,3,dns_amplification,1
0.000172,20,8800.0,116279.06976744186,51162790.69767442,440.0,0.0,9.052631578947369e-06,2.690203148919453e-05,0,0,0.0,17,4,icmp_flood,1
1e-06,2,0.0,2000000.0,0.0,0.0,0.0,1e-06,0.0,0,1,0.0,6,1,syn_flood,1
0.020599,4,176.0,194.18418369823775,8544.104082722462,40.8,17.527121840165314,0.006866333333333334,0.011887642042614393,0,0,1.0,17,1,benign,0
2e-06,2,2944.0,1000000.0,1472000000.0,1472.0,0.0,2e-06,0.0,0,0,0.0,17,3,dns_amplification,1
2e-06,2,2944.0,1000000.0,1472000000.0,1472.0,0.0,2e-06,0.0,0,0,0.0,17,6,slowloris_low_rate,1
1e-06,2,0.0,2000000.0,0.0,0.0,0.0,1e-06,0.0,0,1,0.0,6,1,syn_flood,1
1e-06,2,0.0,2000000.0,0.0,0.0,0.0,1e-06,0.0,0,1,0.0,6,1,syn_flood,1
0.215139,6,2088.0,27.888946216167227,9705.353283226194,344.1428571428572,33.61759743263722,0.043027800000000005,0.05895470781625501,0,0,0.0,17,8,pulsed_mixed_flood,1
0.21539,6,2088.0,27.856446445981717,9694.043363201634,344.1428571428572,33.61759743263722,0.043078,0.058996919648401994,0,0,0.0,17,0,udp_flood,1
1e-06,2,0.0,2000000.0,0.0,0.0,0.0,1e-06,0.0,0,1,0.0,6,0,udp_flood,1
118.37972,58,3154.0,0.489948785146645,26.643077040560662,56.457627118644105,57.56535177784322,2.076837192982456,10.870342706085124,0,0,1.0,6,1,benign,0
1e-06,2,53.0,2000000.0,53000000.0,35.33333333333333,30.59956426705017,1e-06,0.0,0,0,0.0,6,1,benign,0
0.000139,3,0.0,21582.73381294964,0.0,0.0,0.0,6.95e-05,9.545941546018392e-05,0,0,2.0,6,1,benign,0
1e-06,2,2944.0,2000000.0,2944000000.0,1472.0,0.0,1e-06,0.0,0,0,0.0,17,6,slowloris_low_rate,1
1e-06,2,0.0,2000000.0,0.0,0.0,0.0,1e-06,0.0,0,1,0.0,6,1,syn_flood,1
9.5e-05,3,0.0,31578.94736842105,0.0,0.0,0.0,4.75e-05,6.434671708797581e-05,0,0,2.0,6,1,benign,0
0.020603,4,484.0,194.1464835218172,23491.724506139883,106.2,81.06293851076458,0.006867666666666666,0.011890817479607251,0,0,1.0,17,1,benign,0
5e-05,2,2944.0,40000.0,58880000.0,1472.0,0.0,5e-05,0.0,0,0,0.0,17,6,slowloris_low_rate,1
0.054658,4,196.0,73.18233378462439,3585.9343554465954,47.4,8.763560920082657,0.018219333333333337,0.03155161486094386,0,0,1.0,17,1,benign,0
0.000207,3,0.0,14492.753623188406,0.0,0.0,0.0,0.0001035,0.00014212846301849607,0,0,2.0,6,1,benign,0
2e-06,2,0.0,1000000.0,0.0,0.0,0.0,2e-06,0.0,0,0,0.0,6,1,http_get_flood,1
0.04603,4,300.0,86.89984792526613,6517.488594394958,69.4,30.672463220289305,0.015343333333333332,0.026569370717676653,0,0,1.0,17,1,benign,0
0.125588,34,17779.0,270.72650253208906,141566.07319170618,507.9714285714288,736.2089890990545,0.003805696969696969,0.00791737316161762,0,1,0.0,6,1,benign,0
0.002012,6,2064.0,2982.107355864812,1025844.9304174952,357.71428571428567,140.5296105045888,0.00040239999999999997,0.0005639461853758743,0,0,0.0,17,4,icmp_flood,1
5.6e-05,12,4992.0,214285.7142857143,89142857.14285715,417.8461538461538,54.076868366314365,5.090909090909091e-06,1.1622861484630589e-05,0,0,0.0,17,4,icmp_flood,1
1e-06,2,2944.0,2000000.0,2944000000.0,1472.0,0.0,1e-06,0.0,0,0,0.0,17,3,dns_amplification,1
0.020876,4,220.0,191.6075876604713,10538.417321325927,51.8,17.527121840165314,0.006958666666666666,0.0120484341029585,0,0,1.0,17,1,benign,0
0.294667,102,67620.0,346.15345457754006,229479.3784169927,656.5048543689319,1068.4288710191163,0.0029174950495049487,0.012078235961119291,0,1,1.0,6,1,benign,0
1e-06,2,0.0,2000000.0,0.0,0.0,0.0,1e-06,0.0,0,1,0.0,6,0,udp_flood,1
114.949205,39,0.0,0.3392802934130775,0.0,0.0,0.0,3.0249790789473683,4.514860013874648,0,0,0.0,17,1,benign,0
1e-06,2,0.0,2000000.0,0.0,0.0,0.0,1e-06,0.0,0,1,0.0,6,0,udp_flood,1
0.000191,3,0.0,15706.806282722511,0.0,0.0,0.0,9.55e-05,0.00013222896808188435,0,0,2.0,6,1,benign,0
0.000256,3,0.0,11718.75,0.0,0.0,0.0,0.000128,0.0001796051224213831,0,0,2.0,6,1,http_get_flood,1
5.2e-05,4,0.0,76923.07692307692,0.0,0.0,0.0,1.7333333333333336e-05,2.829016319029166e-05,0,1,1.0,6,1,syn_flood,1
2e-06,2,2944.0,1000000.0,1472000000.0,1472.0,0.0,2e-06,0.0,0,0,0.0,17,6,slowloris_low_rate,1
0.000986,4,123.0,4056.795131845842,124746.45030425963,33.8,19.979989989987484,0.0003286666666666666,0.0005666695097967893,0,0,0.0,6,1,benign,0
5.868012,7,0.0,1.1929082626279564,0.0,0.0,0.0,0.978002,2.375649495737787,0,1,0.0,6,1,benign,0
7.276408,10,0.0,1.3743044645105111,0.0,0.0,0.0,0.808489777777778,1.448504699774631,0,1,4.0,6,1,benign,0
0.000246,3,0.0,12195.121951219511,0.0,0.0,0.0,0.000123,0.0001711198410471445,0,0,2.0,6,1,benign,0
0.108853,4,1438.0,36.74680532461209,13210.476514198046,353.6,32.3156308928048,0.03628433333333333,0.06284197872706852,0,0,0.0,17,8,pulsed_mixed_flood,1
0.109358,4,1438.0,36.57711369995794,13149.47237513488,353.6,32.3156308928048,0.036452666666666675,0.06313527266380763,0,0,0.0,17,8,pulsed_mixed_flood,1
0.000118,3,0.0,25423.728813559326,0.0,0.0,0.0,5.9e-05,7.91959594928933e-05,0,0,2.0,6,1,http_get_flood,1
1e-06,2,2944.0,2000000.0,2944000000.0,1472.0,0.0,1e-06,0.0,0,0,0.0,17,3,dns_amplification,1
0.461939,28,16164.0,60.61406376166551,34991.6330944129,557.3793103448277,852.0524972841043,0.017108851851851854,0.03738576251905334,0,1,0.0,6,1,benign,0
2e-06,2,0.0,1000000.0,0.0,0.0,0.0,2e-06,0.0,1,0,0.0,6,1,benign,0
1.2e-05,4,804.0,333333.33333333326,67000000.0,201.0,0.0,4e-06,3.4641016151377543e-06,0,0,0.0,17,1,benign,0
0.000143,3,0.0,20979.020979020977,0.0,0.0,0.0,7.15e-05,0.0001011162697096763,0,0,2.0,6,1,benign,0
0.020794,4,220.0,192.3631816870251,10579.97499278638,52.2,15.336231610144653,0.006931333333333334,0.01200195739591394,0,0,1.0,17,1,benign,0
0.020613,4,220.0,194.0522970940669,10672.876340173678,51.8,17.527121840165314,0.006871,0.011895724946383048,0,0,1.0,17,1,benign,0
4.9e-05,2,750.0,40816.32653061225,15306122.448979592,375.0,0.0,4.9e-05,0.0,0,0,0.0,17,8,pulsed_mixed_flood,1
4.835109,15,3194.0,3.1023085518858,660.5849009815497,199.625,384.2054788781649,0.3453649285714286,1.291926970953703,0,1,0.0,6,1,http_get_flood,1
1e-06,2,2944.0,2000000.0,2944000000.0,1472.0,0.0,1e-06,0.0,0,0,0.0,17,6,slowloris_low_rate,1
0.000196,5,0.0,25510.20408163265,0.0,0.0,0.0,4.899999999999999e-05,9.466784036831092e-05,0,0,0.0,6,1,benign,0
1e-06,2,0.0,2000000.0,0.0,0.0,0.0,1e-06,0.0,0,1,0.0,6,1,syn_flood,1
2e-06,2,2944.0,1000000.0,1472000000.0,1472.0,0.0,2e-06,0.0,0,0,0.0,17,3,dns_amplification,1
1e-06,2,0.0,2000000.0,0.0,0.0,0.0,1e-06,0.0,0,1,0.0,6,0,udp_flood,1
0.000245,44,19360.0,179591.83673469388,79020408.1632653,440.0,0.0,5.697674418604647e-06,1.3015622268425356e-05,0,0,0.0,17,4,icmp_flood,1
0.104803,4,1398.0,38.16684636890166,13339.312805931131,345.6,21.36117974270148,0.03493433333333333,0.06046734125404666,0,0,0.0,17,8,pulsed_mixed_flood,1
1e-06,2,0.0,2000000.0,0.0,0.0,0.0,1e-06,0.0,0,1,0.0,6,1,syn_flood,1
0.02063,4,196.0,193.8923897237034,9500.727096461464,46.2,15.336231610144653,0.006876666666666666,0.011905539942956529,0,0,1.0,17,1,benign,0
2e-06,3,0.0,1500000.0,0.0,0.0,0.0,1e-06,0.0,0,0,2.0,6,1,benign,0
3e-06,2,0.0,666666.6666666665,0.0,0.0,0.0,3e-06,0.0,0,0,0.0,6,1,benign,0
1e-06,2,0.0,2000000.0,0.0,0.0,0.0,1e-06,0.0,0,1,0.0,6,0,udp_flood,1
4.8e-05,2,0.0,41666.66666666666,0.0,0.0,0.0,4.8e-05,0.0,0,1,0.0,6,0,udp_flood,1
1e-06,2,802.0,2000000.0,802000000.0,401.0,0.0,1e-06,0.0,0,0,0.0,17,8,pulsed_mixed_flood,1
14.340214,12,0.0,0.8368075957583339,0.0,0.0,0.0,1.3036558181818183,2.557274357086381,0,1,5.0,6,1,benign,0
0.001372,64,28160.0,46647.23032069972,20524781.34110787,440.0,0.0,2.177777777777777e-05,7.557786935947296e-05,0,0,0.0,17,4,icmp_flood,1
0.020751,4,160.0,192.76179461230785,7710.471784492314,38.4,8.763560920082657,0.006917,0.011978863385146357,0,0,1.0,17,1,benign,0
118.117663,295,157188.0,2.4975096230950657,1330.774720796838,531.0405405405409,815.1567916426035,0.4017607585034014,4.802312424467297,0,1,1.0,6,1,benign,0
1e-06,2,2944.0,2000000.0,2944000000.0,1472.0,0.0,1e-06,0.0,0,0,0.0,17,6,slowloris_low_rate,1
0.020887,4,196.0,191.506678795423,9383.827260975726,47.4,8.763560920082657,0.006962333333333334,0.012057383021756145,0,0,1.0,17,1,benign,0
0.020673,4,312.0,193.4890920524356,15092.149180089971,69.6,46.00869483043395,0.006891,0.011930365962534425,0,0,1.0,17,1,benign,0
0.000323,5,154.0,15479.876160990712,476780.1857585139,33.333333333333336,17.90716802475106,8.075e-05,0.0001581694766171189,0,0,0.0,6,1,benign,0
0.020683,4,424.0,193.39554223275155,20499.927476671663,92.0,76.68115805072324,0.006894333333333334,0.011935273450295696,0,0,1.0,17,1,benign,0
0.040908,4,0.0,97.7803852547179,0.0,0.0,0.0,0.013636,0.02361564674109096,0,0,3.0,6,1,benign,0
0.138351,4,528.0,28.911970278494557,3816.380076761281,116.2,86.54016408581623,0.046117,0.07987352299103878,0,0,1.0,17,1,benign,0
112.02132,255,24124.0,2.27635239434779,215.3518633774356,94.23437499999996,245.5530287961856,0.44102881889763773,4.095372309878724,0,1,1.0,6,1,benign,0
0.000179,3,0.0,16759.77653631285,0.0,0.0,0.0,8.95e-05,0.0001223294731452727,0,0,2.0,6,1,benign,0
5.579644,7,0.0,1.254560326787874,0.0,0.0,0.0,0.9299406666666667,2.277739034783631,0,1,0.0,6,1,http_get_flood,1
0.02059,4,644.0,194.26906265177269,31277.319086935404,135.4,140.21697472132252,0.006863333333333334,0.011884177940999255,0,0,1.0,17,1,benign,0
0.022765,4,208.0,175.7083241818581,9136.832857456622,48.8,17.527121840165314,0.007588333333333334,0.013138182725679124,0,0,1.0,17,1,benign,0
0.090522,6,132.0,66.28222973420826,1458.2090541525815,23.28571428571429,16.007438746973087,0.018104400000000003,0.040253283888398474,0,0,0.0,6,1,benign,0
0.147389,4,156.0,27.13906736594997,1058.4236272720489,37.4,8.763560920082657,0.04912966666666667,0.08508988267316704,0,0,1.0,17,1,benign,0
0.021024,200,88000.0,9512.937595129377,4185692.541856925,440.0,0.0,0.00010564824120603014,0.00011137749479989717,0,0,0.0,17,4,icmp_flood,1
1e-06,2,0.0,2000000.0,0.0,0.0,0.0,1e-06,0.0,0,1,0.0,6,0,udp_flood,1
1e-06,2,2944.0,2000000.0,2944000000.0,1472.0,0.0,1e-06,0.0,0,0,0.0,17,6,slowloris_low_rate,1
0.055861,4,196.0,71.60630851578024,3508.709117273232,47.4,8.763560920082657,0.018620333333333336,0.03224703326405909,0,0,1.0,17,1,benign,0
1e-06,2,0.0,2000000.0,0.0,0.0,0.0,1e-06,0.0,0,1,0.0,6,0,udp_flood,1
0.000544,6,2578.0,11029.411764705885,4738970.5882352935,426.57142857142856,23.56450114654911,0.0001088,0.00017559669700766014,0,0,0.0,17,8,pulsed_mixed_flood,1
58.15767,14,368.0,0.2407249121225111,6.327626261506006,27.6,23.32625743050706,4.473666923076922,16.087938359254807,0,0,0.0,6,1,benign,0
1e-06,2,2896.0,2000000.0,2896000000.0,1448.0,0.0,1e-06,0.0,0,0,0.0,17,3,dns_amplification,1
4e-06,3,62.0,750000.0,15500000.0,23.25,15.5,2e-06,1.4142135623730952e-06,0,0,0.0,6,1,benign,0
4.6e-05,2,2944.0,43478.260869565216,64000000.0,1472.0,0.0,4.6e-05,0.0,0,0,0.0,17,3,dns_amplification,1
0.386787,27,22590.0,69.80586214117848,58404.23799145267,806.7857142857142,1072.676899237944,0.014876423076923074,0.050919142583647714,0,1,1.0,6,1,benign,0
0.020604,4,264.0,194.1370607649,12813.0460104834,60.4,30.672463220289305,0.006868,0.011892260844767912,0,0,1.0,17,1,benign,0
1e-06,2,2896.0,2000000.0,2896000000.0,1448.0,0.0,1e-06,0.0,0,0,0.0,17,3,dns_amplification,1
0.106812,4,1438.0,37.44897577051268,13462.906789499306,353.6,32.3156308928048,0.035604,0.06166620490187474,0,0,0.0,17,0,udp_flood,1
0.0209,4,256.0,191.38755980861245,12248.803827751197,58.8,28.48157299026864,0.006966666666666666,0.012064888575255612,0,0,1.0,17,1,benign,0
1e-06,2,0.0,2000000.0,0.0,0.0,0.0,1e-06,0.0,0,1,0.0,6,0,udp_flood,1
1e-06,2,0.0,2000000.0,0.0,0.0,0.0,1e-06,0.0,0,1,0.0,6,1,syn_flood,1
1e-06,2,802.0,2000000.0,802000000.0,401.0,0.0,1e-06,0.0,0,0,0.0,17,0,udp_flood,1
0.020578,4,264.0,194.3823500826125,12829.235105452426,60.4,30.672463220289305,0.006859333333333334,0.011875517686961412,0,0,1.0,17,1,benign,0
97.280813,18,0.0,0.1850313483708241,0.0,0.0,0.0,5.722400764705882,9.331674750593153,0,1,0.0,6,1,syn_flood,1
0.054648,2,0.0,36.59786268481921,0.0,0.0,0.0,0.054648,0.0,0,0,1.0,6,1,benign,0
1.205792,4,31.0,3.317321727130384,25.70924338526048,6.2,13.863621460498695,0.40193066666666677,0.6960119206287586,0,0,1.0,6,1,benign,0
1e-06,2,2944.0,2000000.0,2944000000.0,1472.0,0.0,1e-06,0.0,0,0,0.0,17,6,slowloris_low_rate,1
59.869635,71,12570.0,1.1859100193278278,209.9561822950816,174.58333333333337,414.2040304888877,0.8552805,6.994098468353774,0,1,1.0,6,1,benign,0
105.77441,61,11884.0,0.5766990333484252,112.35231659528992,191.67741935483883,447.6791435250579,1.7629068333333335,9.460533477952188,0,1,1.0,6,1,benign,0
1e-06,2,766.0,2000000.0,766000000.0,383.0,0.0,1e-06,0.0,0,0,0.0,17,8,pulsed_mixed_flood,1
109.951539,240,25762.0,2.182779815387577,234.3032233500616,106.89626556016606,282.866314173903,0.4600482803347279,4.290183829323142,0,1,1.0,6,1,benign,0
2e-06,2,2944.0,1000000.0,1472000000.0,1472.0,0.0,2e-06,0.0,0,0,0.0,17,3,dns_amplification,1
0.065614,4,164.0,60.96259944524034,2499.4665772548533,38.2,15.336231610144653,0.021871333333333336,0.037877930438889255,0,0,1.0,17,1,benign,0
21.380004,4,0.0,0.187090704005481,0.0,0.0,0.0,7.126668,12.343706897403996,0,1,0.0,6,0,udp_flood,1
0.055336,4,0.0,72.28567297961544,0.0,0.0,0.0,0.018445333333333327,0.02945215636134871,0,0,3.0,6,1,benign,0
4.953612,73,17666.0,14.73672140652114,3566.286580378116,238.72972972972985,612.9512997101517,0.06880016666666669,0.396369772633912,0,1,1.0,6,1,benign,0
1e-06,2,2864.0,2000000.0,2864000000.0,1432.0,0.0,1e-06,0.0,0,0,0.0,17,3,dns_amplification,1
0.000113,4,0.0,35398.230088495584,0.0,0.0,0.0,3.766666666666667e-05,6.264449962553241e-05,0,0,3.0,6,1,benign,0
0.00013,3,0.0,23076.92307692308,0.0,0.0,0.0,6.5e-05,8.909545442950498e-05,0,0,2.0,6,1,benign,0
1e-06,2,0.0,2000000.0,0.0,0.0,0.0,1e-06,0.0,0,1,0.0,6,0,udp_flood,1
1e-06,2,0.0,2000000.0,0.0,0.0,0.0,1e-06,0.0,0,1,0.0,6,1,syn_flood,1
0.000314,4,0.0,12738.853503184711,0.0,0.0,0.0,0.00010466666666666669,0.00010554777749120695,0,0,3.0,6,1,benign,0
0.00012,4,0.0,33333.333333333336,0.0,0.0,0.0,4e-05,6.84178339323893e-05,0,1,1.0,6,0,udp_flood,1
83.385041,24,0.0,0.2878214091182134,0.0,0.0,0.0,3.625436565217392,6.516329255792042,0,1,0.0,6,1,syn_flood,1
1e-06,2,2944.0,2000000.0,2944000000.0,1472.0,0.0,1e-06,0.0,0,0,0.0,17,6,slowloris_low_rate,1
0.020892,4,256.0,191.4608462569404,12253.494160444186,58.8,28.48157299026864,0.006964,0.012057671707257585,0,0,1.0,17,1,benign,0
0.00016,42,18048.0,262500.0,112800000.0,429.953488372093,46.02584858035242,3.902439024390243e-06,1.0660217816838406e-05,0,0,0.0,17,4,icmp_flood,1
0.000239,2,2896.0,8368.200836820084,12117154.81171548,1448.0,0.0,0.000239,0.0,0,0,0.0,17,3,dns_amplification,1
0.020604,4,676.0,194.1370607649,32809.1632692681,143.4,140.21697472132252,0.006868,0.011890528793960343,0,0,1.0,17,1,benign,0
1e-06,2,0.0,2000000.0,0.0,0.0,0.0,1e-06,0.0,0,1,0.0,6,0,udp_flood,1
1e-06,2,2944.0,2000000.0,2944000000.0,1472.0,0.0,1e-06,0.0,0,0,0.0,17,6,slowloris_low_rate,1
63.96474,59,11864.0,0.9223831754807414,185.4771863373477,197.7333333333333,415.3195978539682,1.1028403448275863,7.731824383912832,0,1,0.0,6,1,benign,0
2e-06,2,2944.0,1000000.0,1472000000.0,1472.0,0.0,2e-06,0.0,0,0,0.0,17,6,slowloris_low_rate,1
0.045914,4,286.0,87.11939713377183,6229.036895064685,65.4,33.411076007815126,0.015304666666666668,0.02650326410714977,0,0,1.0,17,1,benign,0
0.000407,56,24064.0,137592.1375921376,59125307.12530712,429.89473684210526,53.46350030311945,7.399999999999999e-06,1.4350893635873277e-05,0,0,0.0,17,4,icmp_flood,1
1e-06,2,31.0,2000000.0,31000000.0,20.666666666666664,17.8978583448784,1e-06,0.0,0,0,0.0,6,1,benign,0
0.000613,4,2144.0,6525.285481239804,3497553.017944535,428.8,587.1585816455381,0.00020433333333333328,0.0003495859455603634,0,0,3.0,6,1,http_get_flood,1
0.02091,4,256.0,191.29603060736488,12242.945958871353,61.2,15.336231610144653,0.00697,0.012070662077947504,0,0,1.0,17,1,benign,0
0.045072,4,200.0,88.74689385871494,4437.344692935747,48.4,8.763560920082657,0.015024,0.02601713518049211,0,0,1.0,17,1,benign,0
1e-06,2,2944.0,2000000.0,2944000000.0,1472.0,0.0,1e-06,0.0,0,0,0.0,17,6,slowloris_low_rate,1
115.87007,59,2480.0,0.5091910275017526,21.40328386787028,41.333333333333336,160.94874083117656,1.9977598275862067,3.9698846706802153,0,1,0.0,6,1,benign,0
0.039876,3,0.0,75.23322299127294,0.0,0.0,0.0,0.019938,0.02819376157947001,0,0,2.0,6,1,benign,0
0.084782,18,4471.0,212.30921657899088,52735.250406926,235.3157894736842,425.88522875321166,0.004987176470588235,0.01010851388827318,0,1,0.0,6,1,benign,0
2e-06,2,2944.0,1000000.0,1472000000.0,1472.0,0.0,2e-06,0.0,0,0,0.0,17,6,slowloris_low_rate,1
4.7e-05,2,2944.0,42553.191489361714,62638297.87234042,1472.0,0.0,4.7e-05,0.0,0,0,0.0,17,3,dns_amplification,1
1e-06,2,766.0,2000000.0,766000000.0,383.0,0.0,1e-06,0.0,0,0,0.0,17,8,pulsed_mixed_flood,1
1e-06,2,2944.0,2000000.0,2944000000.0,1472.0,0.0,1e-06,0.0,0,0,0.0,17,3,dns_amplification,1
0.020637,4,232.0,193.8266220865436,11241.944081019528,55.2,15.336231610144653,0.006879,0.011909581352843599,0,0,1.0,17,1,benign,0
0.001595,82,36080.0,51410.65830721002,22620689.65517241,440.0,0.0,1.969135802469136e-05,6.13509661650305e-05,0,0,0.0,17,4,icmp_flood,1
1e-06,2,2944.0,2000000.0,2944000000.0,1472.0,0.0,1e-06,0.0,0,0,0.0,17,6,slowloris_low_rate,1
5.1e-05,4,0.0,78431.37254901961,0.0,0.0,0.0,1.7e-05,2.8583211855912903e-05,0,1,1.0,6,1,syn_flood,1
1e-06,2,2944.0,2000000.0,2944000000.0,1472.0,0.0,1e-06,0.0,0,0,0.0,17,6,slowloris_low_rate,1
1e-06,2,0.0,2000000.0,0.0,0.0,0.0,1e-06,0.0,0,1,0.0,6,1,syn_flood,1
0.214161,6,2088.0,28.016305489795062,9749.67431044868,344.1428571428572,33.61759743263722,0.042832199999999994,0.05867746617058374,0,0,0.0,17,8,pulsed_mixed_flood,1
4.3e-05,2,2944.0,46511.62790697674,68465116.27906977,1472.0,0.0,4.3e-05,0.0,0,0,0.0,17,3,dns_amplification,1
0.065867,4,156.0,60.72843760912141,2368.409066755735,37.4,8.763560920082657,0.021955666666666665,0.03802400005698156,0,0,1.0,17,1,benign,0
1e-06,2,2928.0,2000000.0,2928000000.0,1464.0,0.0,1e-06,0.0,0,0,0.0,17,3,dns_amplification,1
0.000217,2,0.0,9216.589861751152,0.0,0.0,0.0,0.000217,0.0,0,0,1.0,6,1,http_get_flood,1
4.9e-05,2,2944.0,40816.32653061225,60081632.65306122,1472.0,0.0,4.9e-05,0.0,0,0,0.0,17,3,dns_amplification,1
0.000171,3,0.0,17543.859649122805,0.0,0.0,0.0,8.55e-05,0.00011667261889578037,0,0,2.0,6,1,benign,0
0.000244,3,0.0,12295.081967213117,0.0,0.0,0.0,0.000122,0.0001682914139223983,0,0,2.0,6,1,benign,0
0.000171,2,0.0,11695.906432748538,0.0,0.0,0.0,0.000171,0.0,0,0,1.0,6,1,http_get_flood,1
0.000186,2,0.0,10752.688172043012,0.0,0.0,0.0,0.000186,0.0,0,0,1.0,6,1,http_get_flood,1
30.059597,23,3606.0,0.7651466518330236,119.96168810912536,150.24999999999997,422.51979629464654,1.366345318181818,3.5046035975189276,0,1,0.0,6,1,benign,0
5e-05,2,0.0,40000.0,0.0,0.0,0.0,5e-05,0.0,0,1,0.0,6,1,syn_flood,1
3e-06,2,0.0,666666.6666666665,0.0,0.0,0.0,3e-06,0.0,0,0,0.0,6,1,benign,0
53.757069,10,307.0,0.1860220467005,5.710876833705349,32.09090909090909,21.082953044839545,5.973007666666668,17.88877171176329,0,0,0.0,6,1,benign,0
9.8e-05,4,0.0,40816.32653061225,0.0,0.0,0.0,3.266666666666666e-05,5.484827557301445e-05,0,1,1.0,6,1,syn_flood,1
0.000204,3,0.0,14705.882352941177,0.0,0.0,0.0,0.000102,0.00014142135623730948,0,0,2.0,6,1,benign,0
1e-06,2,2944.0,2000000.0,2944000000.0,1472.0,0.0,1e-06,0.0,0,0,0.0,17,3,dns_amplification,1
0.000222,3,0.0,13513.513513513511,0.0,0.0,0.0,0.000111,0.00015414927829866739,0,0,2.0,6,1,benign,0
0.109901,4,1438.0,36.39639311744207,13084.50332572042,353.6,32.3156308928048,0.03663366666666667,0.06340720899340495,0,0,0.0,17,8,pulsed_mixed_flood,1
0.000504,20,8800.0,39682.53968253968,17460317.46031746,440.0,0.0,2.6526315789473682e-05,2.9084872778841642e-05,0,0,0.0,17,4,icmp_flood,1
0.054583,2,0.0,36.64144513859628,0.0,0.0,0.0,0.054583,0.0,0,0,1.0,6,1,benign,0
0.045061,4,300.0,88.76855817669382,6657.641863252036,69.4,30.672463220289305,0.015020333333333332,0.026010784327531022,0,0,1.0,17,1,benign,0
1e-06,2,2944.0,2000000.0,2944000000.0,1472.0,0.0,1e-06,0.0,0,0,0.0,17,6,slowloris_low_rate,1
4.9e-05,2,2944.0,40816.32653061225,60081632.65306122,1472.0,0.0,4.9e-05,0.0,0,0,0.0,17,6,slowloris_low_rate,1
7.220517,10,0.0,1.3849423801647445,0.0,0.0,0.0,0.8022796666666665,1.4290127785822109,0,1,4.0,6,1,benign,0
5.172869,21,6036.0,4.05964272437597,1166.8573087777788,274.3636363636364,420.3241997558943,0.25864345,1.1177608593847683,0,1,0.0,6,1,http_get_flood,1
5.982118,23,7443.0,3.844792095374917,1244.2081550380651,310.125,665.9680311233121,0.2719144545454546,1.2482191421079236,0,1,0.0,6,1,benign,0
1e-06,2,2944.0,2000000.0,2944000000.0,1472.0,0.0,1e-06,0.0,0,0,0.0,17,6,slowloris_low_rate,1
0.000456,44,18928.0,96491.22807017544,41508771.92982456,430.4,45.01636066223843,1.0604651162790701e-05,1.814772652018996e-05,0,0,0.0,17,4,icmp_flood,1
0.053878,22,6572.0,408.3299305839119,121979.28653624856,285.73913043478257,641.6818255314632,0.0025656190476190466,0.0074083077519511206,0,1,1.0,6,1,benign,0
1e-06,2,2944.0,2000000.0,2944000000.0,1472.0,0.0,1e-06,0.0,0,0,0.0,17,6,slowloris_low_rate,1
1e-06,2,750.0,2000000.0,750000000.0,375.0,0.0,1e-06,0.0,0,0,0.0,17,0,udp_flood,1
1e-06,2,2944.0,2000000.0,2944000000.0,1472.0,0.0,1e-06,0.0,0,0,0.0,17,6,slowloris_low_rate,1
5.1e-05,2,0.0,39215.68627450981,0.0,0.0,0.0,5.1e-05,0.0,0,1,0.0,6,0,udp_flood,1
0.020609,4,320.0,194.08996069678292,15527.196855742635,70.4,52.58136552049595,0.006869666666666666,0.011893415545306292,0,0,1.0,17,1,benign,0
0.020584,4,222.0,194.32568985619892,10785.075787019045,49.4,33.411076007815126,0.006861333333333334,0.011880713881469131,0,0,1.0,17,1,benign,0
0.020636,4,314.0,193.8360147315371,15216.127156425662,70.8,42.17463692789779,0.006878666666666666,0.01191246814616238,0,0,1.0,17,1,benign,0
0.257664,39,34486.0,151.3599105812221,133840.97118728267,862.15,1067.3706142690685,0.0067806315789473715,0.017789232370933935,0,1,1.0,6,1,benign,0
1e-06,2,2944.0,2000000.0,2944000000.0,1472.0,0.0,1e-06,0.0,0,0,0.0,17,6,slowloris_low_rate,1
0.02058,4,288.0,194.3634596695821,13994.169096209913,66.0,32.863353450309965,0.00686,0.011876672429599127,0,0,1.0,17,1,benign,0
60.705707,45,3360.0,0.7412812110070641,55.34899708852745,73.04347826086956,180.50656578045871,1.3796751590909087,3.459274665682603,0,1,0.0,6,1,benign,0
3e-06,2,2944.0,666666.6666666665,981333333.3333333,1472.0,0.0,3e-06,0.0,0,0,0.0,17,6,slowloris_low_rate,1
1e-06,2,802.0,2000000.0,802000000.0,401.0,0.0,1e-06,0.0,0,0,0.0,17,8,pulsed_mixed_flood,1
1e-06,2,2832.0,2000000.0,2832000000.0,1416.0,0.0,1e-06,0.0,0,0,0.0,17,3,dns_amplification,1
1e-06,2,0.0,2000000.0,0.0,0.0,0.0,1e-06,0.0,0,1,0.0,6,0,udp_flood,1
0.108532,4,1438.0,36.85548962517967,13249.54852025209,353.6,32.3156308928048,0.036177333333333325,0.06265838134147206,0,0,0.0,17,8,pulsed_mixed_flood,1
0.021223,4,728.0,188.474767940442,34302.40776516044,153.0,158.8395416764982,0.0070743333333333335,0.012251372712203858,0,0,1.0,17,1,benign,0
1e-06,2,0.0,2000000.0,0.0,0.0,0.0,1e-06,0.0,0,1,0.0,6,0,udp_flood,1
1e-06,2,0.0,2000000.0,0.0,0.0,0.0,1e-06,0.0,0,1,0.0,6,1,syn_flood,1
117.345036,1453,1858604.0,12.382287734778998,15838.79526015911,1278.2696011004127,1162.086501381885,0.08081614049586777,2.1633769284528994,0,1,1.0,6,1,benign,0
1e-06,2,0.0,2000000.0,0.0,0.0,0.0,1e-06,0.0,0,1,0.0,6,1,syn_flood,1
1e-06,2,2848.0,2000000.0,2848000000.0,1424.0,0.0,1e-06,0.0,0,0,0.0,17,6,slowloris_low_rate,1
0.020768,4,264.0,192.60400616332825,12711.86440677966,64.4,8.763560920082657,0.006922666666666666,0.01198694633062705,0,0,1.0,17,1,benign,0
110.597599,85,29958.0,0.7685519465933432,270.8738731299221,348.3488372093023,793.0252687531367,1.316638083333333,3.348883126719117,0,1,0.0,6,1,benign,0
3e-06,3,78.0,1000000.0,26000000.0,29.25,19.5,1.5e-06,2.1213203435596424e-06,0,0,0.0,6,1,benign,0
0.020647,4,268.0,193.73274567733813,12980.093960381657,61.4,30.672463220289305,0.006882333333333334,0.011915354855535496,0,0,1.0,17,1,benign,0
0.020627,4,262.0,193.92058951859207,12701.798613467785,61.6,21.36117974270148,0.006875666666666666,0.011903807850151705,0,0,1.0,17,1,benign,0
0.000321,4,0.0,12461.059190031152,0.0,0.0,0.0,0.000107,0.00010023971268913334,0,0,3.0,6,1,benign,0
9.015569,6,0.0,0.6655153989725996,0.0,0.0,0.0,1.8031138,2.686690191920665,0,1,0.0,6,1,benign,0
4e-06,3,0.0,750000.0,0.0,0.0,0.0,2e-06,1.4142135623730952e-06,0,0,0.0,6,1,benign,0
0.020641,4,232.0,193.78906060752868,11239.765515236664,55.2,15.336231610144653,0.006880333333333334,0.011912756789817097,0,0,1.0,17,1,benign,0
0.020803,4,224.0,192.2799596212085,10767.677738787675,50.6,29.57701810527897,0.006934333333333334,0.012008885599144214,0,0,1.0,17,1,benign,0
1e-06,2,732.0,2000000.0,732000000.0,366.0,0.0,1e-06,0.0,0,0,0.0,17,8,pulsed_mixed_flood,1
0.040925,2,0.0,48.86988393402565,0.0,0.0,0.0,0.040925,0.0,0,0,1.0,6,1,benign,0
0.020989,4,286.0,190.57601600838527,13626.18514459955,65.4,33.411076007815126,0.006996333333333334,0.012116272749213484,0,0,1.0,17,1,benign,0
1e-06,2,0.0,2000000.0,0.0,0.0,0.0,1e-06,0.0,0,1,0.0,6,1,syn_flood,1
0.000269,3,0.0,11152.416356877324,0.0,0.0,0.0,0.0001345,0.000185969083452062,0,0,2.0,6,1,benign,0
1e-06,2,2944.0,2000000.0,2944000000.0,1472.0,0.0,1e-06,0.0,0,0,0.0,17,6,slowloris_low_rate,1
15.17447,20,6048.0,1.3180031987937637,398.56416731523416,288.0000000000001,672.5011524153695,0.7986563157894737,2.498165845943537,0,1,1.0,6,1,benign,0
115.375831,59,2632.0,0.5113722647856811,22.81240340535445,43.86666666666668,172.95198380060566,1.989238465517241,3.966292615109914,0,1,0.0,6,1,benign,0
1e-06,2,2944.0,2000000.0,2944000000.0,1472.0,0.0,1e-06,0.0,0,0,0.0,17,6,slowloris_low_rate,1
1e-06,2,0.0,2000000.0,0.0,0.0,0.0,1e-06,0.0,0,1,0.0,6,1,syn_flood,1
0.061329,4,358.0,65.221999380391,5837.368944544994,79.8,53.12908807800111,0.020443,0.035403984535642315,0,0,1.0,17,1,benign,0
0.028117,16,4972.0,569.050752213963,176832.52125048902,308.5882352941176,33.79544870158076,0.001874466666666667,0.0021140474675934067,0,0,0.0,17,8,pulsed_mixed_flood,1
0.00011,3,0.0,27272.727272727272,0.0,0.0,0.0,5.5e-05,7.353910524340094e-05,0,0,2.0,6,1,benign,0
1e-06,2,0.0,2000000.0,0.0,0.0,0.0,1e-06,0.0,0,1,0.0,6,0,udp_flood,1
1e-06,2,0.0,2000000.0,0.0,0.0,0.0,1e-06,0.0,0,1,0.0,6,0,udp_flood,1
1e-06,2,2288.0,2000000.0,2288000000.0,1144.0,0.0,1e-06,0.0,0,0,0.0,17,6,slowloris_low_rate,1
0.042673,14,1668.0,328.07630117404443,39087.94788273615,111.20000000000002,190.96716247265428,0.0032825384615384617,0.007833619157360415,0,1,0.0,6,1,benign,0
116.285843,71,6868.0,0.6105644347437891,59.06135968761046,95.38888888888889,220.9970081726973,1.6612263285714284,3.672126745417737,0,1,0.0,6,1,benign,0
1e-06,2,2944.0,2000000.0,2944000000.0,1472.0,0.0,1e-06,0.0,0,0,0.0,17,3,dns_amplification,1
2e-06,2,31.0,1000000.0,15500000.0,20.666666666666664,17.8978583448784,2e-06,0.0,0,0,0.0,6,1,benign,0
1e-06,2,2944.0,2000000.0,2944000000.0,1472.0,0.0,1e-06,0.0,0,0,0.0,17,3,dns_amplification,1
0.000166,3,0.0,18072.289156626503,0.0,0.0,0.0,8.3e-05,0.0001145512985522207,0,0,2.0,6,1,benign,0
4.9e-05,4,0.0,81632.6530612245,0.0,0.0,0.0,1.6333333333333335e-05,2.5696951829610714e-05,0,1,1.0,6,1,syn_flood,1
1e-06,2,2944.0,2000000.0,2944000000.0,1472.0,0.0,1e-06,0.0,0,0,0.0,17,3,dns_amplification,1
1e-06,2,0.0,2000000.0,0.0,0.0,0.0,1e-06,0.0,0,1,0.0,6,1,syn_flood,1
0.108875,4,1438.0,36.73938002296211,13207.80711825488,353.6,32.3156308928048,0.03629166666666667,0.06281658009103434,0,0,0.0,17,8,pulsed_mixed_flood,1
0.020547,4,278.0,194.67562174526697,13529.955711296056,63.4,33.411076007815126,0.006849,0.01185848586456129,0,0,1.0,17,1,benign,0
0.020649,4,256.0,193.7139813066008,12397.694803622451,58.8,28.48157299026864,0.006883,0.011917375591966548,0,0,1.0,17,1,benign,0
0.217631,6,2088.0,27.569601757102625,9594.221411471712,344.1428571428572,33.61759743263722,0.043526199999999994,0.059602572727190224,0,0,0.0,17,8,pulsed_mixed_flood,1
1e-06,2,2944.0,2000000.0,2944000000.0,1472.0,0.0,1e-06,0.0,0,0,0.0,17,6,slowloris_low_rate,1
1e-06,2,0.0,2000000.0,0.0,0.0,0.0,1e-06,0.0,0,1,0.0,6,0,udp_flood,1
0.107008,4,1438.0,37.38038277511962,13438.2476076555,353.6,32.3156308928048,0.03566933333333333,0.06173953267018899,0,0,0.0,17,8,pulsed_mixed_flood,1
1e-06,2,2944.0,2000000.0,2944000000.0,1472.0,0.0,1e-06,0.0,0,0,0.0,17,6,slowloris_low_rate,1
2e-06,2,2944.0,1000000.0,1472000000.0,1472.0,0.0,2e-06,0.0,0,0,0.0,17,3,dns_amplification,1
2e-06,2,0.0,1000000.0,0.0,0.0,0.0,2e-06,0.0,0,0,0.0,6,1,benign,0
0.045175,4,264.0,88.54454897620366,5843.940232429442,64.4,8.763560920082657,0.015058333333333332,0.02607660225821864,0,0,1.0,17,1,benign,0
1e-06,2,766.0,2000000.0,766000000.0,383.0,0.0,1e-06,0.0,0,0,0.0,17,8,pulsed_mixed_flood,1
0.056449,4,0.0,70.86042268242129,0.0,0.0,0.0,0.018816333333333327,0.030379591740728403,0,0,3.0,6,1,benign,0
0.000115,3,0.0,26086.95652173913,0.0,0.0,0.0,5.75e-05,7.990306627407988e-05,0,0,2.0,6,1,benign,0
0.041093,2,0.0,48.67008979631568,0.0,0.0,0.0,0.041093,0.0,0,0,1.0,6,1,benign,0
0.020659,4,208.0,193.6202139503364,10068.251125417491,50.4,8.763560920082657,0.006886333333333334,0.011921417043847315,0,0,1.0,17,1,benign,0
2e-06,2,766.0,1000000.0,383000000.0,383.0,0.0,2e-06,0.0,0,0,0.0,17,8,pulsed_mixed_flood,1
0.218234,6,2088.0,27.49342448930964,9567.711722279755,344.1428571428572,33.61759743263722,0.0436468,0.059744709390874104,0,0,0.0,17,8,pulsed_mixed_flood,1
2e-06,2,2944.0,1000000.0,1472000000.0,1472.0,0.0,2e-06,0.0,0,0,0.0,17,3,dns_amplification,1
0.020848,4,188.0,191.8649270913277,9017.651573292404,45.4,8.763560920082657,0.006949333333333334,0.012033134352002112,0,0,1.0,17,1,benign,0
0.012186,42,18480.0,3446.5780403742,1516494.3377646478,440.0,0.0,0.00029721951219512197,0.0014648084262488918,0,0,0.0,17,4,icmp_flood,1
0.216565,6,2088.0,27.705307875233764,9641.44714058135,344.1428571428572,33.61759743263722,0.043313,0.05929804369032759,0,0,0.0,17,8,pulsed_mixed_flood,1
0.102272,4,1398.0,39.11138923654568,13669.430538172715,345.6,21.36117974270148,0.03409066666666667,0.05904503467975384,0,0,0.0,17,8,pulsed_mixed_flood,1
0.020748,4,208.0,192.78966647387705,10025.062656641603,50.4,8.763560920082657,0.006916,0.011973667232723648,0,0,1.0,17,1,benign,0
119.849955,304,128170.0,2.536504915667261,1069.420510003529,420.2295081967213,718.7963210117914,0.3955444059405941,4.758062873559584,0,1,1.0,6,1,benign,0
0.040245,4,0.0,99.39122872406509,0.0,0.0,0.0,0.013415,0.02323459556351261,0,0,3.0,6,1,benign,0
5.518129,7,0.0,1.268545914747553,0.0,0.0,0.0,0.9196881666666668,2.2260044140250415,0,1,0.0,6,1,benign,0
0.020792,4,282.0,192.3816852635629,13562.908811081184,64.4,33.411076007815126,0.006930666666666666,0.01200080273703944,0,0,1.0,17,1,benign,0
1e-06,2,802.0,2000000.0,802000000.0,401.0,0.0,1e-06,0.0,0,0,0.0,17,8,pulsed_mixed_flood,1
3e-06,2,0.0,666666.6666666665,0.0,0.0,0.0,3e-06,0.0,1,0,1.0,6,1,benign,0
93.318706,22,12958.0,0.2357512329843065,138.8574762277565,563.391304347826,951.396520868638,4.443747904761905,20.354089225164802,0,1,1.0,6,1,benign,0
0.000186,3,0.0,16129.032258064515,0.0,0.0,0.0,9.3e-05,0.00012727922061357857,0,0,2.0,6,1,benign,0
2e-06,2,2944.0,1000000.0,1472000000.0,1472.0,0.0,2e-06,0.0,0,0,0.0,17,6,slowloris_low_rate,1
1e-06,2,0.0,2000000.0,0.0,0.0,0.0,1e-06,0.0,0,1,0.0,6,0,udp_flood,1
0.02069,4,328.0,193.330111164814,15853.06911551474,74.2,42.72235948540296,0.006896666666666666,0.01194104695298253,0,0,1.0,17,1,benign,0
0.167411,4,180.0,23.89329255544737,1075.1981649951315,43.4,8.763560920082657,0.05580366666666667,0.09665045578957884,0,0,1.0,17,1,benign,0
1e-06,2,0.0,2000000.0,0.0,0.0,0.0,1e-06,0.0,0,1,0.0,6,1,syn_flood,1
0.060976,2,0.0,32.79979008134348,0.0,0.0,0.0,0.060976,0.0,0,0,1.0,6,1,benign,0
1e-06,2,802.0,2000000.0,802000000.0,401.0,0.0,1e-06,0.0,0,0,0.0,17,8,pulsed_mixed_flood,1
4.8e-05,2,802.0,41666.66666666666,16708333.333333332,401.0,0.0,4.8e-05,0.0,0,0,0.0,17,8,pulsed_mixed_flood,1
0.000342,3,0.0,8771.929824561403,0.0,0.0,0.0,0.000171,0.00023758787847867995,0,0,2.0,6,1,benign,0
2e-06,2,2944.0,1000000.0,1472000000.0,1472.0,0.0,2e-06,0.0,0,0,0.0,17,6,slowloris_low_rate,1
0.020837,4,292.0,191.96621394634545,14013.533618083216,67.0,32.863353450309965,0.006945666666666666,0.012025051406681529,0,0,1.0,17,1,benign,0
0.000156,3,0.0,19230.76923076923,0.0,0.0,0.0,7.8e-05,0.00010606601717798212,0,0,2.0,6,1,benign,0
0.106113,4,1438.0,37.69566405624193,13551.591228218977,353.6,32.3156308928048,0.035371,0.06126263706371119,0,0,0.0,17,8,pulsed_mixed_flood,1
1e-06,2,2944.0,2000000.0,2944000000.0,1472.0,0.0,1e-06,0.0,0,0,0.0,17,6,slowloris_low_rate,1
1e-06,2,0.0,2000000.0,0.0,0.0,0.0,1e-06,0.0,0,1,0.0,6,1,syn_flood,1
0.059079,2,0.0,33.85297652296078,0.0,0.0,0.0,0.059079,0.0,0,0,1.0,6,1,benign,0
0.205333,31,7051.0,150.97427106212837,34339.3414599699,220.34375000000003,489.7509972572962,0.006844433333333333,0.014424856833529268,0,1,0.0,6,1,benign,0
1e-06,2,2944.0,2000000.0,2944000000.0,1472.0,0.0,1e-06,0.0,0,0,0.0,17,3,dns_amplification,1
0.02061,4,644.0,194.0805434255216,31246.96749150897,137.0,131.45341380123986,0.00687,0.011893992895575481,0,0,1.0,17,1,benign,0
1e-06,2,2944.0,2000000.0,2944000000.0,1472.0,0.0,1e-06,0.0,0,0,0.0,17,6,slowloris_low_rate,1
1e-06,2,0.0,2000000.0,0.0,0.0,0.0,1e-06,0.0,0,1,0.0,6,0,udp_flood,1
1e-06,2,802.0,2000000.0,802000000.0,401.0,0.0,1e-06,0.0,0,0,0.0,17,8,pulsed_mixed_flood,1
111.149084,18,491.0,0.1619446544426762,4.417490296186337,28.26315789473684,22.434700565723723,6.538181411764707,18.453771899457568,0,0,0.0,6,1,benign,0
0.020621,4,218.0,193.97701372387368,10571.747247951118,49.8,25.74296020274281,0.006873666666666666,0.011900343748536569,0,0,1.0,17,1,benign,0
1e-06,2,802.0,2000000.0,802000000.0,401.0,0.0,1e-06,0.0,0,0,0.0,17,8,pulsed_mixed_flood,1
0.105694,4,1438.0,37.84510000567678,13605.313452040797,353.6,32.3156308928048,0.03523133333333333,0.06102072730092074,0,0,0.0,17,8,pulsed_mixed_flood,1
0.03226,4,0.0,123.99256044637325,0.0,0.0,0.0,0.010753333333333332,0.018622721614558208,0,0,3.0,6,1,benign,0
1e-06,2,0.0,2000000.0,0.0,0.0,0.0,1e-06,0.0,0,1,0.0,6,1,syn_flood,1
0.000102,3,0.0,29411.76470588236,0.0,0.0,0.0,5.1e-05,7.071067811865477e-05,0,0,2.0,6,1,http_get_flood,1
0.005973,36,15408.0,6027.122049221497,2579608.2370668007,428.3243243243243,49.516581989187145,0.00017065714285714287,0.00037830480574586964,0,0,0.0,17,4,icmp_flood,1
0.045787,4,260.0,87.36104134361281,5678.467687334833,59.4,30.672463220289305,0.015262333333333333,0.026429074602288542,0,0,1.0,17,1,benign,0
0.045006,4,224.0,88.87703861707328,4977.114162556104,53.2,15.336231610144653,0.015002,0.02597903006272559,0,0,1.0,17,1,benign,0
1e-06,2,0.0,2000000.0,0.0,0.0,0.0,1e-06,0.0,0,1,0.0,6,1,syn_flood,1
1e-06,2,2944.0,2000000.0,2944000000.0,1472.0,0.0,1e-06,0.0,0,0,0.0,17,3,dns_amplification,1
0.052707,21,2528.0,398.4290511696738,47963.26863604455,114.9090909090909,206.5062916350213,0.00263535,0.007569892186362886,0,1,0.0,6,1,benign,0
0.045326,4,438.0,88.24956978334733,9663.327891276527,98.0,62.9880941130941,0.015108666666666668,0.02616464817904749,0,0,1.0,17,1,benign,0
45.770717,21,10.0,0.4588086308545265,0.2184803004069173,0.5000000000000001,0.511766315719159,2.28853585,4.148980941445911,0,0,0.0,6,1,benign,0
5e-05,3,0.0,60000.0,0.0,0.0,0.0,2.5e-05,3.394112549695428e-05,0,0,0.0,6,1,benign,0
60.762373,54,12674.0,0.8887078850590645,208.58303213404784,230.43636363636364,615.4648277592753,1.1464598679245281,3.19449793384604,0,1,1.0,6,1,benign,0
1e-06,2,2944.0,2000000.0,2944000000.0,1472.0,0.0,1e-06,0.0,0,0,0.0,17,6,slowloris_low_rate,1
1e-06,2,2944.0,2000000.0,2944000000.0,1472.0,0.0,1e-06,0.0,0,0,0.0,17,6,slowloris_low_rate,1
0.072254,30,15372.0,415.2019265369392,212749.46715752763,495.8709677419355,769.3368461185901,0.0024915172413793106,0.0065193547041575125,0,1,1.0,6,1,benign,0
1e-06,2,2944.0,2000000.0,2944000000.0,1472.0,0.0,1e-06,0.0,0,0,0.0,17,3,dns_amplification,1
2e-06,2,750.0,1000000.0,375000000.0,375.0,0.0,2e-06,0.0,0,0,0.0,17,8,pulsed_mixed_flood,1
5.870665,21,5954.0,3.577107533814313,1014.1951550633532,270.6363636363636,418.88724991162974,0.29353325,1.1254583112525116,0,1,0.0,6,1,http_get_flood,1
4.8e-05,8,3520.0,166666.66666666663,73333333.33333333,440.0,0.0,6.857142857142858e-06,1.6385243070403032e-05,0,0,0.0,17,4,icmp_flood,1
0.000264,3,0.0,11363.636363636362,0.0,0.0,0.0,0.000132,0.00018243354954612927,0,0,2.0,6,1,benign,0
0.0206,4,204.0,194.17475728155335,9902.912621359224,49.4,8.763560920082657,0.006866666666666666,0.011890817479607251,0,0,1.0,17,1,benign,0
1e-06,2,0.0,2000000.0,0.0,0.0,0.0,1e-06,0.0,0,1,0.0,6,1,syn_flood,1
8.3e-05,3,0.0,36144.57831325301,0.0,0.0,0.0,4.15e-05,5.586143571373726e-05,0,0,2.0,6,1,benign,0
0.020578,4,200.0,194.3823500826125,9719.117504130623,48.4,8.763560920082657,0.006859333333333334,0.011875517686961412,0,0,1.0,17,1,benign,0
1e-06,3,0.0,3000000.0,0.0,0.0,0.0,5e-07,7.071067811865476e-07,0,0,0.0,6,1,benign,0
0.213938,6,2088.0,28.04550851181184,9759.83696211052,344.1428571428572,33.61759743263722,0.042787599999999995,0.05861073998679764,0,0,0.0,17,8,pulsed_mixed_flood,1
0.020812,4,62.0,192.1968095329617,2979.050547760907,12.4,16.97939928266015,0.0069373333333333335,0.012013215819810002,0,0,3.0,6,1,benign,0
1e-06,2,0.0,2000000.0,0.0,0.0,0.0,1e-06,0.0,0,1,0.0,6,1,syn_flood,1
1e-06,2,0.0,2000000.0,0.0,0.0,0.0,1e-06,0.0,0,1,0.0,6,0,udp_flood,1
0.020666,4,132.0,193.5546307945417,6387.302816219878,31.4,8.763560920082657,0.006888666666666666,0.01192719054653414,0,0,1.0,17,1,benign,0
116.735319,84,38636.0,0.7195765661975875,330.9709549001189,454.54117647058814,801.7273249936392,1.406449626506024,8.96609308665656,0,1,1.0,6,1,benign,0
0.020606,4,364.0,194.1182179947588,17664.757837523048,84.6,35.05424368033063,0.006868666666666666,0.011890817479607251,0,0,1.0,17,1,benign,0
0.000938,4,1760.0,4264.3923240938175,1876332.62260128,440.0,0.0,0.0003126666666666666,0.0005320473036613694,0,0,0.0,17,4,icmp_flood,1
0.020683,4,334.0,193.39554223275155,16148.527776434754,73.8,53.12908807800111,0.006894333333333334,0.011937005501101744,0,0,1.0,17,1,benign,0
0.002072,4,123.0,1930.5019305019305,59362.93436293437,33.8,19.979989989987484,0.0006906666666666668,0.0011919397356130608,0,0,0.0,6,1,benign,0
0.00017,3,0.0,17647.05882352941,0.0,0.0,0.0,8.5e-05,0.00011737972567696688,0,0,2.0,6,1,benign,0
1e-06,2,2944.0,2000000.0,2944000000.0,1472.0,0.0,1e-06,0.0,0,0,0.0,17,3,dns_amplification,1
0.018736,84,36960.0,4483.347566182751,1972672.92912041,440.0,0.0,0.0002257349397590361,0.0010197338735124552,0,0,0.0,17,4,icmp_flood,1
2e-06,3,0.0,1500000.0,0.0,0.0,0.0,1e-06,0.0,0,0,0.0,6,1,benign,0
0.000201,3,0.0,14925.373134328356,0.0,0.0,0.0,0.0001005,0.00013788582233137677,0,0,2.0,6,1,benign,0
0.000209,2,0.0,9569.37799043062,0.0,0.0,0.0,0.000209,0.0,0,0,1.0,6,1,http_get_flood,1
1e-06,2,2848.0,2000000.0,2848000000.0,1424.0,0.0,1e-06,0.0,0,0,0.0,17,6,slowloris_low_rate,1
0.020585,4,404.0,194.31624969638088,19625.94121933447,89.2,64.6312617856096,0.006861666666666666,0.011880425174771031,0,0,1.0,17,1,benign,0
0.020731,4,260.0,192.947759394144,12541.604360619363,59.4,30.672463220289305,0.006910333333333334,0.011963852278147424,0,0,1.0,17,1,benign,0
2e-06,2,2944.0,1000000.0,1472000000.0,1472.0,0.0,2e-06,0.0,0,0,0.0,17,0,udp_flood,1
1e-06,2,0.0,2000000.0,0.0,0.0,0.0,1e-06,0.0,0,1,0.0,6,1,syn_flood,1
2e-06,3,0.0,1500000.0,0.0,0.0,0.0,1e-06,0.0,0,0,2.0,6,1,benign,0
0.000142,3,0.0,21126.76056338028,0.0,0.0,0.0,7.1e-05,9.758073580374356e-05,0,0,2.0,6,1,benign,0
1e-06,2,0.0,2000000.0,0.0,0.0,0.0,1e-06,0.0,0,1,0.0,6,1,syn_flood,1
0.000249,58,25520.0,232931.7269076305,102489959.83935744,440.0,0.0,4.3684210526315775e-06,1.1908327786750401e-05,0,0,0.0,17,4,icmp_flood,1
0.062659,2,0.0,31.91879857642158,0.0,0.0,0.0,0.062659,0.0,0,0,1.0,6,1,benign,0
0.675014,29,22910.0,42.96207189776805,33940.03679923676,763.6666666666665,1067.3381435345025,0.024107642857142852,0.10099525096580289,0,1,0.0,6,1,benign,0
7.244553,10,0.0,1.3803474141192702,0.0,0.0,0.0,0.8049503333333334,1.4391513356497643,0,1,4.0,6,1,benign,0
1e-06,2,0.0,2000000.0,0.0,0.0,0.0,1e-06,0.0,0,1,0.0,6,1,syn_flood,1
0.000143,8,3520.0,55944.055944055945,24615384.615384616,440.0,0.0,2.0428571428571428e-05,3.489439851350138e-05,0,0,0.0,17,4,icmp_flood,1
0.020789,4,226.0,192.4094473038626,10871.13377266824,52.0,24.647515087732486,0.0069296666666666664,0.011998204629582431,0,0,1.0,17,1,benign,0
0.045272,4,536.0,88.35483300936559,11839.547623254992,117.6,89.82649943084725,0.015090666666666667,0.026132605234330027,0,0,1.0,17,1,benign,0
16.828011,27,15790.0,1.6044676937755746,938.3164772117156,563.9285714285718,920.3016787413678,0.6472311923076922,2.1526728301054763,0,1,1.0,6,1,benign,0
2e-06,2,1000.0,1000000.0,500000000.0,500.0,0.0,2e-06,0.0,0,0,0.0,17,3,dns_amplification,1
0.020838,4,294.0,191.95700163163448,14108.839619925138,69.4,22.456624857711805,0.006946,0.012025628756950717,0,0,1.0,17,1,benign,0
1e-06,2,880.0,2000000.0,880000000.0,440.0,0.0,1e-06,0.0,0,0,0.0,17,4,icmp_flood,1
2e-06,2,31.0,1000000.0,15500000.0,20.666666666666664,17.8978583448784,2e-06,0.0,0,0,0.0,6,1,benign,0
1e-06,2,750.0,2000000.0,750000000.0,375.0,0.0,1e-06,0.0,0,0,0.0,17,8,pulsed_mixed_flood,1
4e-05,2,880.0,49999.99999999999,22000000.0,440.0,0.0,4e-05,0.0,0,0,0.0,17,4,icmp_flood,1
0.020707,4,676.0,193.171391316946,32645.965132563862,143.4,140.21697472132252,0.006902333333333334,0.011951727964329396,0,0,1.0,17,1,benign,0
2e-06,2,2944.0,1000000.0,1472000000.0,1472.0,0.0,2e-06,0.0,0,0,0.0,17,3,dns_amplification,1
2e-06,2,750.0,1000000.0,375000000.0,375.0,0.0,2e-06,0.0,0,0,0.0,17,8,pulsed_mixed_flood,1
0.149708,4,344.0,26.71867902850883,2297.806396451759,79.4,36.14968879534096,0.04990266666666667,0.08642962397426782,0,0,1.0,17,1,benign,0
2e-06,2,2944.0,1000000.0,1472000000.0,1472.0,0.0,2e-06,0.0,0,0,0.0,17,3,dns_amplification,1
1e-06,2,0.0,2000000.0,0.0,0.0,0.0,1e-06,0.0,0,1,0.0,6,1,syn_flood,1
6.7e-05,5,74.0,74626.86567164179,1104477.6119402985,12.333333333333336,19.106717841289925,1.675e-05,3.0836936726378425e-05,0,0,4.0,6,1,benign,0
0.020772,4,216.0,192.56691700365883,10398.613518197575,52.4,8.763560920082657,0.006924,0.011988389675014739,0,0,1.0,17,1,benign,0
1e-06,2,2944.0,2000000.0,2944000000.0,1472.0,0.0,1e-06,0.0,0,0,0.0,17,3,dns_amplification,1
1e-06,2,802.0,2000000.0,802000000.0,401.0,0.0,1e-06,0.0,0,0,0.0,17,8,pulsed_mixed_flood,1
1e-06,2,802.0,2000000.0,802000000.0,401.0,0.0,1e-06,0.0,0,0,0.0,17,8,pulsed_mixed_flood,1
0.083487,39,64240.0,467.1385964281864,769461.1137063254,1606.000000000001,923.3850767691667,0.0021970263157894735,0.0054429487262996155,0,0,12.0,6,1,benign,0
0.109154,4,1438.0,36.64547336790223,13174.047675760852,353.6,32.3156308928048,0.03638466666666667,0.06301749320889663,0,0,0.0,17,8,pulsed_mixed_flood,1
0.02081,4,244.0,192.21528111484864,11725.132148005769,55.8,28.48157299026864,0.006936666666666666,0.012010328985224899,0,0,1.0,17,1,benign,0
0.000977,6,1920.0,6141.248720573183,1965199.5905834187,337.1428571428572,175.66201313073597,0.0001954,0.0004346916148259591,0,0,0.0,17,4,icmp_flood,1
9.9e-05,3,0.0,30303.030303030304,0.0,0.0,0.0,4.95e-05,7.000357133746821e-05,0,0,2.0,6,1,http_get_flood,1
1e-06,2,966.0,2000000.0,966000000.0,483.0,0.0,1e-06,0.0,0,0,0.0,17,8,pulsed_mixed_flood,1
4.9e-05,2,0.0,40816.32653061225,0.0,0.0,0.0,4.9e-05,0.0,0,1,0.0,6,0,udp_flood,1
1e-06,2,0.0,2000000.0,0.0,0.0,0.0,1e-06,0.0,0,1,0.0,6,1,syn_flood,1
2e-06,2,2944.0,1000000.0,1472000000.0,1472.0,0.0,2e-06,0.0,0,0,0.0,17,3,dns_amplification,1
0.028389,2,0.0,70.44982211419915,0.0,0.0,0.0,0.028389,0.0,0,0,1.0,6,1,benign,0
0.020648,4,132.0,193.72336303758237,6392.870980240217,31.4,8.763560920082657,0.006882666666666666,0.011919396307419824,0,0,1.0,17,1,benign,0
0.046514,4,424.0,85.99561422367461,9115.535107709507,92.0,76.68115805072324,0.015504666666666668,0.02685140633809211,0,0,1.0,17,1,benign,0
1e-06,2,0.0,2000000.0,0.0,0.0,0.0,1e-06,0.0,0,1,0.0,6,0,udp_flood,1
1e-06,2,2944.0,2000000.0,2944000000.0,1472.0,0.0,1e-06,0.0,0,0,0.0,17,6,slowloris_low_rate,1
0.344405,2,0.0,5.807116621419549,0.0,0.0,0.0,0.344405,0.0,0,0,1.0,6,1,benign,0
1e-06,2,2944.0,2000000.0,2944000000.0,1472.0,0.0,1e-06,0.0,0,0,0.0,17,6,slowloris_low_rate,1
1e-06,2,2944.0,2000000.0,2944000000.0,1472.0,0.0,1e-06,0.0,0,0,0.0,17,3,dns_amplification,1
118.866359,79,12826.0,0.6646119277532511,107.90269095396452,160.32500000000005,388.3271743051181,1.523927679487179,9.309488280858465,0,1,1.0,6,1,benign,0
4.8e-05,2,0.0,41666.66666666666,0.0,0.0,0.0,4.8e-05,0.0,0,1,0.0,6,0,udp_flood,1
0.106562,4,1438.0,37.53683301739832,13494.491469754696,353.6,32.3156308928048,0.03552066666666667,0.061522733362012895,0,0,0.0,17,8,pulsed_mixed_flood,1
0.03542,5,76.0,141.1631846414455,2145.680406549972,19.0,20.81345718519632,0.008855,0.017587533501508008,0,0,0.0,6,1,benign,0
0.000152,2,0.0,13157.894736842103,0.0,0.0,0.0,0.000152,0.0,0,0,1.0,6,1,http_get_flood,1
0.920748,36,17242.0,39.098645883564224,18726.079231233736,466.0,848.9209163533565,0.02630708571428572,0.056911269020741936,0,1,1.0,6,1,benign,0
7.251635,10,0.0,1.3789993566968,0.0,0.0,0.0,0.805737222222222,1.4392413014193257,0,1,4.0,6,1,benign,0
2.602601,77,16030.0,29.585787448786807,6159.223023429254,205.51282051282053,588.6342048388176,0.03424475000000001,0.26816123142100534,0,1,1.0,6,1,benign,0
1e-06,2,2944.0,2000000.0,2944000000.0,1472.0,0.0,1e-06,0.0,0,0,0.0,17,3,dns_amplification,1
6.4e-05,3,0.0,46875.0,0.0,0.0,0.0,3.2e-05,4.1012193308819764e-05,0,0,0.0,6,1,benign,0
1e-06,2,766.0,2000000.0,766000000.0,383.0,0.0,1e-06,0.0,0,0,0.0,17,0,udp_flood,1
0.020633,4,286.0,193.8641981292105,13861.29016623855,65.4,33.411076007815126,0.0068776666666666665,0.01190813798766765,0,0,1.0,17,1,benign,0
2e-06,2,0.0,1000000.0,0.0,0.0,0.0,2e-06,0.0,0,1,0.0,6,1,syn_flood,1
1e-06,2,2848.0,2000000.0,2848000000.0,1424.0,0.0,1e-06,0.0,0,0,0.0,17,3,dns_amplification,1
0.020626,4,278.0,193.9299912731504,13478.134393483951,63.4,33.411076007815126,0.006875333333333334,0.011903230499882511,0,0,1.0,17,1,benign,0
1e-06,2,0.0,2000000.0,0.0,0.0,0.0,1e-06,0.0,0,1,0.0,6,1,syn_flood,1
0.680164,29,22878.0,42.63677583641592,33636.00543398357,762.6000000000001,1066.4675690624958,0.02429157142857143,0.09817804841787628,0,1,0.0,6,1,benign,0
0.054704,4,84.0,73.12079555425562,1535.5367066393685,16.8,23.004347415216976,0.018234666666666663,0.031580771053496035,0,0,3.0,6,1,benign,0
1e-06,2,750.0,2000000.0,750000000.0,375.0,0.0,1e-06,0.0,0,0,0.0,17,8,pulsed_mixed_flood,1
1e-06,2,2896.0,2000000.0,2896000000.0,1448.0,0.0,1e-06,0.0,0,0,0.0,17,3,dns_amplification,1
0.000137,2,0.0,14598.540145985402,0.0,0.0,0.0,0.000137,0.0,0,0,1.0,6,1,http_get_flood,1
2e-06,2,750.0,1000000.0,375000000.0,375.0,0.0,2e-06,0.0,0,0,0.0,17,8,pulsed_mixed_flood,1
0.020577,4,206.0,194.39179666618068,10011.177528308304,48.0,19.17028951268081,0.006859,0.01187580637262161,0,0,1.0,17,1,benign,0
2e-06,2,1040.0,1000000.0,520000000.0,520.0,0.0,2e-06,0.0,0,0,0.0,17,3,dns_amplification,1
0.107472,4,1438.0,37.21899657585232,13380.229269018908,353.6,32.3156308928048,0.035824,0.062002227798684785,0,0,0.0,17,8,pulsed_mixed_flood,1
2e-06,3,0.0,1500000.0,0.0,0.0,0.0,1e-06,0.0,0,0,2.0,6,1,http_get_flood,1
0.108091,4,1438.0,37.00585617673997,13303.605295538018,353.6,32.3156308928048,0.03603033333333333,0.06240463589616827,0,0,0.0,17,8,pulsed_mixed_flood,1
0.032092,2,0.0,62.3208276205908,0.0,0.0,0.0,0.032092,0.0,0,0,1.0,6,1,benign,0
0.108008,4,1398.0,37.03429375601807,12943.485667728315,345.6,21.36117974270148,0.03600266666666667,0.06235671582382553,0,0,0.0,17,8,pulsed_mixed_flood,1
0.05606,4,320.0,71.35212272565109,5708.169818052087,70.4,52.58136552049595,0.018686666666666664,0.032361059938347723,0,0,1.0,17,1,benign,0
2e-06,2,2944.0,1000000.0,1472000000.0,1472.0,0.0,2e-06,0.0,0,0,0.0,17,6,slowloris_low_rate,1
0.020872,2,0.0,95.82215408202376,0.0,0.0,0.0,0.020872,0.0,0,0,1.0,6,1,benign,0
1e-06,2,1210.0,2000000.0,1210000000.0,605.0,0.0,1e-06,0.0,0,0,0.0,17,3,dns_amplification,1
2e-06,2,750.0,1000000.0,375000000.0,375.0,0.0,2e-06,0.0,0,0,0.0,17,0,udp_flood,1
1e-06,2,2944.0,2000000.0,2944000000.0,1472.0,0.0,1e-06,0.0,0,0,0.0,17,6,slowloris_low_rate,1
0.020808,4,188.0,192.23375624759709,9034.986543637062,44.2,15.336231610144653,0.006936,0.012010906335493591,0,0,1.0,17,1,benign,0
7.263415,10,0.0,1.3767628587930056,0.0,0.0,0.0,0.8070461111111111,1.448279232170841,0,1,4.0,6,1,benign,0
4.7e-05,2,0.0,42553.191489361714,0.0,0.0,0.0,4.7e-05,0.0,0,1,0.0,6,1,syn_flood,1
0.000201,3,0.0,14925.373134328356,0.0,0.0,0.0,0.0001005,0.00013930003589374986,0,0,2.0,6,1,benign,0
1e-06,2,2944.0,2000000.0,2944000000.0,1472.0,0.0,1e-06,0.0,0,0,0.0,17,3,dns_amplification,1
4.7e-05,2,0.0,42553.191489361714,0.0,0.0,0.0,4.7e-05,0.0,0,1,0.0,6,0,udp_flood,1
0.045171,4,200.0,88.55238980761993,4427.6194903809965,48.4,8.763560920082657,0.015057,0.02607429285714188,0,0,1.0,17,1,benign,0
0.020569,4,330.0,194.4674024016724,16043.560698137975,76.4,33.411076007815126,0.006856333333333334,0.011869455519666151,0,0,1.0,17,1,benign,0
1e-06,2,0.0,2000000.0,0.0,0.0,0.0,1e-06,0.0,0,1,0.0,6,1,syn_flood,1
12.730275,4,0.0,0.3142115940150546,0.0,0.0,0.0,4.243425,7.349782664829484,0,1,0.0,6,0,udp_flood,1
0.020618,4,160.0,194.00523814142983,7760.209525657192,38.4,8.763560920082657,0.006872666666666666,0.011898611697728998,0,0,1.0,17,1,benign,0
0.052413,21,2058.0,400.6639574151451,39265.067826684215,93.54545454545456,157.25100568161338,0.00262065,0.007580309702567706,0,1,0.0,6,1,benign,0
1e-06,2,0.0,2000000.0,0.0,0.0,0.0,1e-06,0.0,0,1,0.0,6,1,syn_flood,1
0.020576,4,282.0,194.4012441679626,13705.287713841368,64.4,33.411076007815126,0.006858666666666666,0.011874362986423031,0,0,1.0,17,1,benign,0
0.001777,4,123.0,2250.9848058525604,69217.78277996622,33.8,19.979989989987484,0.0005923333333333333,0.0010207552759272584,0,0,0.0,6,1,benign,0
1e-06,2,2944.0,2000000.0,2944000000.0,1472.0,0.0,1e-06,0.0,0,0,0.0,17,6,slowloris_low_rate,1
0.020818,4,246.0,192.14141608223653,11816.697089057549,56.0,30.124740662784134,0.006939333333333334,0.01201581380237449,0,0,1.0,17,1,benign,0
0.080378,26,15305.0,323.4715967055662,190412.7995222573,566.8518518518521,859.8181249410878,0.0032151199999999997,0.007182739329578003,0,1,1.0,6,1,benign,0
0.108751,6,400.0,55.17190646522791,3678.127097681861,67.71428571428571,51.77423518094139,0.0217502,0.029783748390691187,0,0,0.0,6,1,benign,0
118.630088,320,178674.0,2.697460698166219,1506.144039950472,559.0093457943924,820.9451241023256,0.3718811536050157,4.616457439638306,0,0,1.0,6,1,benign,0
0.054551,2,0.0,36.662939267841104,0.0,0.0,0.0,0.054551,0.0,0,0,1.0,6,1,benign,0
33.233524,6,0.0,0.1805405890750556,0.0,0.0,0.0,6.6467048,9.48463667504205,0,1,0.0,6,0,udp_flood,1
53.045581,7,2100.0,0.1319619819038272,39.58859457114816,300.0,0.0,8.840930166666666,4.771329790587124,0,0,0.0,17,1,benign,0
0.107915,4,1398.0,37.066209516749296,12954.640226103877,345.6,21.36117974270148,0.03597166666666667,0.06230302224879089,0,0,0.0,17,8,pulsed_mixed_flood,1
1e-06,2,0.0,2000000.0,0.0,0.0,0.0,1e-06,0.0,0,1,0.0,6,1,syn_flood,1
0.054903,2,0.0,36.42788190080689,0.0,0.0,0.0,0.054903,0.0,0,0,1.0,6,1,benign,0
2e-06,2,0.0,1000000.0,0.0,0.0,0.0,2e-06,0.0,1,0,1.0,6,1,benign,0
4.7e-05,2,2736.0,42553.191489361714,58212765.95744681,1368.0,0.0,4.7e-05,0.0,0,0,0.0,17,6,slowloris_low_rate,1
1e-06,2,2944.0,2000000.0,2944000000.0,1472.0,0.0,1e-06,0.0,0,0,0.0,17,6,slowloris_low_rate,1
1e-06,2,2944.0,2000000.0,2944000000.0,1472.0,0.0,1e-06,0.0,0,0,0.0,17,6,slowloris_low_rate,1
0.000238,3,0.0,12605.04201680672,0.0,0.0,0.0,0.000119,0.00016546298679765212,0,0,2.0,6,1,benign,0
1e-06,2,0.0,2000000.0,0.0,0.0,0.0,1e-06,0.0,0,1,0.0,6,1,syn_flood,1
2e-06,2,0.0,1000000.0,0.0,0.0,0.0,2e-06,0.0,0,1,0.0,6,0,udp_flood,1
1e-06,2,2848.0,2000000.0,2848000000.0,1424.0,0.0,1e-06,0.0,0,0,0.0,17,6,slowloris_low_rate,1
0.024997,2,0.0,80.00960115213826,0.0,0.0,0.0,0.024997,0.0,0,0,1.0,6,1,benign,0
119.087326,63,12246.0,0.5290235503314601,102.83210154538192,191.34375000000003,442.4477089989424,1.920763322580645,10.560234263188796,0,1,0.0,6,1,benign,0
1e-06,2,2784.0,2000000.0,2784000000.0,1392.0,0.0,1e-06,0.0,0,0,0.0,17,6,slowloris_low_rate,1
1e-06,2,0.0,2000000.0,0.0,0.0,0.0,1e-06,0.0,0,1,0.0,6,1,syn_flood,1
0.020728,4,226.0,192.975685063682,10903.126206098032,51.4,27.933850432763467,0.006909333333333334,0.011962120269138466,0,0,1.0,17,1,benign,0
0.213897,6,2088.0,28.05088430412769,9761.707737836436,344.1428571428572,33.61759743263722,0.0427794,0.05862006959480688,0,0,0.0,17,8,pulsed_mixed_flood,1
53.770284,11,338.0,0.2045739613352237,6.285999902845965,32.0,20.10427362979868,5.3770284,16.981637750716235,0,0,0.0,6,1,benign,0
9.4e-05,4,0.0,42553.191489361714,0.0,0.0,0.0,3.1333333333333334e-05,5.2538874496255945e-05,0,1,1.0,6,1,syn_flood,1
0.106546,4,1398.0,37.54246991909598,13121.093236724042,345.6,21.36117974270148,0.03551533333333333,0.0615126297302703,0,0,0.0,17,0,udp_flood,1
1e-06,2,0.0,2000000.0,0.0,0.0,0.0,1e-06,0.0,0,1,0.0,6,1,syn_flood,1
0.02397,18,28600.0,750.9386733416769,1193158.1143095535,1505.2631578947369,1008.2017457998764,0.00141,0.0031217055834911783,0,0,5.0,6,1,benign,0
0.105084,4,1398.0,38.06478626622511,13303.642800045678,345.6,21.36117974270148,0.035028,0.06066854363671506,0,0,0.0,17,8,pulsed_mixed_flood,1
0.020768,4,408.0,192.60400616332825,19645.60862865948,97.2,26.290682760247968,0.006922666666666666,0.011985214238107441,0,0,1.0,17,1,benign,0
0.020858,4,536.0,191.77294083804767,25697.5740722984,117.6,89.82649943084725,0.006952666666666666,0.012038041798122042,0,0,1.0,17,1,benign,0
0.020573,4,200.0,194.4295921839304,9721.47960919652,48.4,8.763560920082657,0.006857666666666666,0.011872630935615464,0,0,1.0,17,1,benign,0
0.006218,4,1760.0,643.293663557414,283049.21196526213,440.0,0.0,0.002072666666666667,0.003588231923013524,0,0,0.0,17,4,icmp_flood,1
0.026341,4,0.0,151.8545233666148,0.0,0.0,0.0,0.008780333333333333,0.015205385372733351,0,0,3.0,6,1,benign,0
1e-06,2,2944.0,2000000.0,2944000000.0,1472.0,0.0,1e-06,0.0,0,0,0.0,17,3,dns_amplification,1
0.066761,4,244.0,59.91521996375129,3654.8284177888286,55.0,32.863353450309965,0.022253666666666665,0.0385392851689459,0,0,1.0,17,1,benign,0
2e-06,2,31.0,1000000.0,15500000.0,20.666666666666664,17.8978583448784,2e-06,0.0,0,0,0.0,6,1,benign,0
0.000111,4,0.0,36036.03603603604,0.0,0.0,0.0,3.7e-05,6.322183167229498e-05,0,1,1.0,6,1,syn_flood,1
1e-06,2,766.0,2000000.0,766000000.0,383.0,0.0,1e-06,0.0,0,0,0.0,17,8,pulsed_mixed_flood,1
15.554035,80,79578.0,5.143359906287984,5116.228682782314,982.4444444444446,1073.87828686495,0.19688651898734172,1.2401913231702253,0,1,1.0,6,1,benign,0
0.002905,176,77440.0,60585.197934595526,26657487.09122203,440.0,0.0,1.6599999999999997e-05,8.08787228886062e-05,0,0,0.0,17,4,icmp_flood,1
24.909685,7,0.0,0.2810151954952461,0.0,0.0,0.0,4.151614166666666,10.16923343878895,0,1,0.0,6,1,http_get_flood,1
3.25249,4,0.0,1.2298269940876068,0.0,0.0,0.0,1.0841633333333336,1.8778233789604208,0,1,0.0,6,0,udp_flood,1
0.000216,4,123.0,18518.51851851852,569444.4444444445,33.8,19.979989989987484,7.2e-05,0.00012037856952132301,0,0,0.0,6,1,benign,0
0.041106,2,0.0,48.65469761105435,0.0,0.0,0.0,0.041106,0.0,0,0,1.0,6,1,benign,0
111.983809,88,7868.0,0.7858278869581942,70.260156983944,88.92134831460675,192.3809091312373,1.2871702183908054,7.5318439107860105,0,0,1.0,6,1,benign,0
2e-06,2,1040.0,1000000.0,520000000.0,520.0,0.0,2e-06,0.0,0,0,0.0,17,6,slowloris_low_rate,1
1e-06,2,0.0,2000000.0,0.0,0.0,0.0,1e-06,0.0,0,1,0.0,6,1,syn_flood,1
117.111365,62,12698.0,0.5294106169798294,108.42670990983667,201.5555555555556,475.155960059356,1.919858442622951,10.443883988475934,0,1,0.0,6,1,benign,0
0.000164,3,0.0,18292.682926829268,0.0,0.0,0.0,8.2e-05,0.0001131370849898476,0,0,2.0,6,1,benign,0
0.001709,60,26400.0,35108.25043885313,15447630.193095377,440.0,0.0,2.8966101694915252e-05,4.7752221866232505e-05,0,0,0.0,17,4,icmp_flood,1
2e-06,2,1002.0,1000000.0,501000000.0,501.0,0.0,2e-06,0.0,0,0,0.0,17,8,pulsed_mixed_flood,1
1e-06,2,880.0,2000000.0,880000000.0,440.0,0.0,1e-06,0.0,0,0,0.0,17,4,icmp_flood,1
1e-06,2,0.0,2000000.0,0.0,0.0,0.0,1e-06,0.0,0,1,0.0,6,0,udp_flood,1
0.001568,6,2654.0,3826.5306122448974,1692602.0408163266,438.8571428571429,29.74574799546185,0.00031360000000000003,0.0006054967382240799,0,0,0.0,17,8,pulsed_mixed_flood,1
0.020608,4,132.0,194.0993788819876,6405.279503105589,31.4,8.763560920082657,0.006869333333333334,0.01189283823707921,0,0,1.0,17,1,benign,0
0.000175,2,0.0,11428.571428571431,0.0,0.0,0.0,0.000175,0.0,0,0,1.0,6,1,http_get_flood,1
1e-06,2,2944.0,2000000.0,2944000000.0,1472.0,0.0,1e-06,0.0,0,0,0.0,17,6,slowloris_low_rate,1
7.179911,10,0.0,1.3927749243688397,0.0,0.0,0.0,0.7977678888888888,1.420511266529101,0,1,4.0,6,1,benign,0
0.020572,4,334.0,194.4390433599066,16235.660120552207,73.8,53.12908807800111,0.006857333333333334,0.01187291962127822,0,0,1.0,17,1,benign,0
0.02156,3,0.0,139.1465677179963,0.0,0.0,0.0,0.01078,0.015240979561694843,0,0,2.0,6,1,benign,0
4.9e-05,2,2944.0,40816.32653061225,60081632.65306122,1472.0,0.0,4.9e-05,0.0,0,0,0.0,17,3,dns_amplification,1
2.2e-05,5,62.0,227272.7272727273,2818181.8181818184,10.333333333333334,16.00833116432399,5.5e-06,8.34665601703261e-06,0,0,0.0,6,1,benign,0
0.020835,4,62.0,191.9846412287017,2975.7619390448767,12.4,16.97939928266015,0.006945,0.012025628798528582,0,0,3.0,6,1,benign,0
0.000177,4,1786.0,22598.870056497177,10090395.48022599,442.6,21.36117974270148,5.9e-05,0.00010045894683899488,0,0,0.0,17,8,pulsed_mixed_flood,1
0.043452,13,1670.0,299.1807051459081,38433.21366105128,119.28571428571428,195.8309430140146,0.003621,0.008088833121824636,0,1,0.0,6,1,benign,0
1e-06,2,802.0,2000000.0,802000000.0,401.0,0.0,1e-06,0.0,0,0,0.0,17,8,pulsed_mixed_flood,1
112.392025,18,491.0,0.160153711973781,4.368637365507028,28.26315789473684,22.434700565723723,6.6112955882352935,18.637355551182736,0,0,0.0,6,1,benign,0
0.024762,4,280.0,161.53784023907602,11307.64881673532,63.8,33.9587985653203,0.008254,0.014292017247400732,0,0,1.0,17,1,benign,0
0.000218,3,0.0,13761.467889908256,0.0,0.0,0.0,0.000109,0.00015132085117392118,0,0,2.0,6,1,benign,0
1e-06,2,2944.0,2000000.0,2944000000.0,1472.0,0.0,1e-06,0.0,0,0,0.0,17,3,dns_amplification,1
7.3e-05,3,0.0,41095.890410958906,0.0,0.0,0.0,3.65e-05,4.737615433949868e-05,0,0,2.0,6,1,benign,0
0.02056,4,230.0,194.5525291828794,11186.770428015565,52.4,27.933850432763467,0.006853333333333334,0.011865125382116001,0,0,1.0,17,1,benign,0
32.300833,6,0.0,0.1857537234411261,0.0,0.0,0.0,6.4601666,8.973099774639882,0,1,0.0,6,0,udp_flood,1
0.020629,4,356.0,193.90178874400115,17257.259198216103,78.2,59.15403621055794,0.006876333333333334,0.011904962550690085,0,0,1.0,17,1,benign,0
0.120983,2,0.0,16.531248191894733,0.0,0.0,0.0,0.120983,0.0,0,0,1.0,6,1,benign,0
1e-06,2,2944.0,2000000.0,2944000000.0,1472.0,0.0,1e-06,0.0,0,0,0.0,17,3,dns_amplification,1
1e-06,2,2944.0,2000000.0,2944000000.0,1472.0,0.0,1e-06,0.0,0,0,0.0,17,3,dns_amplification,1
0.010672,200,88000.0,18740.629685157423,8245877.061469266,440.0,0.0,5.362814070351758e-05,9.553354909183008e-05,0,0,0.0,17,4,icmp_flood,1
0.044739,4,496.0,89.40745211113347,11086.524061780548,115.8,44.913249715423625,0.014913,0.02582660961101941,0,0,1.0,17,1,benign,0
3e-06,2,2944.0,666666.6666666665,981333333.3333333,1472.0,0.0,3e-06,0.0,0,0,0.0,17,0,udp_flood,1
0.020841,4,410.0,191.929369991843,19672.76042416391,91.4,60.79720388307344,0.006947,0.01202822684355429,0,0,1.0,17,1,benign,0
1e-06,2,0.0,2000000.0,0.0,0.0,0.0,1e-06,0.0,0,1,0.0,6,1,syn_flood,1
1e-06,2,0.0,2000000.0,0.0,0.0,0.0,1e-06,0.0,0,1,0.0,6,1,syn_flood,1
1e-06,2,2896.0,2000000.0,2896000000.0,1448.0,0.0,1e-06,0.0,0,0,0.0,17,3,dns_amplification,1
0.061752,2,0.0,32.38761497603316,0.0,0.0,0.0,0.061752,0.0,0,0,1.0,6,1,benign,0
1e-06,2,2944.0,2000000.0,2944000000.0,1472.0,0.0,1e-06,0.0,0,0,0.0,17,6,slowloris_low_rate,1
0.000242,4,0.0,16528.92561983471,0.0,0.0,0.0,8.066666666666667e-05,8.656981768106787e-05,0,0,3.0,6,1,benign,0
0.108023,4,1398.0,37.02915119928164,12941.688344148934,345.6,21.36117974270148,0.036007666666666674,0.06236537607786338,0,0,0.0,17,8,pulsed_mixed_flood,1
0.000103,3,0.0,29126.213592233013,0.0,0.0,0.0,5.15e-05,6.85893577750951e-05,0,0,2.0,6,1,http_get_flood,1
0.666645,30,16238.0,45.00146254753279,24357.791628227915,523.8064516129033,838.9344996027139,0.02298775862068966,0.05130343208698557,0,1,0.0,6,1,benign,0
0.000149,20,8800.0,134228.18791946312,59060402.68456376,440.0,0.0,7.842105263157895e-06,1.670416833506182e-05,0,0,0.0,17,4,icmp_flood,1
0.000409,36,15840.0,88019.55990220049,38728606.35696822,440.0,0.0,1.1685714285714288e-05,1.9192172774293155e-05,0,0,0.0,17,4,icmp_flood,1
0.020631,4,184.0,193.88299161456055,8918.617614269788,43.2,15.336231610144653,0.006877,0.011906983287130288,0,0,1.0,17,1,benign,0
0.020832,4,536.0,192.0122887864824,25729.64669738864,117.6,89.82649943084725,0.006944,0.012022164655335578,0,0,1.0,17,1,benign,0
0.02452,4,188.0,163.1321370309951,7667.21044045677,45.4,8.763560920082657,0.008173333333333335,0.014154896549722051,0,0,1.0,17,1,benign,0
0.020674,4,196.0,193.47973299796843,9480.506916900456,47.4,8.763560920082657,0.0068913333333333335,0.011930943312803616,0,0,1.0,17,1,benign,0
1e-06,2,2944.0,2000000.0,2944000000.0,1472.0,0.0,1e-06,0.0,0,0,0.0,17,3,dns_amplification,1
0.020627,4,220.0,193.92058951859207,10665.632423522567,50.2,26.290682760247968,0.006875666666666666,0.011907271951766845,0,0,1.0,17,1,benign,0
0.21399,6,2088.0,28.038693396887695,9757.465302116923,344.1428571428572,33.61759743263722,0.042798,0.058638614521490884,0,0,0.0,17,0,udp_flood,1
2e-06,2,2944.0,1000000.0,1472000000.0,1472.0,0.0,2e-06,0.0,0,0,0.0,17,3,dns_amplification,1
1e-06,2,2944.0,2000000.0,2944000000.0,1472.0,0.0,1e-06,0.0,0,0,0.0,17,6,slowloris_low_rate,1
0.020793,4,232.0,192.3724330303468,11157.601115760111,56.4,8.763560920082657,0.006931,0.01200138004564475,0,0,1.0,17,1,benign,0
4.6e-05,2,2944.0,43478.260869565216,64000000.0,1472.0,0.0,4.6e-05,0.0,0,0,0.0,17,3,dns_amplification,1
18.574596,4,0.0,0.2153478869742308,0.0,0.0,0.0,6.191532,10.72404626863774,0,1,0.0,6,0,udp_flood,1
0.102346,2,0.0,19.541555116956207,0.0,0.0,0.0,0.102346,0.0,0,0,1.0,6,1,benign,0
0.072727,24,10560.0,330.00123750464064,145200.54450204188,440.0,0.0,0.003162043478260869,0.004065800250853686,0,0,0.0,17,4,icmp_flood,1
0.000302,5,154.0,16556.29139072848,509933.774834437,33.333333333333336,17.90716802475106,7.55e-05,0.000147002267556207,0,0,0.0,6,1,benign,0
2e-06,3,910.0,1500000.0,455000000.0,447.25,498.7025666667458,1e-06,0.0,0,0,0.0,6,1,benign,0
0.020854,4,228.0,191.80972475304495,10933.154310923564,54.2,15.336231610144653,0.006951333333333334,0.012038330462872886,0,0,1.0,17,1,benign,0
80.979534,16,0.0,0.1975807862761966,0.0,0.0,0.0,5.398635600000001,6.905599098311733,0,1,0.0,6,1,syn_flood,1
4.9e-05,2,2944.0,40816.32653061225,60081632.65306122,1472.0,0.0,4.9e-05,0.0,0,0,0.0,17,3,dns_amplification,1
0.028318,2,0.0,70.62645667066883,0.0,0.0,0.0,0.028318,0.0,0,0,1.0,6,1,benign,0
0.02117,4,536.0,188.9466225791214,25318.847425602267,117.6,89.82649943084725,0.007056666666666666,0.01221904113804898,0,0,1.0,17,1,benign,0
2e-06,2,2944.0,1000000.0,1472000000.0,1472.0,0.0,2e-06,0.0,0,0,0.0,17,3,dns_amplification,1
3e-06,3,62.0,1000000.0,20666666.666666668,23.25,15.5,1.5e-06,7.071067811865476e-07,0,0,0.0,6,1,benign,0
4.9e-05,2,0.0,40816.32653061225,0.0,0.0,0.0,4.9e-05,0.0,0,1,0.0,6,1,syn_flood,1
35.61314,17,8.0,0.4773518987654557,0.224636187654332,0.5000000000000001,0.5144957554275266,2.22582125,4.091558704552183,0,0,0.0,6,1,benign,0
2e-06,2,766.0,1000000.0,383000000.0,383.0,0.0,2e-06,0.0,0,0,0.0,17,8,pulsed_mixed_flood,1
7.125401,10,0.0,1.40342978591661,0.0,0.0,0.0,0.791711222222222,1.4021344188315878,0,1,4.0,6,1,benign,0
60.940366,62,17996.0,1.017388047849926,295.3050856307624,285.6507936507936,648.0498327794622,0.9990223934426229,2.9891839260443325,0,1,1.0,6,1,benign,0
0.020769,4,196.0,192.5947325340652,9437.141894169195,47.4,8.763560920082657,0.006923,0.011985791588376631,0,0,1.0,17,1,benign,0
0.05466,2,0.0,36.589828027808274,0.0,0.0,0.0,0.05466,0.0,0,0,1.0,6,1,benign,0
1e-06,2,750.0,2000000.0,750000000.0,375.0,0.0,1e-06,0.0,0,0,0.0,17,0,udp_flood,1
0.020609,4,512.0,194.08996069678292,24843.514969188214,115.2,70.10848736066126,0.006869666666666666,0.011893415545306292,0,0,1.0,17,1,benign,0
2e-06,2,2944.0,1000000.0,1472000000.0,1472.0,0.0,2e-06,0.0,0,0,0.0,17,6,slowloris_low_rate,1
2e-06,2,2896.0,1000000.0,1448000000.0,1448.0,0.0,2e-06,0.0,0,0,0.0,17,3,dns_amplification,1
0.211547,6,2088.0,28.36249155034106,9870.147059518687,344.1428571428572,33.61759743263722,0.042309400000000004,0.05799274156995856,0,0,0.0,17,8,pulsed_mixed_flood,1
0.020572,4,184.0,194.4390433599066,8944.195994555706,43.2,15.336231610144653,0.006857333333333334,0.011872053585346272,0,0,1.0,17,1,benign,0
1e-06,2,2736.0,2000000.0,2736000000.0,1368.0,0.0,1e-06,0.0,0,0,0.0,17,3,dns_amplification,1
7.199977,10,0.0,1.3888933256314568,0.0,0.0,0.0,0.7999974444444445,1.4295956972182826,0,1,4.0,6,1,benign,0
101.359397,12,0.0,0.1183906017120445,0.0,0.0,0.0,9.214490636363637,11.66651777401612,0,1,0.0,6,1,syn_flood,1
1e-06,2,0.0,2000000.0,0.0,0.0,0.0,1e-06,0.0,0,1,0.0,6,1,syn_flood,1
31.543709,10,0.0,0.3170204239457065,0.0,0.0,0.0,3.5048565555555555,10.514424541837132,0,1,0.0,6,1,http_get_flood,1
0.020909,4,402.0,191.3051795877373,19226.170548567607,89.6,59.70175876806311,0.006969666666666666,0.01206662062606318,0,0,1.0,17,1,benign,0
0.000163,2,0.0,12269.938650306747,0.0,0.0,0.0,0.000163,0.0,0,0,1.0,6,1,http_get_flood,1
0.109195,4,1398.0,36.6317139063144,12802.78401025688,345.6,21.36117974270148,0.03639833333333333,0.06304289662074017,0,0,0.0,17,8,pulsed_mixed_flood,1
0.000693,8,3520.0,11544.011544011542,5079365.079365078,440.0,0.0,9.9e-05,0.00023752122712156345,0,0,0.0,17,4,icmp_flood,1
117.13583,38,2720.0,0.3244097045284948,23.22090516625016,72.97435897435899,104.50119293690464,3.1658332432432434,13.386922259318112,0,0,1.0,6,1,benign,0
0.000239,3,0.0,12552.301255230124,0.0,0.0,0.0,0.0001195,0.00016475588001646556,0,0,2.0,6,1,benign,0
5.020332,15,3150.0,2.987850205922636,627.4485432437536,196.875,381.7948620223518,0.35859514285714283,1.3373040175463733,0,1,0.0,6,1,http_get_flood,1
0.02072,4,224.0,193.05019305019303,10810.810810810812,50.6,29.57701810527897,0.006906666666666666,0.011958367461043055,0,0,1.0,17,1,benign,0
1e-06,2,2944.0,2000000.0,2944000000.0,1472.0,0.0,1e-06,0.0,0,0,0.0,17,6,slowloris_low_rate,1
4.9e-05,2,2944.0,40816.32653061225,60081632.65306122,1472.0,0.0,4.9e-05,0.0,0,0,0.0,17,3,dns_amplification,1
15.353246,30,14132.0,1.9539841933100008,920.4568206618976,455.8709677419354,849.4314860319023,0.529422275862069,2.039849586741173,0,1,1.0,6,1,benign,0
0.000152,3,0.0,19736.84210526316,0.0,0.0,0.0,7.6e-05,0.00010323759005323591,0,0,2.0,6,1,http_get_flood,1
9.8e-05,3,0.0,30612.244897959183,0.0,0.0,0.0,4.9e-05,6.505382386916237e-05,0,0,2.0,6,1,benign,0
1e-06,2,2944.0,2000000.0,2944000000.0,1472.0,0.0,1e-06,0.0,0,0,0.0,17,3,dns_amplification,1
0.020607,4,286.0,194.1087979812685,13878.779055660698,65.4,33.411076007815126,0.006869,0.011892260844767912,0,0,1.0,17,1,benign,0
0.109183,4,1398.0,36.63573999615325,12804.19112865556,345.6,21.36117974270148,0.03639433333333333,0.06303510239012335,0,0,0.0,17,8,pulsed_mixed_flood,1
2e-06,2,2896.0,1000000.0,1448000000.0,1448.0,0.0,2e-06,0.0,0,0,0.0,17,6,slowloris_low_rate,1
1e-06,2,0.0,2000000.0,0.0,0.0,0.0,1e-06,0.0,0,1,0.0,6,1,syn_flood,1
0.020548,4,288.0,194.66614755693985,14015.962624099671,64.2,42.72235948540296,0.006849333333333334,0.011858197221050646,0,0,1.0,17,1,benign,0
1e-06,2,2944.0,2000000.0,2944000000.0,1472.0,0.0,1e-06,0.0,0,0,0.0,17,6,slowloris_low_rate,1
2e-06,2,750.0,1000000.0,375000000.0,375.0,0.0,2e-06,0.0,0,0,0.0,17,8,pulsed_mixed_flood,1
0.000162,3,0.0,18518.51851851852,0.0,0.0,0.0,8.1e-05,0.0001103086578651014,0,0,2.0,6,1,benign,0
0.107758,4,1398.0,37.120213812431565,12973.51472744483,345.6,21.36117974270148,0.03591933333333333,0.062212378256528124,0,0,0.0,17,8,pulsed_mixed_flood,1
1e-06,2,2944.0,2000000.0,2944000000.0,1472.0,0.0,1e-06,0.0,0,0,0.0,17,3,dns_amplification,1
0.020785,4,362.0,192.44647582391147,17416.406062063987,81.8,47.651862502949456,0.006928333333333334,0.011998493294298801,0,0,1.0,17,1,benign,0
7.177635,10,0.0,1.3932165678527817,0.0,0.0,0.0,0.797515,1.4197759557115868,0,1,4.0,6,1,benign,0
0.020682,4,290.0,193.40489314379656,14021.854752925248,66.6,32.3156308928048,0.006894,0.011936428150833062,0,0,1.0,17,1,benign,0
0.020686,4,208.0,193.36749492410328,10055.10973605337,50.4,8.763560920082657,0.006895333333333334,0.011937871516033892,0,0,1.0,17,1,benign,0
33.914713,6,0.0,0.1769143675194892,0.0,0.0,0.0,6.782942599999999,9.79388141233997,0,1,0.0,6,0,udp_flood,1
0.041084,2,0.0,48.680751630805176,0.0,0.0,0.0,0.041084,0.0,0,0,1.0,6,1,benign,0
3e-06,2,2928.0,666666.6666666665,976000000.0,1464.0,0.0,3e-06,0.0,0,0,0.0,17,6,slowloris_low_rate,1
0.105807,4,1438.0,37.80468210987932,13590.78321850161,353.6,32.3156308928048,0.035269,0.06108683390878923,0,0,0.0,17,8,pulsed_mixed_flood,1
1e-06,2,2912.0,2000000.0,2912000000.0,1456.0,0.0,1e-06,0.0,0,0,0.0,17,6,slowloris_low_rate,1
0.000103,3,0.0,29126.213592233013,0.0,0.0,0.0,5.15e-05,7.000357133746821e-05,0,0,2.0,6,1,http_get_flood,1
1e-06,2,0.0,2000000.0,0.0,0.0,0.0,1e-06,0.0,0,1,0.0,6,0,udp_flood,1
5.1e-05,2,2928.0,39215.68627450981,57411764.70588236,1464.0,0.0,5.1e-05,0.0,0,0,0.0,17,6,slowloris_low_rate,1
5e-05,2,2944.0,40000.0,58880000.0,1472.0,0.0,5e-05,0.0,0,0,0.0,17,6,slowloris_low_rate,1
0.020752,4,156.0,192.7525057825752,7517.347725520432,37.4,8.763560920082657,0.006917333333333334,0.011976842669641,0,0,1.0,17,1,benign,0
1e-06,2,0.0,2000000.0,0.0,0.0,0.0,1e-06,0.0,0,1,0.0,6,1,syn_flood,1
0.000101,3,0.0,29702.970297029704,0.0,0.0,0.0,5.05e-05,6.85893577750951e-05,0,0,2.0,6,1,benign,0
2e-06,2,750.0,1000000.0,375000000.0,375.0,0.0,2e-06,0.0,0,0,0.0,17,8,pulsed_mixed_flood,1
0.020893,4,536.0,191.45168238165888,25654.525439142293,117.6,89.82649943084725,0.006964333333333334,0.012058249057526277,0,0,1.0,17,1,benign,0
1e-06,2,750.0,2000000.0,750000000.0,375.0,0.0,1e-06,0.0,0,0,0.0,17,8,pulsed_mixed_flood,1
2e-06,2,750.0,1000000.0,375000000.0,375.0,0.0,2e-06,0.0,0,0,0.0,17,8,pulsed_mixed_flood,1
0.02054,4,256.0,194.7419668938656,12463.4858812074,58.8,28.48157299026864,0.006846666666666666,0.011853578376732206,0,0,1.0,17,1,benign,0
0.046897,4,256.0,85.29330234343348,5458.771349979743,61.2,15.336231610144653,0.01563233333333333,0.027072531472570743,0,0,1.0,17,1,benign,0
1e-06,2,0.0,2000000.0,0.0,0.0,0.0,1e-06,0.0,0,1,0.0,6,1,syn_flood,1
0.108186,4,1438.0,36.97336069362024,13291.923169356478,353.6,32.3156308928048,0.036062,0.062459484171741284,0,0,0.0,17,8,pulsed_mixed_flood,1
4.6e-05,2,968.0,43478.260869565216,21043478.260869566,484.0,0.0,4.6e-05,0.0,0,0,0.0,17,8,pulsed_mixed_flood,1
1e-06,2,2944.0,2000000.0,2944000000.0,1472.0,0.0,1e-06,0.0,0,0,0.0,17,3,dns_amplification,1
1e-06,2,2944.0,2000000.0,2944000000.0,1472.0,0.0,1e-06,0.0,0,0,0.0,17,3,dns_amplification,1
0.003966,124,54560.0,31265.75895108421,13756933.938477054,440.0,0.0,3.2243902439024377e-05,5.360180163711386e-05,0,0,0.0,17,4,icmp_flood,1
4.910334,21,6030.0,4.276694823610777,1228.022370779666,274.09090909090907,420.2082147256809,0.24551669999999995,1.094862418416223,0,1,0.0,6,1,http_get_flood,1
1e-06,2,2944.0,2000000.0,2944000000.0,1472.0,0.0,1e-06,0.0,0,0,0.0,17,3,dns_amplification,1
0.000496,5,154.0,10080.645161290322,310483.87096774194,33.333333333333336,17.90716802475106,0.000124,0.00024333515981049683,0,0,0.0,6,1,benign,0
4.8e-05,2,0.0,41666.66666666666,0.0,0.0,0.0,4.8e-05,0.0,0,1,0.0,6,0,udp_flood,1
0.000191,3,0.0,15706.806282722511,0.0,0.0,0.0,9.55e-05,0.00013222896808188435,0,0,2.0,6,1,benign,0
0.000346,64,27584.0,184971.09826589597,79722543.35260116,431.1384615384615,50.12231193636377,5.4920634920634915e-06,1.1908079414865458e-05,0,0,0.0,17,4,icmp_flood,1
87.876157,8,0.0,0.091037208192889,0.0,0.0,0.0,12.553736714285712,19.68161183409144,0,0,0.0,17,1,benign,0
0.00016,3,0.0,18750.0,0.0,0.0,0.0,8e-05,0.00010889444430272828,0,0,2.0,6,1,benign,0
2e-06,2,2944.0,1000000.0,1472000000.0,1472.0,0.0,2e-06,0.0,0,0,0.0,17,6,slowloris_low_rate,1
4.9e-05,3,0.0,61224.48979591838,0.0,0.0,0.0,2.45e-05,3.4648232278140824e-05,0,0,0.0,6,1,benign,0
1e-06,2,2944.0,2000000.0,2944000000.0,1472.0,0.0,1e-06,0.0,0,0,0.0,17,6,slowloris_low_rate,1
5.1e-05,6,2660.0,117647.0588235294,52156862.74509804,440.4285714285714,23.957303290487022,1.0199999999999999e-05,2.0571825392998066e-05,0,0,0.0,17,8,pulsed_mixed_flood,1
0.041033,4,0.0,97.48251407403797,0.0,0.0,0.0,0.013677666666666668,0.02368781552472353,0,0,3.0,6,1,benign,0
0.054822,2,0.0,36.48170442523074,0.0,0.0,0.0,0.054822,0.0,0,0,1.0,6,1,benign,0
1e-06,2,0.0,2000000.0,0.0,0.0,0.0,1e-06,0.0,0,1,0.0,6,0,udp_flood,1
2e-06,2,602.0,1000000.0,301000000.0,301.0,0.0,2e-06,0.0,0,0,0.0,17,3,dns_amplification,1
3.997911,15,3032.0,3.7519594608284175,758.3960723487842,189.5,375.9957446567713,0.2855650714285714,1.0681349504669315,0,1,0.0,6,1,http_get_flood,1
1e-06,2,880.0,2000000.0,880000000.0,440.0,0.0,1e-06,0.0,0,0,0.0,17,4,icmp_flood,1
0.674774,9,966.0,13.337799026044276,1431.590428795419,96.6,203.65068131484364,0.08434675,0.2169975896796684,0,1,0.0,6,1,benign,0
1e-06,2,2944.0,2000000.0,2944000000.0,1472.0,0.0,1e-06,0.0,0,0,0.0,17,3,dns_amplification,1
0.000781,4,123.0,5121.638924455826,157490.39692701664,33.8,19.979989989987484,0.0002603333333333334,0.00044744645862196,0,0,0.0,6,1,benign,0
0.020543,4,244.0,194.71352772233848,11877.525191062648,55.8,28.48157299026864,0.006847666666666666,0.011856176463486589,0,0,1.0,17,1,benign,0
2e-06,2,2944.0,1000000.0,1472000000.0,1472.0,0.0,2e-06,0.0,0,0,0.0,17,8,pulsed_mixed_flood,1
4.6e-05,2,2944.0,43478.260869565216,64000000.0,1472.0,0.0,4.6e-05,0.0,0,0,0.0,17,3,dns_amplification,1
18.145422,7,0.0,0.3857722350023053,0.0,0.0,0.0,3.0242370000000003,7.4077561882856005,0,1,0.0,6,1,http_get_flood,1
0.984424,20,7242.0,20.316449009776274,7356.586186439989,360.1428571428572,30.703885282298888,0.05181178947368421,0.05612632849561478,0,0,0.0,17,8,pulsed_mixed_flood,1
0.020663,4,694.0,193.5827324202681,33586.60407491652,145.2,155.005483773962,0.006887666666666666,0.011928056561457668,0,0,1.0,17,1,benign,0
0.043312,13,1668.0,300.1477650535648,38511.26708533432,119.14285714285715,195.58781507699655,0.0036093333333333338,0.008099356903015465,0,1,0.0,6,1,benign,0
1e-06,2,2944.0,2000000.0,2944000000.0,1472.0,0.0,1e-06,0.0,0,0,0.0,17,3,dns_amplification,1
15.152447,19,1286.0,1.2539228812349583,84.87078027727138,64.30000000000001,151.44083437365722,0.8418026111111112,2.5166319347264428,0,1,0.0,6,1,benign,0
1e-06,2,2944.0,2000000.0,2944000000.0,1472.0,0.0,1e-06,0.0,0,0,0.0,17,3,dns_amplification,1
0.000156,3,0.0,19230.76923076923,0.0,0.0,0.0,7.8e-05,0.00010748023074035523,0,0,2.0,6,1,benign,0
4e-06,3,0.0,750000.0,0.0,0.0,0.0,2e-06,1.4142135623730952e-06,0,0,0.0,6,1,benign,0
1e-06,2,880.0,2000000.0,880000000.0,440.0,0.0,1e-06,0.0,0,0,0.0,17,4,icmp_flood,1
0.000153,3,0.0,19607.843137254906,0.0,0.0,0.0,7.65e-05,0.0001081873375215418,0,0,2.0,6,1,benign,0
0.004959,24,10272.0,4839.685420447671,2071385.3599516032,428.48,39.87179454200676,0.000215608695652174,0.0003223780585713323,0,0,0.0,17,4,icmp_flood,1
114.375872,39,0.0,0.3409810069032741,0.0,0.0,0.0,3.009891368421052,4.492825705049025,0,0,0.0,17,1,benign,0
4.9e-05,2,0.0,40816.32653061225,0.0,0.0,0.0,4.9e-05,0.0,0,1,0.0,6,1,syn_flood,1
0.000103,3,0.0,29126.213592233013,0.0,0.0,0.0,5.15e-05,7.14177848998413e-05,0,0,2.0,6,1,benign,0
1e-06,2,2944.0,2000000.0,2944000000.0,1472.0,0.0,1e-06,0.0,0,0,0.0,17,3,dns_amplification,1
30.576922,43,12100.0,1.406289357705789,395.7232843776754,275.00000000000006,638.5618288798082,0.7280219523809524,2.602247665304005,0,1,1.0,6,1,benign,0
100.663998,54,2302.0,0.5364380619971004,22.86815590217269,41.85454545454545,153.8344971885452,1.8993207169811321,3.9454271026882033,0,1,0.0,6,1,benign,0
4.8e-05,2,0.0,41666.66666666666,0.0,0.0,0.0,4.8e-05,0.0,0,1,0.0,6,1,syn_flood,1
0.000267,18,7776.0,67415.73033707865,29123595.50561798,432.4210526315789,22.70172727024601,1.570588235294118e-05,2.913066405414224e-05,0,0,0.0,17,4,icmp_flood,1
1e-06,2,0.0,2000000.0,0.0,0.0,0.0,1e-06,0.0,0,1,0.0,6,1,syn_flood,1
0.020565,4,196.0,194.5052273279844,9530.756139071238,47.4,8.763560920082657,0.006855,0.011868012133461949,0,0,1.0,17,1,benign,0
0.000234,3,0.0,12820.51282051282,0.0,0.0,0.0,0.000117,0.00016404877323527897,0,0,2.0,6,1,benign,0
0.13308,25,8343.0,187.8569281635107,62691.614066726775,320.8846153846153,677.313536077529,0.005545,0.010809546867388144,0,1,0.0,6,1,benign,0
0.020582,4,264.0,194.34457292780095,12826.741813234865,60.4,30.672463220289305,0.006860666666666666,0.011876961157355589,0,0,1.0,17,1,benign,0
0.10773,4,1398.0,37.129861691265205,12976.886661097187,345.6,21.36117974270148,0.03591,0.06219621244899082,0,0,0.0,17,8,pulsed_mixed_flood,1
59.099202,64,4392.0,1.0829249437242825,74.31572426307889,68.27692307692307,97.83843628852934,0.9380825714285715,7.388800239594486,0,0,1.0,6,1,benign,0
1e-06,2,2896.0,2000000.0,2896000000.0,1448.0,0.0,1e-06,0.0,0,0,0.0,17,3,dns_amplification,1
1e-06,2,0.0,2000000.0,0.0,0.0,0.0,1e-06,0.0,0,1,0.0,6,1,syn_flood,1
0.125557,78,69420.0,621.2317911386859,552896.2941134304,878.7341772151901,1062.2665983020574,0.001630610389610389,0.004779836082731852,0,1,1.0,6,1,benign,0
30.299822,6,0.0,0.1980209652716772,0.0,0.0,0.0,6.0599644,8.400409109396506,0,1,0.0,6,0,udp_flood,1
0.214849,6,2088.0,27.926590302956964,9718.45342542902,344.1428571428572,33.61759743263722,0.0429698,0.05886726106844108,0,0,0.0,17,8,pulsed_mixed_flood,1
1e-06,2,0.0,2000000.0,0.0,0.0,0.0,1e-06,0.0,0,1,0.0,6,0,udp_flood,1
0.000247,4,0.0,16194.331983805669,0.0,0.0,0.0,8.233333333333333e-05,8.100823003456706e-05,0,0,3.0,6,1,benign,0
1e-06,2,2944.0,2000000.0,2944000000.0,1472.0,0.0,1e-06,0.0,0,0,0.0,17,3,dns_amplification,1
1e-06,2,2944.0,2000000.0,2944000000.0,1472.0,0.0,1e-06,0.0,0,0,0.0,17,6,slowloris_low_rate,1
0.108807,4,1438.0,36.76234065822971,13216.06146663358,353.6,32.3156308928048,0.036269,0.06281801868890804,0,0,0.0,17,8,pulsed_mixed_flood,1
0.020534,4,262.0,194.79887016655303,12759.325995909225,61.4,22.456624857711805,0.0068446666666666664,0.01185011427511707,0,0,1.0,17,1,benign,0
0.000198,3,0.0,15151.515151515152,0.0,0.0,0.0,9.9e-05,0.0001357645019878171,0,0,2.0,6,1,benign,0
0.989201,20,7242.0,20.21833783022864,7321.060128325791,360.1428571428572,30.703885282298888,0.052063210526315795,0.056384691967648004,0,0,0.0,17,8,pulsed_mixed_flood,1
1e-06,2,766.0,2000000.0,766000000.0,383.0,0.0,1e-06,0.0,0,0,0.0,17,8,pulsed_mixed_flood,1
0.040118,4,0.0,99.70586769031355,0.0,0.0,0.0,0.013372666666666668,0.023159540028535403,0,0,3.0,6,1,benign,0
0.248599,4,0.0,16.09016930880655,0.0,0.0,0.0,0.08286633333333332,0.1435269675194642,0,0,0.0,6,1,benign,0
0.126954,20,2175.0,157.53737574239486,17132.189611985443,103.57142857142856,178.76928467400975,0.0066817894736842095,0.015394944547476714,0,1,0.0,6,1,benign,0
1e-06,2,0.0,2000000.0,0.0,0.0,0.0,1e-06,0.0,0,1,0.0,6,1,syn_flood,1
1e-06,2,0.0,2000000.0,0.0,0.0,0.0,1e-06,0.0,0,1,0.0,6,1,syn_flood,1
21.892962,114,10620.0,5.207152874060623,485.0873993203843,92.34782608695656,162.86099139193053,0.19374302654867254,2.013620162582217,0,1,0.0,6,1,benign,0
0.108911,4,1438.0,36.727236000036726,13203.441342013202,353.6,32.3156308928048,0.03630366666666667,0.06287806311690376,0,0,0.0,17,8,pulsed_mixed_flood,1
0.000158,3,0.0,18987.3417721519,0.0,0.0,0.0,7.9e-05,0.00010748023074035523,0,0,2.0,6,1,benign,0
0.044872,4,496.0,89.14244963451596,11053.663754679978,106.0,98.5900603509299,0.014957333333333333,0.02590166512665418,0,0,1.0,17,1,benign,0
4.9e-05,2,0.0,40816.32653061225,0.0,0.0,0.0,4.9e-05,0.0,0,1,0.0,6,1,syn_flood,1
1e-06,2,766.0,2000000.0,766000000.0,383.0,0.0,1e-06,0.0,0,0,0.0,17,8,pulsed_mixed_flood,1
1e-06,2,802.0,2000000.0,802000000.0,401.0,0.0,1e-06,0.0,0,0,0.0,17,8,pulsed_mixed_flood,1
1e-06,2,2544.0,2000000.0,2544000000.0,1272.0,0.0,1e-06,0.0,0,0,0.0,17,6,slowloris_low_rate,1
0.054894,3,0.0,54.650781506175534,0.0,0.0,0.0,0.027447,0.038814505432891964,0,0,2.0,6,1,benign,0
1e-06,2,31.0,2000000.0,31000000.0,20.666666666666664,17.8978583448784,1e-06,0.0,0,0,0.0,6,1,benign,0
1e-06,2,750.0,2000000.0,750000000.0,375.0,0.0,1e-06,0.0,0,0,0.0,17,8,pulsed_mixed_flood,1
1e-06,2,2736.0,2000000.0,2736000000.0,1368.0,0.0,1e-06,0.0,0,0,0.0,17,6,slowloris_low_rate,1
0.000143,3,0.0,20979.020979020977,0.0,0.0,0.0,7.15e-05,9.97020561473032e-05,0,0,2.0,6,1,benign,0
0.000554,30,12624.0,54151.62454873647,22787003.6101083,421.4193548387096,71.92253897703573,1.910344827586206e-05,2.7682311045640433e-05,0,0,0.0,17,4,icmp_flood,1
0.047266,4,256.0,84.62742774933355,5416.155375957347,61.2,15.336231610144653,0.015755333333333333,0.027283841671094145,0,0,1.0,17,1,benign,0
0.020555,4,196.0,194.59985405010943,9535.392848455363,46.2,15.336231610144653,0.006851666666666666,0.011860506622119196,0,0,1.0,17,1,benign,0
1e-06,2,0.0,2000000.0,0.0,0.0,0.0,1e-06,0.0,0,1,0.0,6,1,syn_flood,1
1e-06,2,2944.0,2000000.0,2944000000.0,1472.0,0.0,1e-06,0.0,0,0,0.0,17,6,slowloris_low_rate,1
1e-06,2,894.0,2000000.0,894000000.0,447.0,0.0,1e-06,0.0,0,0,0.0,17,3,dns_amplification,1
0.073686,18,4791.0,244.2797817767283,65019.13524957251,252.15789473684208,463.0872563756684,0.004334470588235295,0.008178883749614362,0,1,0.0,6,1,benign,0
4.9e-05,2,0.0,40816.32653061225,0.0,0.0,0.0,4.9e-05,0.0,0,1,0.0,6,1,syn_flood,1
2e-06,3,0.0,1500000.0,0.0,0.0,0.0,1e-06,0.0,0,0,0.0,6,1,benign,0
2e-06,2,802.0,1000000.0,401000000.0,401.0,0.0,2e-06,0.0,0,0,0.0,17,8,pulsed_mixed_flood,1
1e-06,2,750.0,2000000.0,750000000.0,375.0,0.0,1e-06,0.0,0,0,0.0,17,8,pulsed_mixed_flood,1
1e-06,2,2944.0,2000000.0,2944000000.0,1472.0,0.0,1e-06,0.0,0,0,0.0,17,6,slowloris_low_rate,1
4e-06,3,62.0,750000.0,15500000.0,23.25,15.5,2e-06,0.0,0,0,0.0,6,1,benign,0
0.014203,48,21120.0,3379.5676969654296,1487009.786664789,440.0,0.0,0.00030219148936170214,0.001068399425355474,0,0,0.0,17,4,icmp_flood,1
0.005308,46,19664.0,8666.164280331575,3704596.8349660886,427.74468085106383,58.76055615991068,0.00011795555555555556,0.0005258290836883457,0,0,0.0,17,4,icmp_flood,1
1e-06,2,0.0,2000000.0,0.0,0.0,0.0,1e-06,0.0,0,1,0.0,6,1,syn_flood,1
1e-06,2,0.0,2000000.0,0.0,0.0,0.0,1e-06,0.0,0,1,0.0,6,0,udp_flood,1
2e-06,2,2944.0,1000000.0,1472000000.0,1472.0,0.0,2e-06,0.0,0,0,0.0,17,6,slowloris_low_rate,1
1e-06,2,2944.0,2000000.0,2944000000.0,1472.0,0.0,1e-06,0.0,0,0,0.0,17,3,dns_amplification,1
14.340747,12,0.0,0.8367764942788545,0.0,0.0,0.0,1.3037042727272727,2.557269620279375,0,1,5.0,6,1,benign,0
1e-06,2,2944.0,2000000.0,2944000000.0,1472.0,0.0,1e-06,0.0,0,0,0.0,17,6,slowloris_low_rate,1
1e-06,2,776.0,2000000.0,776000000.0,388.0,0.0,1e-06,0.0,0,0,0.0,17,8,pulsed_mixed_flood,1
2e-06,2,2896.0,1000000.0,1448000000.0,1448.0,0.0,2e-06,0.0,0,0,0.0,17,3,dns_amplification,1
2e-06,2,880.0,1000000.0,440000000.0,440.0,0.0,2e-06,0.0,0,0,0.0,17,4,icmp_flood,1
0.047657,4,232.0,83.93310531506391,4868.120108273706,56.4,8.763560920082657,0.01588566666666667,0.027511317677154857,0,0,1.0,17,1,benign,0
0.000238,3,0.0,12605.04201680672,0.0,0.0,0.0,0.000119,0.00016546298679765212,0,0,2.0,6,1,benign,0
0.000165,3,0.0,18181.81818181818,0.0,0.0,0.0,8.25e-05,0.00011384419177103415,0,0,2.0,6,1,benign,0
1e-06,2,2944.0,2000000.0,2944000000.0,1472.0,0.0,1e-06,0.0,0,0,0.0,17,6,slowloris_low_rate,1
2e-06,2,2944.0,1000000.0,1472000000.0,1472.0,0.0,2e-06,0.0,0,0,0.0,17,3,dns_amplification,1
0.000117,3,0.0,25641.02564102564,0.0,0.0,0.0,5.85e-05,8.131727983645297e-05,0,0,2.0,6,1,benign,0
118.86262,278,130698.0,2.3388345301491755,1099.571925976392,468.4516129032258,777.0362553154947,0.4291069314079422,4.941280184999125,0,1,1.0,6,1,benign,0
1e-06,2,2944.0,2000000.0,2944000000.0,1472.0,0.0,1e-06,0.0,0,0,0.0,17,3,dns_amplification,1
0.020867,4,62.0,191.6902285905976,2971.1985431542626,12.4,16.97939928266015,0.006955666666666666,0.012044970001346344,0,0,3.0,6,1,benign,0
0.000257,64,27584.0,249027.2373540856,107330739.29961088,431.1384615384615,50.12231193636377,4.079365079365078e-06,1.0997509376836175e-05,0,0,0.0,17,4,icmp_flood,1
0.109051,4,1398.0,36.68008546459913,12819.689869877397,345.6,21.36117974270148,0.03635033333333333,0.06295889215459032,0,0,0.0,17,8,pulsed_mixed_flood,1
0.000189,3,0.0,15873.015873015873,0.0,0.0,0.0,9.45e-05,0.0001308147545195113,0,0,2.0,6,1,benign,0
0.001863,6,2352.0,3220.6119162640907,1262479.8711755234,398.8571428571428,70.2648052522944,0.0003726,0.0005794344656645823,0,0,0.0,17,4,icmp_flood,1
9.9e-05,4,0.0,40404.04040404041,0.0,0.0,0.0,3.3e-05,5.6293871780150284e-05,0,1,1.0,6,1,syn_flood,1
0.046236,4,184.0,86.51267410675663,3979.583008910805,43.2,15.336231610144653,0.015412,0.02669003692391601,0,0,1.0,17,1,benign,0
0.012652,100,44000.0,7903.888713246916,3477711.033828644,440.0,0.0,0.00012779797979797983,0.0006815971785984946,0,0,0.0,17,4,icmp_flood,1
1e-06,2,750.0,2000000.0,750000000.0,375.0,0.0,1e-06,0.0,0,0,0.0,17,8,pulsed_mixed_flood,1
0.142433,27,9519.0,189.56281198879472,66831.42249338285,339.9642857142857,635.064329324953,0.005478192307692308,0.01325560762852984,0,1,0.0,6,1,benign,0
6.016004,18,2232.0,2.992019287221219,371.0103916154312,124.05263157894736,1.025978352085153,0.35388258823529406,0.9987697556765812,0,0,0.0,17,1,benign,0
2e-06,2,2944.0,1000000.0,1472000000.0,1472.0,0.0,2e-06,0.0,0,0,0.0,17,6,slowloris_low_rate,1
0.119592,9,864.0,75.25586995785672,7224.563515954244,86.4,182.14719322569863,0.014949,0.02738724463791753,0,1,0.0,6,1,benign,0
1e-06,2,0.0,2000000.0,0.0,0.0,0.0,1e-06,0.0,0,1,0.0,6,1,syn_flood,1
3e-06,2,0.0,666666.6666666665,0.0,0.0,0.0,3e-06,0.0,0,1,0.0,6,0,udp_flood,1
118.514337,75,9158.0,0.6328348274015152,77.27335132457435,120.49999999999994,242.2240010128366,1.6015450945945948,3.583510305290872,0,1,0.0,6,1,benign,0
1e-06,2,2944.0,2000000.0,2944000000.0,1472.0,0.0,1e-06,0.0,0,0,0.0,17,6,slowloris_low_rate,1
0.000147,3,37.0,20408.163265306124,251700.68027210888,9.25,18.5,7.35e-05,0.0001025304832720494,0,0,2.0,6,1,benign,0
7.194379,10,0.0,1.3899740338950728,0.0,0.0,0.0,0.7993754444444445,1.4208145060534034,0,1,4.0,6,1,benign,0
0.032426,2,0.0,61.678899648430274,0.0,0.0,0.0,0.032426,0.0,0,0,1.0,6,1,benign,0
1e-06,2,2944.0,2000000.0,2944000000.0,1472.0,0.0,1e-06,0.0,0,0,0.0,17,3,dns_amplification,1
1e-06,2,802.0,2000000.0,802000000.0,401.0,0.0,1e-06,0.0,0,0,0.0,17,8,pulsed_mixed_flood,1
0.020749,4,328.0,192.78037495782928,15807.990746542002,74.2,42.72235948540296,0.006916333333333334,0.01197511061883494,0,0,1.0,17,1,benign,0
0.068529,4,280.0,58.369449430168245,4085.861460111777,63.6,35.05424368033063,0.022843,0.03956004044487317,0,0,1.0,17,1,benign,0
0.000118,3,0.0,25423.728813559326,0.0,0.0,0.0,5.9e-05,8.061017305526641e-05,0,0,2.0,6,1,http_get_flood,1
0.0912,2,0.0,21.929824561403507,0.0,0.0,0.0,0.0912,0.0,0,0,1.0,6,1,benign,0
